sale_date,category,units_sold,daily_revenue
2016-09-15,health_beauty,3,134.97
2016-10-03,fashion_shoes,1,29.99
2016-10-03,furniture_decor,2,194.8
2016-10-03,sports_leisure,2,58.39
2016-10-03,toys,1,128.9
2016-10-03,watches_gifts,1,29.9
2016-10-04,air_conditioning,4,749.6899999999999
2016-10-04,auto,1,9.9
2016-10-04,baby,3,279.79
2016-10-04,bed_bath_table,2,159.8
2016-10-04,computers_accessories,1,71.0
2016-10-04,consoles_games,3,1932.47
2016-10-04,cool_stuff,2,178.9
2016-10-04,fixed_telephony,1,199.0
2016-10-04,furniture_decor,14,1075.89
2016-10-04,garden_tools,1,179.9
2016-10-04,health_beauty,10,741.0999999999999
2016-10-04,housewares,3,289.70000000000005
2016-10-04,office_furniture,1,86.99
2016-10-04,perfumery,7,1164.3000000000002
2016-10-04,sports_leisure,3,698.89
2016-10-04,telephony,1,19.99
2016-10-04,toys,5,708.5899999999999
2016-10-05,air_conditioning,4,599.6
2016-10-05,auto,3,354.89
2016-10-05,baby,1,329.99
2016-10-05,bed_bath_table,1,169.9
2016-10-05,computers_accessories,3,143.88
2016-10-05,consoles_games,1,629.9
2016-10-05,fashio_female_clothing,1,54.9
2016-10-05,fashion_male_clothing,1,24.9
2016-10-05,fixed_telephony,1,149.99
2016-10-05,furniture_decor,8,387.71000000000004
2016-10-05,health_beauty,3,121.84
2016-10-05,industry_commerce_and_business,1,89.9
2016-10-05,market_place,6,467.4
2016-10-05,office_furniture,1,86.99
2016-10-05,perfumery,3,559.7
2016-10-05,sports_leisure,1,649.0
2016-10-05,telephony,3,109.69999999999999
2016-10-05,toys,6,1239.58
2016-10-06,auto,1,499.99
2016-10-06,baby,2,199.8
2016-10-06,bed_bath_table,1,59.9
2016-10-06,computers_accessories,1,20.9
2016-10-06,cool_stuff,2,206.8
2016-10-06,electronics,1,107.99
2016-10-06,fashion_bags_accessories,4,163.7
2016-10-06,fixed_telephony,1,79.99
2016-10-06,furniture_decor,5,278.78000000000003
2016-10-06,garden_tools,1,139.99
2016-10-06,health_beauty,6,370.67
2016-10-06,housewares,2,399.8
2016-10-06,market_place,2,225.9
2016-10-06,perfumery,7,1219.3
2016-10-06,pet_shop,2,209.8
2016-10-06,sports_leisure,3,153.70000000000002
2016-10-06,telephony,1,29.9
2016-10-06,toys,3,240.88
2016-10-06,watches_gifts,2,1282.17
2016-10-07,audio,1,132.0
2016-10-07,auto,2,101.49000000000001
2016-10-07,baby,3,227.70000000000002
2016-10-07,computers_accessories,2,180.45000000000002
2016-10-07,cool_stuff,3,660.4
2016-10-07,fixed_telephony,1,269.9
2016-10-07,furniture_decor,6,635.13
2016-10-07,garden_tools,1,590.0
2016-10-07,health_beauty,5,467.66
2016-10-07,housewares,3,329.70000000000005
2016-10-07,industry_commerce_and_business,1,89.9
2016-10-07,market_place,1,58.0
2016-10-07,office_furniture,1,129.97
2016-10-07,perfumery,6,857.3999999999999
2016-10-07,pet_shop,1,379.98
2016-10-07,sports_leisure,1,138.0
2016-10-07,telephony,1,18.9
2016-10-07,toys,5,808.77
2016-10-08,baby,2,333.89
2016-10-08,computers_accessories,3,198.79000000000002
2016-10-08,consoles_games,1,949.99
2016-10-08,diapers_and_hygiene,1,134.9
2016-10-08,fashion_bags_accessories,1,49.9
2016-10-08,furniture_decor,13,1290.07
2016-10-08,garden_tools,1,69.99
2016-10-08,health_beauty,6,1019.6899999999999
2016-10-08,housewares,2,189.89000000000001
2016-10-08,industry_commerce_and_business,2,179.8
2016-10-08,office_furniture,1,689.99
2016-10-08,perfumery,4,999.5999999999999
2016-10-08,sports_leisure,2,71.49000000000001
2016-10-08,watches_gifts,1,1399.0
2016-10-09,bed_bath_table,4,89.39
2016-10-09,computers_accessories,1,35.0
2016-10-09,fashion_bags_accessories,1,79.9
2016-10-09,furniture_decor,8,619.8799999999999
2016-10-09,garden_tools,1,380.0
2016-10-09,health_beauty,4,255.89000000000001
2016-10-09,housewares,1,44.99
2016-10-09,office_furniture,1,129.97
2016-10-09,perfumery,1,11.9
2016-10-09,sports_leisure,2,102.8
2016-10-09,toys,2,649.98
2016-10-10,audio,1,24.99
2016-10-10,auto,1,161.99
2016-10-10,computers_accessories,1,19.0
2016-10-10,consoles_games,2,107.0
2016-10-10,fashion_bags_accessories,2,79.8
2016-10-10,fixed_telephony,1,6.0
2016-10-10,food,1,79.9
2016-10-10,furniture_decor,9,1208.26
2016-10-10,health_beauty,6,462.4
2016-10-10,housewares,1,32.99
2016-10-10,market_place,2,163.99
2016-10-10,office_furniture,1,176.97
2016-10-10,perfumery,1,16.9
2016-10-10,pet_shop,1,99.9
2016-10-10,sports_leisure,3,139.88
2016-10-10,telephony,2,49.8
2016-10-10,toys,2,329.79999999999995
2016-12-23,fashion_bags_accessories,1,10.9
2017-01-05,auto,2,21.8
2017-01-05,baby,2,21.8
2017-01-05,fashion_bags_accessories,9,98.10000000000002
2017-01-05,furniture_bedroom,8,73.2
2017-01-05,garden_tools,1,65.0
2017-01-05,music,2,19.8
2017-01-05,pet_shop,5,42.5
2017-01-05,stationery,1,10.9
2017-01-05,toys,2,43.8
2017-01-06,consoles_games,1,109.9
2017-01-06,fixed_telephony,1,10.49
2017-01-06,health_beauty,1,636.0
2017-01-06,toys,1,159.99
2017-01-07,cool_stuff,2,798.0
2017-01-07,furniture_decor,1,34.9
2017-01-07,health_beauty,1,370.0
2017-01-07,watches_gifts,1,149.0
2017-01-08,bed_bath_table,1,68.9
2017-01-08,fashion_bags_accessories,1,129.99
2017-01-08,fixed_telephony,1,10.99
2017-01-08,garden_tools,1,239.9
2017-01-09,cool_stuff,1,349.99
2017-01-09,furniture_decor,2,77.0
2017-01-09,health_beauty,1,109.9
2017-01-09,pet_shop,1,7.9
2017-01-09,sports_leisure,1,129.0
2017-01-10,bed_bath_table,2,114.80000000000001
2017-01-10,cool_stuff,1,176.0
2017-01-10,furniture_decor,1,64.9
2017-01-10,garden_tools,1,380.0
2017-01-10,watches_gifts,1,699.17
2017-01-11,baby,1,119.9
2017-01-11,fixed_telephony,1,10.99
2017-01-11,furniture_decor,1,17.5
2017-01-11,garden_tools,3,1140.0
2017-01-11,small_appliances,1,97.99
2017-01-11,sports_leisure,1,209.9
2017-01-11,toys,1,129.99
2017-01-11,watches_gifts,1,129.0
2017-01-12,baby,1,59.9
2017-01-12,computers_accessories,4,402.90000000000003
2017-01-12,fashion_bags_accessories,1,33.9
2017-01-12,furniture_decor,5,574.5
2017-01-12,housewares,1,19.9
2017-01-12,small_appliances,1,377.0
2017-01-12,telephony,1,10.49
2017-01-13,bed_bath_table,1,69.9
2017-01-13,furniture_decor,2,159.8
2017-01-13,garden_tools,3,1140.0
2017-01-13,health_beauty,1,189.99
2017-01-13,housewares,1,498.99
2017-01-13,sports_leisure,1,113.0
2017-01-13,watches_gifts,1,279.0
2017-01-14,consoles_games,1,109.9
2017-01-14,fixed_telephony,3,80.78999999999999
2017-01-14,furniture_decor,9,498.4
2017-01-14,sports_leisure,3,187.8
2017-01-15,bed_bath_table,1,48.9
2017-01-15,cool_stuff,1,38.9
2017-01-15,fashion_bags_accessories,1,89.99
2017-01-15,furniture_decor,11,547.1
2017-01-15,garden_tools,2,760.0
2017-01-15,health_beauty,1,349.9
2017-01-15,sports_leisure,1,183.9
2017-01-15,telephony,2,20.98
2017-01-15,toys,1,159.9
2017-01-16,auto,3,970.39
2017-01-16,cool_stuff,1,629.0
2017-01-16,electronics,1,39.0
2017-01-16,fashion_bags_accessories,3,114.69999999999999
2017-01-16,fixed_telephony,4,238.98000000000002
2017-01-16,furniture_decor,5,445.5
2017-01-16,health_beauty,3,719.98
2017-01-16,pet_shop,1,74.5
2017-01-16,sports_leisure,1,28.0
2017-01-16,telephony,1,14.97
2017-01-17,auto,1,109.2
2017-01-17,baby,1,134.17
2017-01-17,bed_bath_table,1,48.9
2017-01-17,cool_stuff,1,66.9
2017-01-17,electronics,4,155.7
2017-01-17,fashion_bags_accessories,1,169.9
2017-01-17,fixed_telephony,2,21.98
2017-01-17,furniture_decor,7,598.9999999999999
2017-01-17,garden_tools,1,157.0
2017-01-17,health_beauty,1,349.9
2017-01-17,perfumery,3,93.7
2017-01-17,small_appliances,1,37.9
2017-01-17,sports_leisure,6,384.5
2017-01-17,toys,5,425.78
2017-01-17,watches_gifts,1,379.0
2017-01-18,auto,1,117.3
2017-01-18,baby,4,282.88
2017-01-18,bed_bath_table,1,68.9
2017-01-18,computers_accessories,3,240.70000000000002
2017-01-18,electronics,1,60.0
2017-01-18,fixed_telephony,1,10.99
2017-01-18,furniture_decor,7,292.39000000000004
2017-01-18,garden_tools,1,33.99
2017-01-18,health_beauty,3,613.89
2017-01-18,home_appliances_2,1,467.0
2017-01-18,housewares,1,173.85
2017-01-18,market_place,1,77.08
2017-01-18,pet_shop,1,70.83
2017-01-18,sports_leisure,2,152.9
2017-01-18,stationery,1,164.9
2017-01-18,toys,2,199.89000000000001
2017-01-18,watches_gifts,1,189.0
2017-01-19,auto,3,152.3
2017-01-19,baby,5,309.99
2017-01-19,bed_bath_table,3,289.3
2017-01-19,computers_accessories,1,84.9
2017-01-19,electronics,1,29.5
2017-01-19,fixed_telephony,1,10.99
2017-01-19,furniture_decor,13,1218.48
2017-01-19,health_beauty,1,145.0
2017-01-19,housewares,2,509.79999999999995
2017-01-19,market_place,1,62.9
2017-01-19,sports_leisure,2,698.99
2017-01-19,telephony,1,6.9
2017-01-19,toys,1,34.9
2017-01-20,auto,2,459.8
2017-01-20,baby,1,19.99
2017-01-20,bed_bath_table,1,124.9
2017-01-20,consoles_games,3,241.99
2017-01-20,cool_stuff,3,735.9
2017-01-20,electronics,1,249.9
2017-01-20,fashion_bags_accessories,1,54.9
2017-01-20,fashion_shoes,1,34.9
2017-01-20,furniture_decor,11,629.18
2017-01-20,garden_tools,1,105.99
2017-01-20,health_beauty,3,549.7
2017-01-20,sports_leisure,6,160.25
2017-01-20,stationery,4,318.44
2017-01-21,auto,1,19.0
2017-01-21,bed_bath_table,3,419.70000000000005
2017-01-21,computers_accessories,1,19.9
2017-01-21,consoles_games,2,279.98
2017-01-21,cool_stuff,1,15.8
2017-01-21,electronics,1,11.5
2017-01-21,fashion_male_clothing,1,126.9
2017-01-21,furniture_decor,16,867.0899999999998
2017-01-21,health_beauty,1,28.9
2017-01-21,sports_leisure,2,126.89000000000001
2017-01-21,stationery,5,398.05
2017-01-22,baby,1,40.0
2017-01-22,bed_bath_table,2,149.4
2017-01-22,consoles_games,1,689.89
2017-01-22,electronics,1,11.5
2017-01-22,fashion_underwear_beach,1,86.25
2017-01-22,fixed_telephony,2,90.0
2017-01-22,furniture_decor,9,657.58
2017-01-22,garden_tools,4,339.69000000000005
2017-01-22,health_beauty,6,1080.58
2017-01-22,housewares,1,14.5
2017-01-22,pet_shop,1,149.0
2017-01-22,sports_leisure,1,113.0
2017-01-22,toys,3,197.88
2017-01-23,agro_industry_and_commerce,2,43.98
2017-01-23,air_conditioning,2,299.8
2017-01-23,auto,1,595.99
2017-01-23,bed_bath_table,2,139.8
2017-01-23,computers_accessories,2,47.89
2017-01-23,consoles_games,1,329.9
2017-01-23,cool_stuff,3,117.0
2017-01-23,fashion_bags_accessories,5,299.59000000000003
2017-01-23,furniture_decor,12,274.08000000000004
2017-01-23,garden_tools,6,1155.95
2017-01-23,health_beauty,7,1206.3899999999999
2017-01-23,housewares,2,347.7
2017-01-23,pet_shop,1,135.9
2017-01-23,sports_leisure,3,1172.3600000000001
2017-01-23,toys,2,132.89000000000001
2017-01-24,auto,5,879.1
2017-01-24,baby,2,186.89000000000001
2017-01-24,bed_bath_table,2,89.9
2017-01-24,computers_accessories,1,99.0
2017-01-24,consoles_games,1,139.99
2017-01-24,cool_stuff,1,164.89
2017-01-24,fashio_female_clothing,1,22.4
2017-01-24,fashion_bags_accessories,1,79.9
2017-01-24,furniture_decor,5,249.76
2017-01-24,garden_tools,3,202.99
2017-01-24,health_beauty,6,855.79
2017-01-24,housewares,3,284.78999999999996
2017-01-24,market_place,1,224.16
2017-01-24,perfumery,1,59.9
2017-01-24,sports_leisure,3,498.9
2017-01-24,toys,6,1116.94
2017-01-25,auto,2,283.79
2017-01-25,bed_bath_table,2,179.8
2017-01-25,computers_accessories,3,67.8
2017-01-25,consoles_games,1,223.9
2017-01-25,cool_stuff,4,1027.8899999999999
2017-01-25,fashio_female_clothing,1,54.9
2017-01-25,fashion_bags_accessories,3,238.8
2017-01-25,fixed_telephony,1,12.97
2017-01-25,furniture_decor,7,732.19
2017-01-25,garden_tools,2,191.89000000000001
2017-01-25,health_beauty,12,666.75
2017-01-25,home_comfort_2,1,59.9
2017-01-25,housewares,2,80.4
2017-01-25,perfumery,5,1153.5
2017-01-25,small_appliances,1,839.0
2017-01-25,sports_leisure,8,265.9
2017-01-25,telephony,2,42.89
2017-01-25,toys,4,613.78
2017-01-26,auto,2,167.98000000000002
2017-01-26,baby,7,300.5
2017-01-26,bed_bath_table,4,292.4
2017-01-26,computers_accessories,1,48.9
2017-01-26,consoles_games,3,1137.69
2017-01-26,cool_stuff,5,695.6899999999999
2017-01-26,fashion_bags_accessories,4,82.7
2017-01-26,fixed_telephony,3,159.97000000000003
2017-01-26,furniture_decor,14,1294.2800000000002
2017-01-26,garden_tools,5,546.97
2017-01-26,health_beauty,9,588.0
2017-01-26,home_appliances_2,1,439.0
2017-01-26,home_comfort_2,1,12.9
2017-01-26,housewares,4,374.15
2017-01-26,kitchen_dining_laundry_garden_furniture,1,110.0
2017-01-26,luggage_accessories,2,142.8
2017-01-26,perfumery,7,1579.3000000000002
2017-01-26,security_and_services,1,183.29
2017-01-26,sports_leisure,14,2968.1000000000004
2017-01-26,stationery,2,369.79999999999995
2017-01-26,telephony,3,39.0
2017-01-26,toys,2,71.65
2017-01-26,watches_gifts,1,1299.0
2017-01-27,air_conditioning,1,174.9
2017-01-27,baby,4,1283.98
2017-01-27,bed_bath_table,2,154.89
2017-01-27,books_general_interest,1,124.99
2017-01-27,computers_accessories,9,2224.75
2017-01-27,consoles_games,3,487.70000000000005
2017-01-27,cool_stuff,6,315.94000000000005
2017-01-27,fashion_bags_accessories,1,24.9
2017-01-27,fixed_telephony,1,6.99
2017-01-27,food,1,15.32
2017-01-27,furniture_decor,9,1039.75
2017-01-27,furniture_living_room,3,407.97
2017-01-27,garden_tools,1,29.99
2017-01-27,health_beauty,5,604.34
2017-01-27,musical_instruments,1,339.74
2017-01-27,office_furniture,3,439.96
2017-01-27,perfumery,4,207.60000000000002
2017-01-27,pet_shop,4,318.49
2017-01-27,sports_leisure,5,368.19
2017-01-27,stationery,1,299.9
2017-01-27,telephony,1,49.0
2017-01-27,toys,4,456.87
2017-01-27,watches_gifts,1,1299.0
2017-01-28,air_conditioning,1,189.0
2017-01-28,auto,2,347.2
2017-01-28,baby,2,704.0
2017-01-28,bed_bath_table,2,118.80000000000001
2017-01-28,cool_stuff,2,1033.8899999999999
2017-01-28,electronics,1,59.9
2017-01-28,furniture_decor,2,449.98
2017-01-28,garden_tools,1,22.79
2017-01-28,health_beauty,2,679.8
2017-01-28,home_appliances_2,1,209.9
2017-01-28,housewares,2,60.0
2017-01-28,office_furniture,1,119.6
2017-01-28,perfumery,1,489.9
2017-01-28,sports_leisure,3,213.5
2017-01-28,telephony,3,160.97
2017-01-28,toys,2,111.97999999999999
2017-01-29,baby,1,1934.0
2017-01-29,bed_bath_table,3,269.79
2017-01-29,computers_accessories,1,26.9
2017-01-29,consoles_games,1,309.9
2017-01-29,fashion_bags_accessories,3,204.70000000000002
2017-01-29,food,1,27.5
2017-01-29,furniture_decor,7,494.79999999999995
2017-01-29,furniture_living_room,1,209.99
2017-01-29,garden_tools,1,110.0
2017-01-29,health_beauty,3,182.8
2017-01-29,housewares,6,252.60000000000002
2017-01-29,luggage_accessories,1,239.9
2017-01-29,perfumery,8,859.1999999999998
2017-01-29,sports_leisure,3,272.3
2017-01-29,toys,2,259.98
2017-01-29,watches_gifts,1,222.4
2017-01-30,auto,4,596.1999999999999
2017-01-30,baby,3,374.89
2017-01-30,bed_bath_table,7,705.89
2017-01-30,computers,1,2199.99
2017-01-30,computers_accessories,4,608.6
2017-01-30,cool_stuff,2,318.99
2017-01-30,fashion_underwear_beach,1,51.0
2017-01-30,furniture_decor,6,833.4
2017-01-30,furniture_living_room,3,311.96999999999997
2017-01-30,garden_tools,17,844.8
2017-01-30,health_beauty,7,1166.49
2017-01-30,home_appliances_2,1,559.0
2017-01-30,housewares,2,166.4
2017-01-30,market_place,1,25.0
2017-01-30,perfumery,2,449.79999999999995
2017-01-30,small_appliances,1,199.0
2017-01-30,sports_leisure,3,332.98
2017-01-30,telephony,5,111.76999999999998
2017-01-30,toys,2,384.98
2017-01-31,agro_industry_and_commerce,1,21.99
2017-01-31,auto,2,99.98
2017-01-31,baby,5,444.99
2017-01-31,bed_bath_table,6,449.49
2017-01-31,books_general_interest,1,109.9
2017-01-31,computers_accessories,1,51.9
2017-01-31,consoles_games,3,453.70000000000005
2017-01-31,cool_stuff,3,372.09000000000003
2017-01-31,dvds_blu_ray,2,29.8
2017-01-31,fashion_bags_accessories,1,49.9
2017-01-31,fixed_telephony,1,10.99
2017-01-31,furniture_decor,15,985.07
2017-01-31,furniture_living_room,3,311.96999999999997
2017-01-31,health_beauty,8,1272.3400000000001
2017-01-31,home_appliances_2,3,241.88
2017-01-31,housewares,1,44.5
2017-01-31,luggage_accessories,2,109.8
2017-01-31,market_place,1,25.0
2017-01-31,office_furniture,4,598.7900000000001
2017-01-31,perfumery,3,219.7
2017-01-31,small_appliances,1,109.9
2017-01-31,sports_leisure,5,631.78
2017-01-31,telephony,3,298.97
2017-01-31,toys,1,66.99
2017-01-31,watches_gifts,2,3441.95
2017-02-01,auto,2,411.0
2017-02-01,baby,1,35.0
2017-02-01,bed_bath_table,4,205.70000000000002
2017-02-01,books_general_interest,1,49.9
2017-02-01,computers_accessories,7,541.54
2017-02-01,cool_stuff,4,1392.8
2017-02-01,fashion_bags_accessories,2,77.9
2017-02-01,fixed_telephony,1,10.99
2017-02-01,food,1,149.9
2017-02-01,furniture_decor,7,875.36
2017-02-01,garden_tools,3,135.9
2017-02-01,health_beauty,7,1359.18
2017-02-01,luggage_accessories,1,129.9
2017-02-01,market_place,1,62.9
2017-02-01,office_furniture,4,384.96000000000004
2017-02-01,perfumery,3,172.70000000000002
2017-02-01,pet_shop,2,162.4
2017-02-01,small_appliances,1,159.99
2017-02-01,sports_leisure,4,529.89
2017-02-01,telephony,2,55.980000000000004
2017-02-01,toys,3,226.88
2017-02-01,watches_gifts,2,298.0
2017-02-02,audio,1,29.9
2017-02-02,auto,1,59.9
2017-02-02,bed_bath_table,1,109.99
2017-02-02,computers_accessories,2,236.8
2017-02-02,consoles_games,4,1211.6
2017-02-02,construction_tools_construction,1,149.9
2017-02-02,cool_stuff,7,1192.27
2017-02-02,fashion_male_clothing,1,38.4
2017-02-02,furniture_decor,9,630.45
2017-02-02,furniture_living_room,3,311.96999999999997
2017-02-02,garden_tools,3,262.9
2017-02-02,health_beauty,9,1215.3799999999999
2017-02-02,luggage_accessories,2,109.8
2017-02-02,office_furniture,1,119.97
2017-02-02,perfumery,3,179.7
2017-02-02,small_appliances,3,249.70000000000002
2017-02-02,sports_leisure,5,669.5999999999999
2017-02-02,stationery,2,389.79999999999995
2017-02-02,tablets_printing_image,2,198.0
2017-02-02,telephony,7,345.67
2017-02-02,toys,2,224.99
2017-02-02,watches_gifts,3,798.9699999999999
2017-02-03,auto,1,379.0
2017-02-03,bed_bath_table,2,179.8
2017-02-03,computers_accessories,1,26.9
2017-02-03,consoles_games,1,398.0
2017-02-03,cool_stuff,2,171.39
2017-02-03,fashion_bags_accessories,3,239.70000000000002
2017-02-03,furniture_decor,9,885.0699999999999
2017-02-03,health_beauty,8,1452.3700000000001
2017-02-03,home_appliances_2,1,15.99
2017-02-03,luggage_accessories,1,109.9
2017-02-03,musical_instruments,1,1297.25
2017-02-03,office_furniture,5,699.9100000000001
2017-02-03,perfumery,5,389.5
2017-02-03,sports_leisure,6,573.87
2017-02-03,stationery,1,94.9
2017-02-03,telephony,2,958.89
2017-02-03,toys,5,1558.7800000000002
2017-02-03,watches_gifts,1,24.9
2017-02-04,auto,3,313.38
2017-02-04,baby,1,79.9
2017-02-04,bed_bath_table,3,309.8
2017-02-04,computers_accessories,3,126.78999999999999
2017-02-04,consoles_games,1,239.9
2017-02-04,cool_stuff,3,339.88
2017-02-04,fashion_bags_accessories,1,199.99
2017-02-04,fashion_underwear_beach,2,49.98
2017-02-04,furniture_decor,8,768.39
2017-02-04,furniture_living_room,2,796.0
2017-02-04,garden_tools,3,449.70000000000005
2017-02-04,health_beauty,13,3129.2500000000005
2017-02-04,home_confort,1,94.76
2017-02-04,housewares,2,86.8
2017-02-04,luggage_accessories,1,54.9
2017-02-04,office_furniture,1,129.99
2017-02-04,perfumery,5,449.5
2017-02-04,pet_shop,3,288.7
2017-02-04,small_appliances,1,163.9
2017-02-04,sports_leisure,5,516.98
2017-02-04,stationery,1,164.9
2017-02-04,telephony,2,208.0
2017-02-04,toys,2,229.89
2017-02-04,watches_gifts,1,239.0
2017-02-05,agro_industry_and_commerce,1,21.99
2017-02-05,auto,3,279.64
2017-02-05,baby,2,100.0
2017-02-05,bed_bath_table,10,1183.8700000000001
2017-02-05,cool_stuff,1,119.99
2017-02-05,fashion_bags_accessories,3,174.7
2017-02-05,fashion_underwear_beach,1,51.0
2017-02-05,fixed_telephony,2,38.89
2017-02-05,furniture_decor,15,1460.69
2017-02-05,garden_tools,2,75.9
2017-02-05,health_beauty,10,1586.46
2017-02-05,luggage_accessories,2,174.9
2017-02-05,musical_instruments,1,290.47
2017-02-05,office_furniture,7,1026.54
2017-02-05,perfumery,1,59.9
2017-02-05,pet_shop,3,178.9
2017-02-05,sports_leisure,7,779.06
2017-02-05,stationery,1,169.9
2017-02-05,telephony,5,325.95000000000005
2017-02-05,watches_gifts,1,24.9
2017-02-06,auto,5,542.29
2017-02-06,bed_bath_table,10,955.29
2017-02-06,computers_accessories,1,30.0
2017-02-06,consoles_games,1,399.99
2017-02-06,cool_stuff,6,1477.76
2017-02-06,dvds_blu_ray,1,14.9
2017-02-06,fashion_bags_accessories,2,44.8
2017-02-06,fixed_telephony,1,29.9
2017-02-06,furniture_decor,8,876.5199999999999
2017-02-06,garden_tools,1,35.0
2017-02-06,health_beauty,14,1190.7400000000002
2017-02-06,housewares,4,386.70000000000005
2017-02-06,market_place,1,25.99
2017-02-06,perfumery,2,609.8
2017-02-06,pet_shop,1,109.99
2017-02-06,small_appliances,2,113.99
2017-02-06,sports_leisure,9,693.58
2017-02-06,telephony,7,544.94
2017-02-06,toys,3,313.78999999999996
2017-02-06,watches_gifts,1,239.0
2017-02-07,auto,7,712.3
2017-02-07,baby,3,279.89
2017-02-07,bed_bath_table,8,597.09
2017-02-07,computers_accessories,6,873.29
2017-02-07,cool_stuff,4,492.67999999999995
2017-02-07,costruction_tools_garden,2,579.98
2017-02-07,electronics,2,106.95
2017-02-07,fashion_bags_accessories,7,232.49
2017-02-07,fashion_male_clothing,1,64.9
2017-02-07,fashion_underwear_beach,1,52.0
2017-02-07,food,1,15.32
2017-02-07,furniture_decor,13,1060.49
2017-02-07,furniture_living_room,3,311.96999999999997
2017-02-07,garden_tools,1,389.0
2017-02-07,health_beauty,8,394.98999999999995
2017-02-07,luggage_accessories,2,174.8
2017-02-07,market_place,1,25.9
2017-02-07,musical_instruments,1,24.9
2017-02-07,office_furniture,4,496.90999999999997
2017-02-07,perfumery,3,438.69999999999993
2017-02-07,pet_shop,1,45.0
2017-02-07,small_appliances,1,635.9
2017-02-07,sports_leisure,18,1733.15
2017-02-07,stationery,2,229.8
2017-02-07,tablets_printing_image,1,99.0
2017-02-07,telephony,9,1163.8200000000002
2017-02-07,toys,2,194.94
2017-02-07,watches_gifts,3,1866.04
2017-02-08,agro_industry_and_commerce,1,21.99
2017-02-08,auto,5,1245.2
2017-02-08,baby,3,207.8
2017-02-08,bed_bath_table,7,384.9200000000001
2017-02-08,books_general_interest,2,219.31
2017-02-08,computers_accessories,3,305.79999999999995
2017-02-08,cool_stuff,1,239.99
2017-02-08,electronics,1,39.9
2017-02-08,fixed_telephony,1,10.99
2017-02-08,food,1,149.9
2017-02-08,furniture_decor,9,847.2399999999999
2017-02-08,furniture_living_room,1,398.0
2017-02-08,garden_tools,1,449.9
2017-02-08,health_beauty,8,857.13
2017-02-08,housewares,3,381.78999999999996
2017-02-08,luggage_accessories,4,370.6
2017-02-08,market_place,2,19.990000000000002
2017-02-08,office_furniture,7,1016.7800000000002
2017-02-08,perfumery,2,659.8
2017-02-08,pet_shop,2,73.99
2017-02-08,small_appliances,4,425.73
2017-02-08,sports_leisure,11,813.1999999999999
2017-02-08,stationery,3,553.51
2017-02-08,telephony,2,29.78
2017-02-08,toys,3,199.85
2017-02-08,watches_gifts,1,1323.0
2017-02-09,auto,7,1500.68
2017-02-09,baby,1,23.9
2017-02-09,bed_bath_table,6,845.5999999999999
2017-02-09,books_general_interest,1,109.9
2017-02-09,computers_accessories,4,334.9
2017-02-09,cool_stuff,4,510.42999999999995
2017-02-09,fashion_bags_accessories,2,199.98000000000002
2017-02-09,fashion_underwear_beach,1,24.99
2017-02-09,furniture_decor,8,800.44
2017-02-09,garden_tools,2,236.99
2017-02-09,health_beauty,4,386.69
2017-02-09,home_construction,1,186.9
2017-02-09,housewares,7,321.2
2017-02-09,office_furniture,7,1583.87
2017-02-09,perfumery,2,619.8
2017-02-09,pet_shop,2,109.4
2017-02-09,small_appliances,2,308.99
2017-02-09,sports_leisure,5,344.98
2017-02-09,stationery,1,89.9
2017-02-09,telephony,6,170.78000000000003
2017-02-09,toys,2,88.3
2017-02-10,air_conditioning,1,109.0
2017-02-10,auto,8,969.8299999999999
2017-02-10,baby,1,175.9
2017-02-10,bed_bath_table,5,666.59
2017-02-10,computers_accessories,6,4091.7799999999997
2017-02-10,consoles_games,1,314.8
2017-02-10,cool_stuff,2,504.99
2017-02-10,fashio_female_clothing,1,119.0
2017-02-10,fashion_male_clothing,1,59.9
2017-02-10,furniture_decor,6,180.4
2017-02-10,garden_tools,3,880.89
2017-02-10,health_beauty,5,849.79
2017-02-10,housewares,2,64.8
2017-02-10,market_place,1,76.9
2017-02-10,office_furniture,7,969.11
2017-02-10,perfumery,1,379.9
2017-02-10,pet_shop,1,59.9
2017-02-10,small_appliances,1,25.0
2017-02-10,sports_leisure,5,299.49
2017-02-10,stationery,1,30.9
2017-02-10,tablets_printing_image,1,99.0
2017-02-10,telephony,3,276.96000000000004
2017-02-10,toys,4,436.78000000000003
2017-02-10,watches_gifts,2,1450.93
2017-02-11,baby,1,50.0
2017-02-11,bed_bath_table,3,103.1
2017-02-11,computers_accessories,4,110.6
2017-02-11,fashion_bags_accessories,1,49.9
2017-02-11,fashion_underwear_beach,2,146.0
2017-02-11,furniture_decor,9,788.9899999999999
2017-02-11,health_beauty,3,218.79000000000002
2017-02-11,housewares,6,331.4
2017-02-11,market_place,1,29.9
2017-02-11,office_furniture,3,996.55
2017-02-11,perfumery,1,9.9
2017-02-11,pet_shop,1,58.55
2017-02-11,small_appliances,1,163.9
2017-02-11,sports_leisure,6,487.68
2017-02-11,stationery,1,89.9
2017-02-11,telephony,3,273.86
2017-02-11,toys,4,272.69
2017-02-12,agro_industry_and_commerce,1,92.9
2017-02-12,auto,1,9.99
2017-02-12,baby,1,50.0
2017-02-12,bed_bath_table,6,664.0999999999999
2017-02-12,computers_accessories,2,119.9
2017-02-12,consoles_games,1,46.0
2017-02-12,construction_tools_construction,1,149.9
2017-02-12,cool_stuff,1,385.0
2017-02-12,electronics,3,121.80000000000001
2017-02-12,fashion_bags_accessories,2,288.9
2017-02-12,fashion_shoes,1,37.25
2017-02-12,fixed_telephony,1,34.99
2017-02-12,furniture_decor,5,325.79
2017-02-12,garden_tools,4,475.19
2017-02-12,health_beauty,3,670.8
2017-02-12,home_appliances,1,159.0
2017-02-12,housewares,4,6826.699999999999
2017-02-12,luggage_accessories,2,109.8
2017-02-12,musical_instruments,2,239.0
2017-02-12,office_furniture,1,129.99
2017-02-12,perfumery,3,649.6999999999999
2017-02-12,pet_shop,2,208.5
2017-02-12,small_appliances,2,527.9
2017-02-12,sports_leisure,4,124.39000000000001
2017-02-12,stationery,3,204.0
2017-02-12,telephony,2,54.980000000000004
2017-02-12,toys,3,1913.88
2017-02-13,agro_industry_and_commerce,1,21.99
2017-02-13,auto,6,961.77
2017-02-13,baby,3,229.9
2017-02-13,bed_bath_table,8,618.4
2017-02-13,computers_accessories,5,218.8
2017-02-13,cool_stuff,2,205.98000000000002
2017-02-13,fashion_bags_accessories,2,74.8
2017-02-13,fashion_shoes,2,69.8
2017-02-13,fixed_telephony,2,21.89
2017-02-13,furniture_decor,12,862.78
2017-02-13,garden_tools,2,50.0
2017-02-13,health_beauty,5,1000.47
2017-02-13,home_appliances,1,115.0
2017-02-13,housewares,2,243.9
2017-02-13,musical_instruments,1,65.9
2017-02-13,office_furniture,10,1311.66
2017-02-13,perfumery,3,839.79
2017-02-13,pet_shop,4,294.28999999999996
2017-02-13,small_appliances,1,635.9
2017-02-13,sports_leisure,3,1808.95
2017-02-13,stationery,1,35.0
2017-02-13,telephony,3,106.97999999999999
2017-02-13,toys,5,244.70000000000002
2017-02-14,audio,1,24.9
2017-02-14,auto,2,418.0
2017-02-14,baby,3,224.07
2017-02-14,bed_bath_table,11,1577.0800000000002
2017-02-14,computers_accessories,8,1199.6599999999999
2017-02-14,cool_stuff,3,620.05
2017-02-14,electronics,3,405.0
2017-02-14,fashio_female_clothing,1,129.9
2017-02-14,fashion_bags_accessories,1,34.95
2017-02-14,fashion_male_clothing,1,71.95
2017-02-14,fixed_telephony,1,134.9
2017-02-14,furniture_decor,10,1119.8700000000001
2017-02-14,garden_tools,4,706.89
2017-02-14,health_beauty,3,960.5899999999999
2017-02-14,home_appliances,1,159.0
2017-02-14,housewares,2,175.9
2017-02-14,market_place,1,77.08
2017-02-14,musical_instruments,1,65.9
2017-02-14,office_furniture,1,699.99
2017-02-14,perfumery,2,389.79999999999995
2017-02-14,pet_shop,1,679.99
2017-02-14,sports_leisure,8,714.5799999999999
2017-02-14,telephony,3,175.97
2017-02-14,toys,2,94.39
2017-02-15,audio,1,45.0
2017-02-15,auto,3,434.97
2017-02-15,baby,2,109.67
2017-02-15,bed_bath_table,7,517.1800000000001
2017-02-15,books_technical,1,159.0
2017-02-15,computers_accessories,1,159.99
2017-02-15,cool_stuff,3,279.88
2017-02-15,fashion_bags_accessories,4,134.6
2017-02-15,fashion_underwear_beach,1,73.0
2017-02-15,fixed_telephony,2,40.89
2017-02-15,furniture_bedroom,1,450.0
2017-02-15,furniture_decor,12,941.73
2017-02-15,garden_tools,6,1234.78
2017-02-15,health_beauty,5,1245.79
2017-02-15,home_appliances,2,160.0
2017-02-15,housewares,1,16.8
2017-02-15,perfumery,1,100.0
2017-02-15,pet_shop,1,109.99
2017-02-15,sports_leisure,3,213.8
2017-02-15,toys,2,99.80000000000001
2017-02-16,agro_industry_and_commerce,1,21.99
2017-02-16,auto,1,59.9
2017-02-16,baby,2,75.0
2017-02-16,bed_bath_table,6,569.76
2017-02-16,books_general_interest,1,116.0
2017-02-16,computers_accessories,5,493.8
2017-02-16,cool_stuff,1,219.99
2017-02-16,food,2,299.8
2017-02-16,furniture_decor,8,421.39
2017-02-16,garden_tools,3,326.78999999999996
2017-02-16,health_beauty,4,413.61
2017-02-16,home_confort,1,230.0
2017-02-16,housewares,4,732.59
2017-02-16,market_place,2,402.64
2017-02-16,office_furniture,1,86.96
2017-02-16,pet_shop,1,59.9
2017-02-16,sports_leisure,3,657.9
2017-02-16,telephony,4,189.69
2017-02-16,toys,2,194.8
2017-02-16,watches_gifts,1,239.0
2017-02-17,air_conditioning,2,877.9
2017-02-17,auto,3,448.98
2017-02-17,bed_bath_table,8,762.46
2017-02-17,cine_photo,1,59.0
2017-02-17,computers_accessories,3,135.8
2017-02-17,cool_stuff,3,179.86
2017-02-17,electronics,1,75.0
2017-02-17,fashion_bags_accessories,1,159.9
2017-02-17,food,1,27.5
2017-02-17,furniture_decor,9,736.67
2017-02-17,garden_tools,3,1221.99
2017-02-17,home_appliances,1,115.0
2017-02-17,housewares,5,509.5
2017-02-17,luggage_accessories,1,109.9
2017-02-17,perfumery,1,58.9
2017-02-17,small_appliances,3,549.88
2017-02-17,sports_leisure,2,69.74
2017-02-17,stationery,1,219.9
2017-02-17,telephony,5,205.88000000000002
2017-02-17,watches_gifts,1,199.0
2017-02-18,agro_industry_and_commerce,1,21.99
2017-02-18,air_conditioning,2,375.8
2017-02-18,auto,3,394.89
2017-02-18,baby,1,16.77
2017-02-18,bed_bath_table,5,582.77
2017-02-18,computers_accessories,5,276.5
2017-02-18,consoles_games,1,55.99
2017-02-18,construction_tools_construction,1,36.99
2017-02-18,construction_tools_safety,1,379.0
2017-02-18,cool_stuff,4,498.97
2017-02-18,fashion_male_clothing,1,199.9
2017-02-18,fixed_telephony,1,8.97
2017-02-18,furniture_decor,5,341.59000000000003
2017-02-18,garden_tools,7,991.4899999999999
2017-02-18,health_beauty,2,494.89
2017-02-18,home_appliances,1,32.9
2017-02-18,home_construction,2,373.8
2017-02-18,housewares,2,118.9
2017-02-18,market_place,1,74.9
2017-02-18,perfumery,1,197.9
2017-02-18,small_appliances,1,309.9
2017-02-18,sports_leisure,2,203.89000000000001
2017-02-18,telephony,7,221.87
2017-02-18,toys,4,938.78
2017-02-19,air_conditioning,4,602.7
2017-02-19,auto,3,464.70000000000005
2017-02-19,bed_bath_table,2,193.98
2017-02-19,computers_accessories,2,95.75999999999999
2017-02-19,consoles_games,1,99.9
2017-02-19,cool_stuff,1,75.99
2017-02-19,furniture_decor,7,373.29
2017-02-19,health_beauty,5,194.13
2017-02-19,housewares,2,139.9
2017-02-19,kitchen_dining_laundry_garden_furniture,1,110.0
2017-02-19,luggage_accessories,1,79.9
2017-02-19,market_place,1,39.9
2017-02-19,pet_shop,1,66.1
2017-02-19,sports_leisure,2,67.98
2017-02-19,telephony,5,227.38
2017-02-19,toys,2,414.89
2017-02-19,watches_gifts,1,318.33
2017-02-20,air_conditioning,1,187.9
2017-02-20,auto,5,249.66000000000003
2017-02-20,baby,1,59.9
2017-02-20,bed_bath_table,4,471.70000000000005
2017-02-20,computers_accessories,7,331.86999999999995
2017-02-20,consoles_games,1,343.4
2017-02-20,cool_stuff,1,598.4
2017-02-20,electronics,1,117.0
2017-02-20,fixed_telephony,1,32.99
2017-02-20,furniture_decor,8,567.7
2017-02-20,furniture_living_room,2,207.98
2017-02-20,garden_tools,3,1378.9
2017-02-20,health_beauty,10,980.13
2017-02-20,housewares,2,54.980000000000004
2017-02-20,market_place,1,77.08
2017-02-20,perfumery,1,219.9
2017-02-20,pet_shop,2,132.0
2017-02-20,sports_leisure,4,410.98
2017-02-20,tablets_printing_image,1,99.0
2017-02-20,telephony,6,207.65
2017-02-20,toys,3,178.49
2017-02-20,watches_gifts,1,139.9
2017-02-21,agro_industry_and_commerce,1,21.99
2017-02-21,auto,4,416.14
2017-02-21,bed_bath_table,3,500.89
2017-02-21,computers,1,3549.0
2017-02-21,computers_accessories,4,270.69000000000005
2017-02-21,electronics,1,169.0
2017-02-21,fashion_bags_accessories,1,44.9
2017-02-21,fixed_telephony,1,29.9
2017-02-21,furniture_decor,4,225.14
2017-02-21,garden_tools,1,100.0
2017-02-21,health_beauty,1,636.0
2017-02-21,housewares,2,96.9
2017-02-21,market_place,2,154.16
2017-02-21,pet_shop,2,244.8
2017-02-21,small_appliances,1,199.9
2017-02-21,sports_leisure,3,1029.7
2017-02-21,telephony,5,132.76
2017-02-21,toys,4,201.3
2017-02-22,air_conditioning,1,252.0
2017-02-22,auto,2,59.980000000000004
2017-02-22,bed_bath_table,5,499.59000000000003
2017-02-22,books_general_interest,2,230.0
2017-02-22,computers_accessories,2,86.80000000000001
2017-02-22,consoles_games,1,55.9
2017-02-22,cool_stuff,3,643.99
2017-02-22,fashion_bags_accessories,2,84.8
2017-02-22,food,1,15.32
2017-02-22,furniture_decor,14,838.0100000000001
2017-02-22,garden_tools,3,1217.8
2017-02-22,health_beauty,8,805.8199999999999
2017-02-22,housewares,1,19.9
2017-02-22,luggage_accessories,1,54.9
2017-02-22,market_place,1,77.08
2017-02-22,perfumery,1,129.9
2017-02-22,pet_shop,1,195.0
2017-02-22,sports_leisure,5,376.78000000000003
2017-02-22,telephony,1,14.9
2017-02-22,watches_gifts,2,242.26000000000002
2017-02-23,auto,3,356.79999999999995
2017-02-23,baby,1,790.0
2017-02-23,bed_bath_table,4,289.6
2017-02-23,computers_accessories,7,621.4699999999999
2017-02-23,consoles_games,1,46.0
2017-02-23,cool_stuff,2,159.89
2017-02-23,fashion_bags_accessories,1,59.0
2017-02-23,fixed_telephony,1,15.0
2017-02-23,furniture_decor,12,775.8
2017-02-23,furniture_living_room,8,913.92
2017-02-23,garden_tools,4,366.78
2017-02-23,health_beauty,6,442.66999999999996
2017-02-23,housewares,6,454.59999999999997
2017-02-23,luggage_accessories,1,79.9
2017-02-23,perfumery,1,64.99
2017-02-23,small_appliances,1,52.0
2017-02-23,sports_leisure,3,144.2
2017-02-23,stationery,1,68.99
2017-02-23,tablets_printing_image,1,99.0
2017-02-23,telephony,2,133.9
2017-02-23,toys,3,147.84
2017-02-24,auto,2,160.89
2017-02-24,baby,2,59.9
2017-02-24,bed_bath_table,8,782.3999999999999
2017-02-24,books_general_interest,1,47.6
2017-02-24,computers_accessories,7,443.94999999999993
2017-02-24,consoles_games,2,829.79
2017-02-24,cool_stuff,4,335.84000000000003
2017-02-24,electronics,1,42.0
2017-02-24,furniture_decor,6,470.42
2017-02-24,furniture_living_room,1,139.9
2017-02-24,garden_tools,3,181.53
2017-02-24,health_beauty,7,1006.39
2017-02-24,housewares,5,100.59
2017-02-24,luggage_accessories,1,99.99
2017-02-24,market_place,2,70.0
2017-02-24,perfumery,3,809.6999999999999
2017-02-24,pet_shop,1,109.99
2017-02-24,sports_leisure,6,488.38
2017-02-24,telephony,4,109.86999999999999
2017-02-24,toys,2,254.99
2017-02-24,watches_gifts,2,86.0
2017-02-25,auto,1,169.0
2017-02-25,baby,1,69.99
2017-02-25,bed_bath_table,7,419.0
2017-02-25,computers_accessories,1,30.0
2017-02-25,consoles_games,1,194.5
2017-02-25,cool_stuff,2,199.8
2017-02-25,fashion_male_clothing,1,110.9
2017-02-25,fixed_telephony,1,19.99
2017-02-25,food,1,18.99
2017-02-25,furniture_decor,11,958.29
2017-02-25,garden_tools,2,126.80000000000001
2017-02-25,health_beauty,2,262.99
2017-02-25,home_construction,1,134.9
2017-02-25,perfumery,1,20.9
2017-02-25,pet_shop,1,57.99
2017-02-25,sports_leisure,4,460.88
2017-02-25,telephony,3,73.97
2017-02-25,watches_gifts,1,134.9
2017-02-26,audio,1,19.0
2017-02-26,auto,1,1199.9
2017-02-26,bed_bath_table,2,179.8
2017-02-26,computers_accessories,1,20.0
2017-02-26,consoles_games,1,59.0
2017-02-26,fashio_female_clothing,1,115.0
2017-02-26,furniture_decor,13,891.8899999999999
2017-02-26,garden_tools,1,39.9
2017-02-26,health_beauty,2,264.89
2017-02-26,housewares,2,41.99
2017-02-26,industry_commerce_and_business,1,119.0
2017-02-26,musical_instruments,1,199.0
2017-02-26,small_appliances,1,190.0
2017-02-26,sports_leisure,4,542.79
2017-02-26,tablets_printing_image,2,198.0
2017-02-26,telephony,5,305.95000000000005
2017-02-26,watches_gifts,2,478.99
2017-02-27,baby,1,20.0
2017-02-27,bed_bath_table,6,856.37
2017-02-27,computers_accessories,1,49.9
2017-02-27,cool_stuff,1,69.99
2017-02-27,electronics,5,63.19999999999999
2017-02-27,fashion_bags_accessories,1,69.0
2017-02-27,fixed_telephony,1,128.99
2017-02-27,furniture_decor,12,608.66
2017-02-27,furniture_living_room,1,329.9
2017-02-27,garden_tools,4,399.6
2017-02-27,health_beauty,1,19.99
2017-02-27,housewares,1,59.9
2017-02-27,kitchen_dining_laundry_garden_furniture,1,29.9
2017-02-27,market_place,2,359.8
2017-02-27,perfumery,1,99.9
2017-02-27,pet_shop,1,89.99
2017-02-27,sports_leisure,5,381.38
2017-02-27,telephony,3,176.96
2017-02-27,watches_gifts,2,1928.89
2017-02-28,audio,1,45.0
2017-02-28,auto,1,139.99
2017-02-28,baby,1,179.99
2017-02-28,bed_bath_table,6,545.3
2017-02-28,computers_accessories,2,85.80000000000001
2017-02-28,cool_stuff,4,1538.79
2017-02-28,electronics,1,79.0
2017-02-28,fixed_telephony,5,199.95000000000002
2017-02-28,furniture_decor,8,293.35
2017-02-28,health_beauty,1,19.99
2017-02-28,home_confort,1,89.9
2017-02-28,housewares,4,129.6
2017-02-28,musical_instruments,1,38.86
2017-02-28,office_furniture,3,1192.79
2017-02-28,perfumery,2,489.79999999999995
2017-02-28,pet_shop,5,249.5
2017-02-28,small_appliances,2,2539.0
2017-02-28,sports_leisure,7,492.18
2017-02-28,toys,4,922.69
2017-02-28,watches_gifts,5,960.38
2017-03-01,art,1,9.0
2017-03-01,auto,3,455.3
2017-03-01,baby,1,219.99
2017-03-01,bed_bath_table,18,1830.8600000000004
2017-03-01,computers_accessories,5,409.94999999999993
2017-03-01,consoles_games,2,389.0
2017-03-01,cool_stuff,7,1160.37
2017-03-01,drinks,1,169.9
2017-03-01,fashion_male_clothing,1,64.9
2017-03-01,fixed_telephony,4,327.96000000000004
2017-03-01,furniture_decor,18,1017.92
2017-03-01,garden_tools,2,128.8
2017-03-01,health_beauty,6,633.62
2017-03-01,home_appliances_2,1,13.9
2017-03-01,housewares,3,90.99
2017-03-01,industry_commerce_and_business,1,119.0
2017-03-01,luggage_accessories,1,59.9
2017-03-01,market_place,1,68.0
2017-03-01,office_furniture,1,176.96
2017-03-01,perfumery,3,489.69999999999993
2017-03-01,pet_shop,1,110.0
2017-03-01,small_appliances,1,81.0
2017-03-01,sports_leisure,12,2980.29
2017-03-01,stationery,2,229.9
2017-03-01,telephony,4,110.96
2017-03-01,toys,7,633.34
2017-03-01,watches_gifts,2,159.9
2017-03-02,air_conditioning,2,889.98
2017-03-02,auto,2,283.79
2017-03-02,bed_bath_table,4,318.6
2017-03-02,books_general_interest,1,115.0
2017-03-02,computers_accessories,2,62.9
2017-03-02,consoles_games,1,59.0
2017-03-02,construction_tools_construction,1,38.9
2017-03-02,cool_stuff,2,588.9
2017-03-02,electronics,3,65.69999999999999
2017-03-02,fashion_bags_accessories,1,39.9
2017-03-02,fixed_telephony,2,102.89000000000001
2017-03-02,food,1,149.9
2017-03-02,furniture_decor,15,1019.55
2017-03-02,garden_tools,3,1449.8000000000002
2017-03-02,health_beauty,6,634.1700000000001
2017-03-02,housewares,5,453.40000000000003
2017-03-02,luggage_accessories,1,59.9
2017-03-02,perfumery,2,156.89000000000001
2017-03-02,pet_shop,1,84.9
2017-03-02,small_appliances,2,718.0
2017-03-02,sports_leisure,5,3039.87
2017-03-02,telephony,6,203.86
2017-03-02,toys,1,89.9
2017-03-02,watches_gifts,2,308.9
2017-03-03,auto,1,24.49
2017-03-03,bed_bath_table,7,612.27
2017-03-03,books_general_interest,3,354.0
2017-03-03,computers_accessories,5,1701.97
2017-03-03,consoles_games,5,1085.1
2017-03-03,cool_stuff,5,1221.7900000000002
2017-03-03,electronics,1,169.0
2017-03-03,fashion_bags_accessories,1,79.0
2017-03-03,furniture_decor,18,774.8899999999999
2017-03-03,garden_tools,4,1749.88
2017-03-03,health_beauty,2,665.65
2017-03-03,housewares,6,387.98999999999995
2017-03-03,market_place,2,218.8
2017-03-03,perfumery,1,199.99
2017-03-03,pet_shop,1,798.0
2017-03-03,small_appliances,2,977.0
2017-03-03,sports_leisure,2,229.98
2017-03-03,stationery,1,89.0
2017-03-03,tablets_printing_image,1,99.0
2017-03-03,telephony,3,63.989999999999995
2017-03-03,toys,5,364.66
2017-03-03,watches_gifts,2,328.0
2017-03-04,auto,3,297.19
2017-03-04,baby,3,158.9
2017-03-04,bed_bath_table,6,561.67
2017-03-04,computers_accessories,3,301.79999999999995
2017-03-04,consoles_games,2,389.4
2017-03-04,cool_stuff,1,449.0
2017-03-04,electronics,1,55.0
2017-03-04,fashion_bags_accessories,1,135.0
2017-03-04,fashion_shoes,2,185.8
2017-03-04,fashion_sport,1,39.9
2017-03-04,furniture_decor,18,1131.85
2017-03-04,health_beauty,4,451.79
2017-03-04,home_appliances,3,77.9
2017-03-04,housewares,6,380.97999999999996
2017-03-04,industry_commerce_and_business,1,119.0
2017-03-04,luggage_accessories,1,249.99
2017-03-04,musical_instruments,1,490.0
2017-03-04,perfumery,2,433.99
2017-03-04,pet_shop,1,79.5
2017-03-04,small_appliances,1,98.72
2017-03-04,sports_leisure,6,485.68999999999994
2017-03-04,stationery,1,79.9
2017-03-04,telephony,1,39.99
2017-03-04,toys,5,408.78
2017-03-04,watches_gifts,3,1493.0
2017-03-05,baby,3,87.95
2017-03-05,bed_bath_table,7,649.39
2017-03-05,books_general_interest,1,15.12
2017-03-05,computers_accessories,5,146.5
2017-03-05,cool_stuff,3,104.8
2017-03-05,fashion_bags_accessories,4,394.4
2017-03-05,furniture_decor,14,1308.5100000000002
2017-03-05,garden_tools,4,177.44
2017-03-05,health_beauty,10,775.89
2017-03-05,housewares,4,328.88
2017-03-05,luggage_accessories,1,109.9
2017-03-05,market_place,2,184.8
2017-03-05,musical_instruments,1,40.0
2017-03-05,perfumery,1,129.9
2017-03-05,sports_leisure,7,1093.8899999999999
2017-03-05,stationery,2,468.0
2017-03-05,telephony,4,78.87
2017-03-05,toys,1,104.99
2017-03-06,audio,2,144.9
2017-03-06,auto,5,588.6899999999999
2017-03-06,baby,4,298.64
2017-03-06,bed_bath_table,6,535.49
2017-03-06,books_general_interest,2,259.5
2017-03-06,computers_accessories,7,264.40000000000003
2017-03-06,consoles_games,1,59.0
2017-03-06,cool_stuff,4,544.78
2017-03-06,fashion_bags_accessories,5,219.60000000000002
2017-03-06,fashion_underwear_beach,1,86.25
2017-03-06,fixed_telephony,2,62.89
2017-03-06,furniture_decor,19,1250.99
2017-03-06,garden_tools,5,339.79
2017-03-06,health_beauty,7,1008.5799999999999
2017-03-06,home_confort,1,7.9
2017-03-06,housewares,3,119.89
2017-03-06,market_place,2,238.9
2017-03-06,music,1,27.99
2017-03-06,office_furniture,6,638.5000000000001
2017-03-06,perfumery,2,398.79999999999995
2017-03-06,pet_shop,2,184.49
2017-03-06,sports_leisure,3,130.79
2017-03-06,telephony,6,128.82999999999998
2017-03-06,toys,6,427.76
2017-03-06,watches_gifts,2,94.0
2017-03-07,air_conditioning,1,794.98
2017-03-07,audio,1,45.0
2017-03-07,auto,3,567.29
2017-03-07,bed_bath_table,11,1249.4700000000003
2017-03-07,books_general_interest,1,27.12
2017-03-07,computers_accessories,3,689.7
2017-03-07,consoles_games,2,249.89
2017-03-07,cool_stuff,3,403.89
2017-03-07,electronics,2,338.0
2017-03-07,fashion_shoes,2,62.8
2017-03-07,food,1,18.99
2017-03-07,furniture_decor,7,432.53999999999996
2017-03-07,furniture_living_room,2,172.89
2017-03-07,garden_tools,4,190.6
2017-03-07,health_beauty,5,642.85
2017-03-07,home_appliances,1,27.0
2017-03-07,home_construction,6,91.08000000000001
2017-03-07,housewares,11,606.1999999999999
2017-03-07,luggage_accessories,2,119.8
2017-03-07,market_place,2,312.8
2017-03-07,office_furniture,3,419.97
2017-03-07,perfumery,3,979.6999999999999
2017-03-07,small_appliances,1,109.9
2017-03-07,sports_leisure,3,209.88
2017-03-07,stationery,4,542.9
2017-03-07,telephony,3,96.97
2017-03-07,toys,4,1239.8700000000001
2017-03-07,watches_gifts,4,746.54
2017-03-08,audio,1,59.0
2017-03-08,auto,3,374.59000000000003
2017-03-08,bed_bath_table,8,809.66
2017-03-08,books_general_interest,1,21.32
2017-03-08,computers_accessories,8,4371.389999999999
2017-03-08,consoles_games,1,689.89
2017-03-08,cool_stuff,7,1345.5800000000002
2017-03-08,fashion_bags_accessories,4,183.89999999999998
2017-03-08,food,2,299.8
2017-03-08,furniture_decor,7,384.85
2017-03-08,garden_tools,4,317.89
2017-03-08,health_beauty,4,286.79
2017-03-08,housewares,5,505.44
2017-03-08,kitchen_dining_laundry_garden_furniture,1,48.0
2017-03-08,luggage_accessories,1,59.9
2017-03-08,market_place,1,63.9
2017-03-08,musical_instruments,1,429.9
2017-03-08,office_furniture,2,339.95
2017-03-08,perfumery,3,738.98
2017-03-08,sports_leisure,5,321.59000000000003
2017-03-08,stationery,2,233.9
2017-03-08,telephony,3,132.89
2017-03-08,toys,2,101.88999999999999
2017-03-08,watches_gifts,2,168.0
2017-03-09,air_conditioning,1,59.9
2017-03-09,audio,1,190.0
2017-03-09,auto,2,172.08999999999997
2017-03-09,baby,2,119.99
2017-03-09,bed_bath_table,13,1560.3600000000006
2017-03-09,computers_accessories,11,472.5
2017-03-09,consoles_games,1,19.9
2017-03-09,cool_stuff,6,1049.79
2017-03-09,food_drink,1,19.9
2017-03-09,furniture_decor,16,948.9299999999998
2017-03-09,furniture_living_room,1,129.9
2017-03-09,garden_tools,7,626.39
2017-03-09,health_beauty,9,1187.07
2017-03-09,home_confort,2,131.9
2017-03-09,housewares,4,272.83
2017-03-09,luggage_accessories,2,189.4
2017-03-09,market_place,2,322.79999999999995
2017-03-09,office_furniture,3,599.97
2017-03-09,perfumery,4,179.87
2017-03-09,small_appliances,3,1190.9
2017-03-09,sports_leisure,10,879.6099999999999
2017-03-09,stationery,2,228.9
2017-03-09,telephony,3,64.97
2017-03-09,toys,1,64.9
2017-03-09,watches_gifts,2,270.27
2017-03-10,air_conditioning,1,169.9
2017-03-10,audio,2,158.0
2017-03-10,auto,2,208.99
2017-03-10,baby,3,76.69999999999999
2017-03-10,bed_bath_table,6,602.76
2017-03-10,books_general_interest,1,129.9
2017-03-10,books_technical,1,30.0
2017-03-10,computers_accessories,14,1397.0900000000004
2017-03-10,consoles_games,2,198.0
2017-03-10,cool_stuff,2,379.98
2017-03-10,fashion_bags_accessories,1,29.9
2017-03-10,fashion_male_clothing,1,14.9
2017-03-10,fashion_shoes,1,294.9
2017-03-10,furniture_decor,10,856.0
2017-03-10,furniture_living_room,1,103.97
2017-03-10,garden_tools,4,1354.7
2017-03-10,health_beauty,9,1479.85
2017-03-10,housewares,7,275.66
2017-03-10,office_furniture,2,1239.8600000000001
2017-03-10,perfumery,3,826.79
2017-03-10,sports_leisure,6,525.8499999999999
2017-03-10,stationery,4,262.3
2017-03-10,telephony,3,63.88
2017-03-10,toys,3,238.78
2017-03-10,watches_gifts,2,747.63
2017-03-11,air_conditioning,1,869.95
2017-03-11,auto,3,1417.3
2017-03-11,bed_bath_table,15,1373.8200000000002
2017-03-11,computers_accessories,6,251.59000000000003
2017-03-11,consoles_games,1,689.89
2017-03-11,cool_stuff,1,119.99
2017-03-11,electronics,4,290.78999999999996
2017-03-11,fashion_bags_accessories,1,34.9
2017-03-11,fixed_telephony,2,79.98
2017-03-11,furniture_decor,2,98.25
2017-03-11,garden_tools,4,249.69
2017-03-11,health_beauty,5,588.69
2017-03-11,housewares,1,23.9
2017-03-11,luggage_accessories,1,174.9
2017-03-11,musical_instruments,1,4.9
2017-03-11,office_furniture,3,419.15999999999997
2017-03-11,perfumery,1,314.99
2017-03-11,sports_leisure,6,1038.3400000000001
2017-03-11,stationery,2,138.0
2017-03-11,telephony,9,410.77000000000004
2017-03-11,toys,3,872.88
2017-03-11,watches_gifts,3,890.94
2017-03-12,air_conditioning,1,430.0
2017-03-12,audio,1,79.0
2017-03-12,auto,2,238.99
2017-03-12,baby,2,219.89
2017-03-12,bed_bath_table,6,427.49
2017-03-12,books_general_interest,1,53.9
2017-03-12,computers_accessories,1,19.9
2017-03-12,cool_stuff,4,558.97
2017-03-12,dvds_blu_ray,2,29.8
2017-03-12,fashion_bags_accessories,1,29.9
2017-03-12,fashion_underwear_beach,1,52.0
2017-03-12,food,2,225.49
2017-03-12,furniture_decor,8,697.01
2017-03-12,garden_tools,1,48.0
2017-03-12,health_beauty,3,443.47
2017-03-12,housewares,12,483.4799999999999
2017-03-12,luggage_accessories,3,369.78999999999996
2017-03-12,perfumery,3,559.88
2017-03-12,small_appliances,1,69.9
2017-03-12,sports_leisure,3,330.89
2017-03-12,stationery,1,69.9
2017-03-12,telephony,3,276.96000000000004
2017-03-12,toys,4,237.37
2017-03-12,watches_gifts,1,29.0
2017-03-13,air_conditioning,1,59.9
2017-03-13,auto,1,39.99
2017-03-13,baby,1,349.99
2017-03-13,bed_bath_table,8,817.39
2017-03-13,books_general_interest,2,230.0
2017-03-13,computers_accessories,6,562.5999999999999
2017-03-13,consoles_games,2,148.9
2017-03-13,cool_stuff,4,758.97
2017-03-13,fashion_bags_accessories,3,122.9
2017-03-13,fashion_underwear_beach,1,51.0
2017-03-13,furniture_decor,15,1137.8999999999999
2017-03-13,furniture_living_room,1,179.99
2017-03-13,garden_tools,11,3069.3599999999997
2017-03-13,health_beauty,10,1636.9899999999998
2017-03-13,home_appliances,1,39.9
2017-03-13,home_comfort_2,1,12.9
2017-03-13,home_construction,1,74.0
2017-03-13,housewares,1,165.4
2017-03-13,market_place,1,48.99
2017-03-13,office_furniture,5,529.92
2017-03-13,perfumery,5,1207.78
2017-03-13,pet_shop,2,195.4
2017-03-13,small_appliances,1,1309.99
2017-03-13,sports_leisure,7,717.04
2017-03-13,stationery,3,316.8
2017-03-13,telephony,4,331.78999999999996
2017-03-13,toys,6,544.77
2017-03-13,watches_gifts,5,1690.9
2017-03-14,air_conditioning,1,350.0
2017-03-14,auto,4,490.0
2017-03-14,bed_bath_table,8,906.38
2017-03-14,books_general_interest,6,729.5999999999999
2017-03-14,computers_accessories,2,41.8
2017-03-14,consoles_games,3,352.89
2017-03-14,cool_stuff,7,1251.87
2017-03-14,drinks,1,90.0
2017-03-14,electronics,2,96.8
2017-03-14,fashio_female_clothing,1,19.9
2017-03-14,fashion_bags_accessories,3,71.3
2017-03-14,fixed_telephony,1,60.0
2017-03-14,furniture_decor,11,629.17
2017-03-14,garden_tools,1,69.0
2017-03-14,health_beauty,12,1904.31
2017-03-14,home_appliances,1,32.9
2017-03-14,housewares,12,1444.65
2017-03-14,luggage_accessories,2,319.89
2017-03-14,musical_instruments,1,17.99
2017-03-14,office_furniture,5,796.87
2017-03-14,perfumery,6,877.5799999999999
2017-03-14,pet_shop,1,67.12
2017-03-14,small_appliances,3,1723.0
2017-03-14,sports_leisure,4,278.99
2017-03-14,stationery,2,747.0
2017-03-14,telephony,3,96.78999999999999
2017-03-14,toys,3,269.97
2017-03-14,watches_gifts,1,29.0
2017-03-15,air_conditioning,2,119.8
2017-03-15,auto,3,288.59000000000003
2017-03-15,baby,1,99.9
2017-03-15,bed_bath_table,8,835.0699999999999
2017-03-15,books_technical,1,45.0
2017-03-15,computers_accessories,4,539.3
2017-03-15,consoles_games,2,924.89
2017-03-15,cool_stuff,6,978.59
2017-03-15,electronics,2,68.99
2017-03-15,fashion_bags_accessories,4,296.9
2017-03-15,food,3,204.82
2017-03-15,food_drink,2,44.0
2017-03-15,furniture_decor,10,899.4599999999999
2017-03-15,garden_tools,15,1421.4800000000007
2017-03-15,health_beauty,5,769.37
2017-03-15,home_appliances_2,1,487.0
2017-03-15,home_construction,1,146.9
2017-03-15,housewares,13,766.54
2017-03-15,luggage_accessories,1,259.0
2017-03-15,perfumery,5,1000.5899999999999
2017-03-15,pet_shop,2,72.89
2017-03-15,sports_leisure,6,1321.1
2017-03-15,stationery,3,314.7
2017-03-15,telephony,5,202.78
2017-03-15,toys,4,491.59000000000003
2017-03-15,watches_gifts,5,1741.85
2017-03-16,art,1,28.0
2017-03-16,audio,2,224.99
2017-03-16,auto,1,1199.0
2017-03-16,baby,1,168.0
2017-03-16,bed_bath_table,13,798.2999999999998
2017-03-16,computers_accessories,7,685.75
2017-03-16,consoles_games,3,819.9
2017-03-16,cool_stuff,2,279.0
2017-03-16,drinks,1,173.99
2017-03-16,electronics,1,415.99
2017-03-16,fashion_bags_accessories,2,57.2
2017-03-16,fashion_shoes,2,232.6
2017-03-16,food,2,311.9
2017-03-16,furniture_decor,7,591.59
2017-03-16,furniture_living_room,2,608.99
2017-03-16,garden_tools,7,260.3
2017-03-16,health_beauty,13,1732.3700000000003
2017-03-16,home_appliances,1,32.9
2017-03-16,home_confort,1,89.9
2017-03-16,housewares,8,576.5600000000001
2017-03-16,luggage_accessories,2,314.8
2017-03-16,market_place,1,69.9
2017-03-16,office_furniture,9,969.75
2017-03-16,perfumery,7,1005.3899999999999
2017-03-16,pet_shop,3,77.99000000000001
2017-03-16,sports_leisure,7,775.68
2017-03-16,telephony,3,84.97
2017-03-16,toys,4,441.78
2017-03-16,watches_gifts,11,1106.9499999999998
2017-03-17,agro_industry_and_commerce,1,59.99
2017-03-17,air_conditioning,1,59.9
2017-03-17,baby,4,382.58000000000004
2017-03-17,bed_bath_table,9,684.3
2017-03-17,computers_accessories,1,29.9
2017-03-17,consoles_games,1,520.9
2017-03-17,cool_stuff,4,989.98
2017-03-17,fashion_bags_accessories,1,59.9
2017-03-17,fashion_underwear_beach,2,30.89
2017-03-17,furniture_decor,13,746.1499999999999
2017-03-17,garden_tools,6,1894.6800000000003
2017-03-17,health_beauty,5,853.99
2017-03-17,housewares,3,347.94
2017-03-17,luggage_accessories,1,54.9
2017-03-17,musical_instruments,1,322.75
2017-03-17,office_furniture,6,798.3500000000001
2017-03-17,perfumery,2,919.8
2017-03-17,pet_shop,1,68.8
2017-03-17,small_appliances,1,849.0
2017-03-17,sports_leisure,9,419.49
2017-03-17,stationery,2,338.9
2017-03-17,telephony,2,87.89
2017-03-17,watches_gifts,2,1389.52
2017-03-18,auto,3,309.12
2017-03-18,baby,3,409.79
2017-03-18,bed_bath_table,9,592.0699999999999
2017-03-18,computers_accessories,6,555.6999999999999
2017-03-18,consoles_games,2,794.9
2017-03-18,cool_stuff,3,324.79
2017-03-18,electronics,2,539.8
2017-03-18,fashion_bags_accessories,2,380.0
2017-03-18,fashion_male_clothing,1,199.9
2017-03-18,food,1,177.0
2017-03-18,furniture_decor,4,317.69000000000005
2017-03-18,furniture_living_room,1,75.0
2017-03-18,garden_tools,6,537.68
2017-03-18,health_beauty,3,171.99
2017-03-18,housewares,4,275.46999999999997
2017-03-18,office_furniture,1,126.99
2017-03-18,perfumery,2,113.98
2017-03-18,pet_shop,2,2577.5
2017-03-18,small_appliances,3,487.8
2017-03-18,sports_leisure,4,1741.4
2017-03-18,tablets_printing_image,1,99.0
2017-03-18,telephony,4,125.95
2017-03-18,toys,3,298.89
2017-03-18,watches_gifts,3,4896.61
2017-03-19,auto,1,19.9
2017-03-19,bed_bath_table,2,239.8
2017-03-19,computers_accessories,2,198.99
2017-03-19,cool_stuff,3,359.97
2017-03-19,electronics,1,114.89
2017-03-19,fashion_bags_accessories,1,250.0
2017-03-19,food,2,326.9
2017-03-19,furniture_decor,9,522.6
2017-03-19,furniture_living_room,1,103.97
2017-03-19,garden_tools,4,434.78
2017-03-19,health_beauty,2,399.98
2017-03-19,home_appliances,1,32.9
2017-03-19,housewares,6,431.47
2017-03-19,luggage_accessories,2,258.9
2017-03-19,office_furniture,4,461.90999999999997
2017-03-19,perfumery,6,1425.8
2017-03-19,pet_shop,4,396.78999999999996
2017-03-19,stationery,1,69.0
2017-03-19,telephony,1,49.0
2017-03-19,toys,3,273.8
2017-03-19,watches_gifts,2,238.0
2017-03-20,agro_industry_and_commerce,1,22.0
2017-03-20,baby,2,159.9
2017-03-20,bed_bath_table,13,879.18
2017-03-20,computers_accessories,3,3462.88
2017-03-20,cool_stuff,9,1403.6700000000003
2017-03-20,electronics,2,75.39
2017-03-20,fashion_bags_accessories,2,128.9
2017-03-20,fashion_male_clothing,2,112.9
2017-03-20,fashion_shoes,2,73.8
2017-03-20,fixed_telephony,2,46.8
2017-03-20,furniture_decor,9,840.36
2017-03-20,furniture_living_room,5,519.85
2017-03-20,garden_tools,5,331.67999999999995
2017-03-20,health_beauty,18,2145.03
2017-03-20,home_confort,1,89.9
2017-03-20,housewares,8,706.41
2017-03-20,luggage_accessories,2,499.98
2017-03-20,market_place,1,69.9
2017-03-20,office_furniture,2,306.98
2017-03-20,perfumery,10,2333.0000000000005
2017-03-20,pet_shop,1,79.99
2017-03-20,small_appliances,1,328.0
2017-03-20,sports_leisure,10,1257.2
2017-03-20,stationery,2,129.8
2017-03-20,telephony,5,143.86
2017-03-20,toys,1,49.9
2017-03-20,watches_gifts,2,416.05
2017-03-21,air_conditioning,1,59.9
2017-03-21,art,1,109.6
2017-03-21,audio,1,34.99
2017-03-21,auto,8,1539.7500000000002
2017-03-21,baby,2,157.68
2017-03-21,bed_bath_table,4,417.78999999999996
2017-03-21,books_general_interest,1,115.0
2017-03-21,computers_accessories,7,586.28
2017-03-21,consoles_games,1,65.44
2017-03-21,cool_stuff,4,469.87
2017-03-21,electronics,3,574.49
2017-03-21,fashion_bags_accessories,2,93.10000000000001
2017-03-21,fashion_shoes,1,74.9
2017-03-21,food,2,200.99
2017-03-21,furniture_decor,9,668.0899999999999
2017-03-21,garden_tools,1,99.99
2017-03-21,health_beauty,7,544.43
2017-03-21,home_appliances,1,29.9
2017-03-21,housewares,6,511.49
2017-03-21,luggage_accessories,1,249.99
2017-03-21,musical_instruments,1,17.99
2017-03-21,office_furniture,2,253.98
2017-03-21,perfumery,4,485.69000000000005
2017-03-21,pet_shop,1,90.98
2017-03-21,sports_leisure,15,2009.2800000000002
2017-03-21,telephony,6,432.86
2017-03-21,toys,5,431.6
2017-03-21,watches_gifts,2,806.11
2017-03-22,air_conditioning,1,59.9
2017-03-22,auto,3,583.79
2017-03-22,bed_bath_table,18,2178.380000000001
2017-03-22,books_general_interest,1,104.5
2017-03-22,computers_accessories,10,874.3999999999999
2017-03-22,consoles_games,1,139.0
2017-03-22,cool_stuff,3,883.8
2017-03-22,fashion_bags_accessories,4,303.8
2017-03-22,fixed_telephony,1,32.99
2017-03-22,furniture_decor,11,412.54999999999995
2017-03-22,furniture_living_room,1,179.99
2017-03-22,garden_tools,1,329.0
2017-03-22,health_beauty,9,1440.3400000000001
2017-03-22,home_confort,1,179.0
2017-03-22,housewares,8,355.82
2017-03-22,luggage_accessories,1,389.0
2017-03-22,office_furniture,3,373.97
2017-03-22,perfumery,5,966.5
2017-03-22,pet_shop,4,496.52
2017-03-22,small_appliances,1,168.99
2017-03-22,sports_leisure,7,458.09000000000003
2017-03-22,stationery,4,189.35
2017-03-22,telephony,12,458.9200000000001
2017-03-22,toys,3,162.79
2017-03-22,watches_gifts,4,2051.8
2017-03-23,air_conditioning,1,59.9
2017-03-23,art,1,28.0
2017-03-23,auto,3,526.5
2017-03-23,baby,3,253.70000000000002
2017-03-23,bed_bath_table,18,1241.48
2017-03-23,computers_accessories,9,2592.7799999999997
2017-03-23,consoles_games,3,939.9
2017-03-23,cool_stuff,5,1098.88
2017-03-23,drinks,2,29.98
2017-03-23,electronics,1,29.5
2017-03-23,fashion_bags_accessories,3,187.8
2017-03-23,furniture_decor,8,390.39
2017-03-23,garden_tools,12,2425.9
2017-03-23,health_beauty,13,1540.2
2017-03-23,home_appliances,1,39.9
2017-03-23,housewares,7,570.87
2017-03-23,luggage_accessories,1,249.99
2017-03-23,office_furniture,4,553.54
2017-03-23,perfumery,5,668.87
2017-03-23,pet_shop,4,210.8
2017-03-23,small_appliances,2,834.0
2017-03-23,sports_leisure,5,615.97
2017-03-23,telephony,8,346.56000000000006
2017-03-23,toys,3,284.88
2017-03-23,watches_gifts,2,206.9
2017-03-24,bed_bath_table,9,872.28
2017-03-24,computers_accessories,3,119.69999999999999
2017-03-24,consoles_games,2,542.89
2017-03-24,cool_stuff,3,629.85
2017-03-24,fashion_bags_accessories,1,59.0
2017-03-24,fashion_shoes,1,199.7
2017-03-24,furniture_decor,6,706.33
2017-03-24,furniture_living_room,2,469.79999999999995
2017-03-24,garden_tools,10,660.3999999999999
2017-03-24,health_beauty,3,323.89
2017-03-24,home_confort,2,498.0
2017-03-24,home_construction,1,139.99
2017-03-24,housewares,13,943.92
2017-03-24,luggage_accessories,1,249.99
2017-03-24,market_place,1,189.9
2017-03-24,perfumery,4,338.69
2017-03-24,pet_shop,2,974.8
2017-03-24,sports_leisure,2,233.99
2017-03-24,telephony,9,614.85
2017-03-24,toys,5,1049.6799999999998
2017-03-24,watches_gifts,2,176.93
2017-03-25,auto,2,520.1
2017-03-25,baby,1,59.9
2017-03-25,bed_bath_table,4,263.78
2017-03-25,computers_accessories,3,749.0
2017-03-25,cool_stuff,3,229.88
2017-03-25,electronics,2,121.0
2017-03-25,fashion_bags_accessories,2,124.0
2017-03-25,fashion_shoes,1,199.7
2017-03-25,furniture_decor,11,1091.2
2017-03-25,garden_tools,4,174.6
2017-03-25,health_beauty,5,289.5
2017-03-25,home_construction,1,139.99
2017-03-25,housewares,6,186.98
2017-03-25,kitchen_dining_laundry_garden_furniture,2,65.98
2017-03-25,luggage_accessories,1,249.99
2017-03-25,office_furniture,1,179.96
2017-03-25,perfumery,2,308.9
2017-03-25,pet_shop,4,1032.9
2017-03-25,small_appliances,1,245.99
2017-03-25,sports_leisure,6,388.9
2017-03-25,stationery,2,203.0
2017-03-25,tablets_printing_image,1,99.0
2017-03-25,telephony,13,836.8000000000001
2017-03-25,toys,2,899.8
2017-03-25,watches_gifts,2,641.04
2017-03-26,auto,3,290.0
2017-03-26,bed_bath_table,6,504.5899999999999
2017-03-26,computers_accessories,4,553.99
2017-03-26,consoles_games,2,188.9
2017-03-26,cool_stuff,1,207.9
2017-03-26,dvds_blu_ray,1,14.9
2017-03-26,electronics,1,45.49
2017-03-26,fashion_bags_accessories,3,141.8
2017-03-26,fashion_male_clothing,3,88.3
2017-03-26,food_drink,1,21.9
2017-03-26,furniture_decor,7,597.89
2017-03-26,furniture_living_room,2,233.87
2017-03-26,garden_tools,4,407.64
2017-03-26,health_beauty,1,89.9
2017-03-26,housewares,8,417.35
2017-03-26,luggage_accessories,1,259.0
2017-03-26,office_furniture,3,356.90999999999997
2017-03-26,pet_shop,1,137.98
2017-03-26,small_appliances,2,491.98
2017-03-26,sports_leisure,8,654.0999999999999
2017-03-26,telephony,3,85.97999999999999
2017-03-26,toys,1,84.99
2017-03-26,watches_gifts,1,26.69
2017-03-27,audio,1,34.99
2017-03-27,auto,4,654.8
2017-03-27,baby,1,77.0
2017-03-27,bed_bath_table,9,944.0899999999999
2017-03-27,books_general_interest,1,115.0
2017-03-27,computers_accessories,10,4734.039999999999
2017-03-27,consoles_games,2,198.0
2017-03-27,cool_stuff,6,1175.72
2017-03-27,dvds_blu_ray,1,409.0
2017-03-27,electronics,5,404.19
2017-03-27,fashion_bags_accessories,3,121.89000000000001
2017-03-27,fashion_male_clothing,1,99.9
2017-03-27,furniture_decor,12,975.1299999999999
2017-03-27,garden_tools,3,174.70000000000002
2017-03-27,health_beauty,8,489.27
2017-03-27,home_confort,2,388.9
2017-03-27,housewares,6,275.28
2017-03-27,office_furniture,1,139.97
2017-03-27,perfumery,3,554.89
2017-03-27,pet_shop,3,175.79000000000002
2017-03-27,signaling_and_security,1,75.0
2017-03-27,small_appliances,2,1008.0
2017-03-27,sports_leisure,9,1153.68
2017-03-27,stationery,2,198.9
2017-03-27,tablets_printing_image,1,99.0
2017-03-27,telephony,12,863.84
2017-03-27,toys,3,171.79
2017-03-27,watches_gifts,4,419.41
2017-03-28,air_conditioning,1,59.9
2017-03-28,audio,1,84.9
2017-03-28,auto,6,1077.08
2017-03-28,baby,2,139.89000000000001
2017-03-28,bed_bath_table,9,539.0
2017-03-28,books_general_interest,1,149.0
2017-03-28,computers_accessories,11,515.5699999999999
2017-03-28,consoles_games,1,285.9
2017-03-28,cool_stuff,6,736.87
2017-03-28,electronics,1,29.5
2017-03-28,fashion_bags_accessories,6,936.5899999999999
2017-03-28,food,3,276.88
2017-03-28,furniture_decor,7,337.53
2017-03-28,garden_tools,5,497.0999999999999
2017-03-28,health_beauty,7,415.95
2017-03-28,home_confort,1,249.0
2017-03-28,housewares,5,192.73999999999998
2017-03-28,luggage_accessories,5,639.4999999999999
2017-03-28,musical_instruments,3,343.79999999999995
2017-03-28,office_furniture,1,99.96
2017-03-28,perfumery,3,380.9
2017-03-28,small_appliances,1,39.9
2017-03-28,sports_leisure,5,484.87
2017-03-28,stationery,6,615.79
2017-03-28,telephony,7,252.85000000000002
2017-03-28,toys,1,739.9
2017-03-28,watches_gifts,2,1013.47
2017-03-29,auto,1,20.0
2017-03-29,baby,2,91.9
2017-03-29,bed_bath_table,12,1223.0900000000001
2017-03-29,computers_accessories,1,99.0
2017-03-29,consoles_games,2,17.98
2017-03-29,cool_stuff,1,58.99
2017-03-29,electronics,1,45.49
2017-03-29,fashion_bags_accessories,1,49.9
2017-03-29,fashion_shoes,2,190.8
2017-03-29,fashion_underwear_beach,1,174.0
2017-03-29,fixed_telephony,1,39.99
2017-03-29,furniture_decor,7,741.05
2017-03-29,furniture_living_room,4,415.88
2017-03-29,garden_tools,3,734.6999999999999
2017-03-29,health_beauty,8,525.68
2017-03-29,home_confort,2,488.9
2017-03-29,housewares,6,290.26
2017-03-29,luggage_accessories,2,315.79999999999995
2017-03-29,office_furniture,2,255.95
2017-03-29,perfumery,1,68.0
2017-03-29,pet_shop,1,129.9
2017-03-29,small_appliances,2,438.99
2017-03-29,sports_leisure,5,540.75
2017-03-29,stationery,2,28.979999999999997
2017-03-29,telephony,8,558.77
2017-03-29,toys,2,123.97999999999999
2017-03-29,watches_gifts,1,255.61
2017-03-30,audio,1,79.0
2017-03-30,auto,3,556.9
2017-03-30,baby,1,59.99
2017-03-30,bed_bath_table,9,390.60999999999996
2017-03-30,computers_accessories,6,856.78
2017-03-30,cool_stuff,3,816.89
2017-03-30,electronics,2,505.99
2017-03-30,fashion_bags_accessories,3,184.89
2017-03-30,fixed_telephony,4,559.96
2017-03-30,furniture_decor,5,365.5
2017-03-30,garden_tools,4,1082.8899999999999
2017-03-30,health_beauty,2,250.99
2017-03-30,home_comfort_2,2,329.98
2017-03-30,housewares,7,427.07
2017-03-30,office_furniture,4,664.51
2017-03-30,perfumery,1,49.9
2017-03-30,pet_shop,1,67.12
2017-03-30,sports_leisure,8,668.29
2017-03-30,stationery,2,85.9
2017-03-30,telephony,5,386.87
2017-03-30,toys,5,347.68
2017-03-31,air_conditioning,1,59.9
2017-03-31,auto,3,528.7
2017-03-31,bed_bath_table,4,260.6
2017-03-31,books_general_interest,1,115.0
2017-03-31,computers_accessories,6,230.64999999999998
2017-03-31,consoles_games,2,64.58
2017-03-31,fashion_bags_accessories,1,69.99
2017-03-31,fixed_telephony,1,19.99
2017-03-31,food,2,219.99
2017-03-31,furniture_decor,2,241.60000000000002
2017-03-31,furniture_living_room,1,129.9
2017-03-31,garden_tools,2,2269.9
2017-03-31,health_beauty,7,1329.8500000000001
2017-03-31,housewares,2,91.1
2017-03-31,luggage_accessories,2,219.8
2017-03-31,market_place,1,19.9
2017-03-31,office_furniture,1,89.96
2017-03-31,perfumery,6,1492.4
2017-03-31,pet_shop,1,129.9
2017-03-31,sports_leisure,5,487.4
2017-03-31,stationery,4,321.8
2017-03-31,tablets_printing_image,1,99.0
2017-03-31,telephony,7,242.85000000000002
2017-03-31,toys,6,886.66
2017-03-31,watches_gifts,3,2549.36
2017-04-01,air_conditioning,1,59.9
2017-04-01,auto,3,551.99
2017-04-01,bed_bath_table,15,1006.7499999999998
2017-04-01,computers_accessories,1,89.99
2017-04-01,consoles_games,1,107.94
2017-04-01,cool_stuff,3,2253.99
2017-04-01,fashion_bags_accessories,1,69.0
2017-04-01,fashion_shoes,1,74.9
2017-04-01,furniture_decor,4,356.0
2017-04-01,furniture_living_room,1,103.97
2017-04-01,garden_tools,1,79.99
2017-04-01,health_beauty,7,765.28
2017-04-01,housewares,3,134.1
2017-04-01,office_furniture,2,259.56
2017-04-01,perfumery,4,1208.6
2017-04-01,small_appliances,2,7388.0
2017-04-01,sports_leisure,3,274.70000000000005
2017-04-01,stationery,2,242.8
2017-04-01,tablets_printing_image,1,99.0
2017-04-01,telephony,4,359.88
2017-04-01,toys,1,54.9
2017-04-01,watches_gifts,2,1672.3400000000001
2017-04-02,air_conditioning,1,59.9
2017-04-02,auto,4,1596.0
2017-04-02,baby,1,89.9
2017-04-02,bed_bath_table,16,1663.0700000000002
2017-04-02,computers_accessories,2,248.89000000000001
2017-04-02,cool_stuff,1,99.9
2017-04-02,fashion_bags_accessories,1,39.9
2017-04-02,fashion_sport,1,49.9
2017-04-02,food,1,60.0
2017-04-02,furniture_decor,5,379.0
2017-04-02,furniture_living_room,1,129.9
2017-04-02,garden_tools,3,204.70000000000002
2017-04-02,health_beauty,5,766.87
2017-04-02,home_confort,1,39.9
2017-04-02,luggage_accessories,2,219.8
2017-04-02,musical_instruments,1,322.75
2017-04-02,office_furniture,5,679.1100000000001
2017-04-02,perfumery,1,329.9
2017-04-02,pet_shop,2,119.89
2017-04-02,sports_leisure,4,330.39
2017-04-02,stationery,1,85.0
2017-04-02,tablets_printing_image,1,152.99
2017-04-02,telephony,3,66.95
2017-04-02,toys,6,639.4899999999999
2017-04-02,watches_gifts,5,538.79
2017-04-03,auto,1,92.96
2017-04-03,baby,1,110.0
2017-04-03,bed_bath_table,12,992.6999999999998
2017-04-03,cine_photo,1,59.0
2017-04-03,computers_accessories,2,55.8
2017-04-03,cool_stuff,2,109.80000000000001
2017-04-03,costruction_tools_garden,1,10.91
2017-04-03,electronics,2,158.9
2017-04-03,fashion_shoes,1,29.9
2017-04-03,furniture_decor,7,420.18999999999994
2017-04-03,garden_tools,6,309.4
2017-04-03,health_beauty,3,189.88
2017-04-03,housewares,9,842.49
2017-04-03,market_place,1,1964.0
2017-04-03,office_furniture,3,761.58
2017-04-03,perfumery,4,956.6899999999999
2017-04-03,signaling_and_security,1,24.07
2017-04-03,small_appliances,1,49.5
2017-04-03,sports_leisure,5,431.59999999999997
2017-04-03,stationery,1,19.44
2017-04-03,telephony,6,239.96
2017-04-03,toys,2,73.89
2017-04-03,watches_gifts,1,255.61
2017-04-04,audio,1,79.0
2017-04-04,auto,4,562.8800000000001
2017-04-04,baby,1,59.99
2017-04-04,bed_bath_table,18,1345.88
2017-04-04,computers_accessories,6,412.05
2017-04-04,consoles_games,2,571.8
2017-04-04,cool_stuff,4,1077.8
2017-04-04,electronics,1,69.9
2017-04-04,fashion_bags_accessories,3,88.80000000000001
2017-04-04,fashion_shoes,1,35.9
2017-04-04,fixed_telephony,1,349.0
2017-04-04,food,1,19.99
2017-04-04,furniture_decor,8,569.08
2017-04-04,garden_tools,2,339.8
2017-04-04,health_beauty,6,553.6
2017-04-04,home_appliances,1,27.0
2017-04-04,home_confort,1,269.0
2017-04-04,housewares,9,701.27
2017-04-04,luggage_accessories,3,419.70000000000005
2017-04-04,office_furniture,3,453.97
2017-04-04,perfumery,3,902.6999999999999
2017-04-04,pet_shop,1,59.9
2017-04-04,small_appliances,1,328.0
2017-04-04,sports_leisure,8,832.0500000000001
2017-04-04,stationery,1,129.0
2017-04-04,telephony,8,1016.8400000000001
2017-04-04,toys,2,116.88999999999999
2017-04-04,watches_gifts,2,161.89
2017-04-05,auto,1,1199.9
2017-04-05,bed_bath_table,15,912.0799999999998
2017-04-05,computers_accessories,2,3220.0
2017-04-05,cool_stuff,7,1325.3700000000001
2017-04-05,dvds_blu_ray,1,1420.0
2017-04-05,electronics,5,265.88
2017-04-05,fashion_bags_accessories,1,49.0
2017-04-05,furniture_decor,8,478.39000000000004
2017-04-05,garden_tools,4,1068.08
2017-04-05,health_beauty,5,814.38
2017-04-05,home_appliances,1,32.9
2017-04-05,home_confort,1,89.9
2017-04-05,housewares,5,313.27
2017-04-05,luggage_accessories,4,704.5999999999999
2017-04-05,market_place,1,143.0
2017-04-05,perfumery,5,1259.5
2017-04-05,pet_shop,2,279.78
2017-04-05,sports_leisure,9,1219.8400000000001
2017-04-05,stationery,3,129.8
2017-04-05,telephony,4,285.78
2017-04-05,toys,9,1269.17
2017-04-05,watches_gifts,5,1813.6200000000001
2017-04-06,auto,3,246.99
2017-04-06,baby,3,199.79000000000002
2017-04-06,bed_bath_table,12,1264.8500000000001
2017-04-06,books_technical,1,75.0
2017-04-06,computers_accessories,3,931.0
2017-04-06,consoles_games,1,285.9
2017-04-06,cool_stuff,8,673.4799999999999
2017-04-06,electronics,3,178.8
2017-04-06,fashion_male_clothing,1,29.99
2017-04-06,food,1,24.99
2017-04-06,furniture_decor,5,324.09999999999997
2017-04-06,garden_tools,3,3349.8
2017-04-06,health_beauty,6,360.98
2017-04-06,housewares,7,325.11
2017-04-06,kitchen_dining_laundry_garden_furniture,1,19.9
2017-04-06,market_place,1,27.0
2017-04-06,office_furniture,3,449.97
2017-04-06,perfumery,8,2060.3
2017-04-06,pet_shop,1,809.9
2017-04-06,small_appliances,3,3523.0
2017-04-06,sports_leisure,6,259.6
2017-04-06,stationery,3,258.8
2017-04-06,telephony,8,209.74999999999997
2017-04-06,toys,4,413.7
2017-04-06,watches_gifts,2,1594.0
2017-04-07,auto,1,159.99
2017-04-07,bed_bath_table,6,686.3
2017-04-07,books_general_interest,1,115.0
2017-04-07,computers_accessories,3,1050.51
2017-04-07,consoles_games,2,1669.89
2017-04-07,cool_stuff,1,199.99
2017-04-07,electronics,1,21.9
2017-04-07,fashion_bags_accessories,3,149.70000000000002
2017-04-07,fashion_male_clothing,1,99.9
2017-04-07,fashion_shoes,2,149.8
2017-04-07,fashion_underwear_beach,1,62.0
2017-04-07,furniture_decor,4,236.14999999999998
2017-04-07,furniture_living_room,1,179.99
2017-04-07,garden_tools,5,1163.88
2017-04-07,health_beauty,9,552.65
2017-04-07,home_comfort_2,1,12.9
2017-04-07,housewares,5,162.54000000000002
2017-04-07,market_place,2,97.69999999999999
2017-04-07,musical_instruments,1,419.9
2017-04-07,office_furniture,1,849.99
2017-04-07,perfumery,5,1345.5900000000001
2017-04-07,pet_shop,3,307.48
2017-04-07,sports_leisure,9,1145.7
2017-04-07,tablets_printing_image,2,113.9
2017-04-07,telephony,5,94.64999999999999
2017-04-07,toys,9,668.49
2017-04-07,watches_gifts,5,1009.0
2017-04-08,air_conditioning,2,198.8
2017-04-08,auto,4,316.97
2017-04-08,baby,3,121.99000000000001
2017-04-08,bed_bath_table,5,263.69
2017-04-08,computers_accessories,1,34.9
2017-04-08,cool_stuff,3,778.88
2017-04-08,fashion_bags_accessories,1,169.99
2017-04-08,fixed_telephony,1,7.9
2017-04-08,food,2,173.0
2017-04-08,furniture_decor,6,493.89
2017-04-08,furniture_living_room,1,29.9
2017-04-08,garden_tools,3,420.9
2017-04-08,health_beauty,5,318.78999999999996
2017-04-08,housewares,4,212.85000000000002
2017-04-08,kitchen_dining_laundry_garden_furniture,2,144.0
2017-04-08,luggage_accessories,1,79.9
2017-04-08,market_place,1,35.9
2017-04-08,musical_instruments,1,279.77
2017-04-08,office_furniture,1,39.9
2017-04-08,perfumery,2,582.8
2017-04-08,pet_shop,1,60.9
2017-04-08,sports_leisure,3,564.89
2017-04-08,telephony,1,18.9
2017-04-08,toys,4,382.70000000000005
2017-04-08,watches_gifts,7,2113.9
2017-04-09,air_conditioning,2,119.8
2017-04-09,audio,1,75.0
2017-04-09,auto,4,362.89
2017-04-09,baby,1,12.99
2017-04-09,bed_bath_table,6,203.00000000000003
2017-04-09,computers_accessories,4,332.84
2017-04-09,cool_stuff,3,124.97
2017-04-09,electronics,1,48.99
2017-04-09,fashion_bags_accessories,1,39.99
2017-04-09,fashion_underwear_beach,1,24.99
2017-04-09,furniture_decor,7,437.04999999999995
2017-04-09,garden_tools,5,1070.89
2017-04-09,health_beauty,3,724.88
2017-04-09,home_construction,1,125.0
2017-04-09,housewares,1,37.9
2017-04-09,kitchen_dining_laundry_garden_furniture,1,108.9
2017-04-09,la_cuisine,1,24.0
2017-04-09,luggage_accessories,3,333.7
2017-04-09,musical_instruments,1,4.9
2017-04-09,perfumery,3,502.69999999999993
2017-04-09,pet_shop,1,156.0
2017-04-09,signaling_and_security,1,75.0
2017-04-09,sports_leisure,9,1638.7600000000002
2017-04-09,telephony,4,189.93
2017-04-09,toys,3,153.76999999999998
2017-04-09,watches_gifts,5,787.01
2017-04-10,air_conditioning,2,626.78
2017-04-10,audio,2,179.8
2017-04-10,auto,4,1049.23
2017-04-10,baby,1,79.9
2017-04-10,bed_bath_table,8,743.8899999999999
2017-04-10,computers_accessories,5,1045.5
2017-04-10,cool_stuff,8,1358.27
2017-04-10,electronics,2,56.99
2017-04-10,fashion_bags_accessories,6,321.68
2017-04-10,fashion_underwear_beach,1,5.9
2017-04-10,furniture_decor,11,487.25
2017-04-10,garden_tools,3,267.36
2017-04-10,health_beauty,10,674.74
2017-04-10,housewares,2,129.8
2017-04-10,luggage_accessories,1,259.9
2017-04-10,perfumery,3,841.6999999999999
2017-04-10,sports_leisure,6,617.5799999999999
2017-04-10,stationery,3,299.70000000000005
2017-04-10,telephony,4,87.78999999999999
2017-04-10,toys,7,689.77
2017-04-10,watches_gifts,1,1375.0
2017-04-11,auto,4,396.78999999999996
2017-04-11,baby,1,110.0
2017-04-11,bed_bath_table,5,456.68999999999994
2017-04-11,computers_accessories,6,232.79000000000002
2017-04-11,cool_stuff,7,1027.77
2017-04-11,electronics,1,18.16
2017-04-11,fashion_bags_accessories,4,237.89000000000001
2017-04-11,fashion_shoes,1,29.9
2017-04-11,furniture_decor,5,493.34000000000003
2017-04-11,garden_tools,7,554.8800000000001
2017-04-11,health_beauty,6,717.3199999999999
2017-04-11,home_appliances,1,27.0
2017-04-11,housewares,4,304.88
2017-04-11,luggage_accessories,2,314.79999999999995
2017-04-11,music,1,34.9
2017-04-11,musical_instruments,2,294.9
2017-04-11,perfumery,3,248.8
2017-04-11,pet_shop,1,75.99
2017-04-11,signaling_and_security,1,28.99
2017-04-11,sports_leisure,7,773.4
2017-04-11,stationery,1,52.9
2017-04-11,tablets_printing_image,1,99.0
2017-04-11,telephony,5,145.84
2017-04-11,toys,4,295.68
2017-04-12,auto,3,588.8
2017-04-12,bed_bath_table,3,184.70000000000002
2017-04-12,computers_accessories,3,451.3
2017-04-12,cool_stuff,5,739.95
2017-04-12,fashion_bags_accessories,3,268.89
2017-04-12,fashion_sport,1,49.9
2017-04-12,food_drink,1,13.9
2017-04-12,furniture_living_room,6,1026.61
2017-04-12,garden_tools,2,74.36
2017-04-12,health_beauty,6,1306.87
2017-04-12,home_construction,1,620.1
2017-04-12,housewares,5,357.62
2017-04-12,luggage_accessories,1,69.9
2017-04-12,musical_instruments,1,4.9
2017-04-12,perfumery,2,37.989999999999995
2017-04-12,pet_shop,3,260.70000000000005
2017-04-12,sports_leisure,7,552.1700000000001
2017-04-12,stationery,1,69.9
2017-04-12,telephony,3,62.97999999999999
2017-04-12,toys,5,812.78
2017-04-12,watches_gifts,1,215.9
2017-04-13,auto,4,458.22999999999996
2017-04-13,bed_bath_table,3,295.9
2017-04-13,books_general_interest,1,19.99
2017-04-13,computers_accessories,5,151.1
2017-04-13,consoles_games,2,64.58
2017-04-13,cool_stuff,2,229.98000000000002
2017-04-13,costruction_tools_tools,1,729.0
2017-04-13,fashio_female_clothing,1,64.9
2017-04-13,fashion_shoes,2,104.80000000000001
2017-04-13,fashion_sport,1,64.99
2017-04-13,food,1,99.0
2017-04-13,furniture_decor,3,850.88
2017-04-13,furniture_living_room,1,499.0
2017-04-13,garden_tools,6,212.40000000000003
2017-04-13,health_beauty,5,1192.5500000000002
2017-04-13,housewares,3,319.9
2017-04-13,luggage_accessories,5,796.5
2017-04-13,market_place,1,28.99
2017-04-13,office_furniture,1,430.0
2017-04-13,perfumery,4,937.6999999999999
2017-04-13,pet_shop,1,109.99
2017-04-13,sports_leisure,2,189.89
2017-04-13,stationery,2,333.9
2017-04-13,telephony,1,18.95
2017-04-13,toys,4,478.99
2017-04-13,watches_gifts,2,1009.3199999999999
2017-04-14,auto,1,275.0
2017-04-14,baby,1,79.9
2017-04-14,bed_bath_table,4,127.6
2017-04-14,computers_accessories,2,328.74
2017-04-14,cool_stuff,4,1118.8799999999999
2017-04-14,furniture_decor,4,606.39
2017-04-14,garden_tools,5,373.0
2017-04-14,health_beauty,3,490.79999999999995
2017-04-14,home_appliances,1,32.9
2017-04-14,home_appliances_2,1,399.9
2017-04-14,housewares,2,255.89
2017-04-14,kitchen_dining_laundry_garden_furniture,1,48.9
2017-04-14,luggage_accessories,1,139.9
2017-04-14,perfumery,3,544.79
2017-04-14,pet_shop,2,275.9
2017-04-14,sports_leisure,6,547.3599999999999
2017-04-14,telephony,4,83.89
2017-04-14,toys,1,64.9
2017-04-14,watches_gifts,5,694.5699999999999
2017-04-15,air_conditioning,1,799.95
2017-04-15,auto,6,818.6
2017-04-15,bed_bath_table,6,395.4
2017-04-15,books_general_interest,1,119.5
2017-04-15,computers_accessories,2,108.9
2017-04-15,cool_stuff,2,199.98
2017-04-15,electronics,3,51.89
2017-04-15,fashion_shoes,1,199.7
2017-04-15,fixed_telephony,1,39.99
2017-04-15,furniture_bedroom,1,209.99
2017-04-15,furniture_decor,2,1003.89
2017-04-15,garden_tools,5,1245.6000000000001
2017-04-15,health_beauty,2,125.80000000000001
2017-04-15,housewares,4,389.87
2017-04-15,musical_instruments,1,278.77
2017-04-15,perfumery,4,623.78
2017-04-15,pet_shop,1,134.9
2017-04-15,sports_leisure,2,119.9
2017-04-15,stationery,1,69.0
2017-04-15,telephony,2,198.99
2017-04-15,toys,2,172.89000000000001
2017-04-16,auto,3,289.2
2017-04-16,baby,3,386.33000000000004
2017-04-16,bed_bath_table,4,463.20000000000005
2017-04-16,computers_accessories,2,326.9
2017-04-16,cool_stuff,1,99.99
2017-04-16,costruction_tools_garden,1,59.9
2017-04-16,food,1,99.0
2017-04-16,furniture_decor,4,408.7
2017-04-16,garden_tools,2,558.9
2017-04-16,health_beauty,3,417.15
2017-04-16,housewares,3,76.8
2017-04-16,kitchen_dining_laundry_garden_furniture,1,48.9
2017-04-16,perfumery,3,185.98000000000002
2017-04-16,pet_shop,1,120.0
2017-04-16,small_appliances,1,99.0
2017-04-16,sports_leisure,9,642.08
2017-04-16,stationery,1,59.9
2017-04-16,telephony,3,79.97999999999999
2017-04-16,toys,1,36.9
2017-04-16,watches_gifts,3,567.15
2017-04-17,audio,1,39.9
2017-04-17,auto,2,312.8
2017-04-17,bed_bath_table,3,423.70000000000005
2017-04-17,books_general_interest,1,119.9
2017-04-17,computers_accessories,4,420.8
2017-04-17,cool_stuff,4,476.78000000000003
2017-04-17,electronics,2,97.98
2017-04-17,fashion_bags_accessories,1,137.9
2017-04-17,furniture_decor,5,609.22
2017-04-17,furniture_living_room,1,103.97
2017-04-17,garden_tools,4,547.53
2017-04-17,health_beauty,6,958.77
2017-04-17,home_confort,1,89.9
2017-04-17,housewares,2,155.98999999999998
2017-04-17,luggage_accessories,2,519.8
2017-04-17,perfumery,5,438.79
2017-04-17,pet_shop,2,229.8
2017-04-17,sports_leisure,3,201.78
2017-04-17,stationery,1,97.9
2017-04-17,telephony,3,357.88
2017-04-17,toys,4,542.78
2017-04-17,watches_gifts,3,418.23
2017-04-18,air_conditioning,2,150.0
2017-04-18,baby,1,127.9
2017-04-18,bed_bath_table,17,1738.9100000000005
2017-04-18,books_general_interest,2,202.9
2017-04-18,computers_accessories,8,877.0
2017-04-18,consoles_games,2,79.8
2017-04-18,cool_stuff,1,969.0
2017-04-18,fashion_bags_accessories,2,192.0
2017-04-18,fashion_shoes,1,157.9
2017-04-18,furniture_decor,3,656.9
2017-04-18,garden_tools,5,545.6899999999999
2017-04-18,health_beauty,1,64.99
2017-04-18,home_appliances,2,116.9
2017-04-18,home_appliances_2,1,399.9
2017-04-18,home_confort,6,959.5999999999999
2017-04-18,housewares,3,244.39000000000001
2017-04-18,luggage_accessories,2,219.8
2017-04-18,market_place,2,252.7
2017-04-18,office_furniture,1,186.99
2017-04-18,perfumery,6,1114.5
2017-04-18,pet_shop,4,489.69000000000005
2017-04-18,small_appliances,4,10537.99
2017-04-18,sports_leisure,3,598.4
2017-04-18,telephony,3,66.88
2017-04-18,toys,2,335.99
2017-04-19,air_conditioning,2,277.8
2017-04-19,auto,5,998.2
2017-04-19,baby,5,253.69
2017-04-19,bed_bath_table,12,1025.35
2017-04-19,books_general_interest,2,64.89
2017-04-19,computers_accessories,4,650.89
2017-04-19,cool_stuff,3,588.98
2017-04-19,electronics,3,89.3
2017-04-19,fashion_bags_accessories,3,181.8
2017-04-19,fashion_shoes,2,65.8
2017-04-19,fixed_telephony,1,60.0
2017-04-19,food,1,15.32
2017-04-19,furniture_decor,11,1005.3899999999999
2017-04-19,garden_tools,2,139.89
2017-04-19,health_beauty,7,659.3199999999999
2017-04-19,home_confort,3,408.79999999999995
2017-04-19,housewares,3,166.83
2017-04-19,market_place,1,28.99
2017-04-19,musical_instruments,3,997.3
2017-04-19,office_furniture,1,129.6
2017-04-19,perfumery,5,483.5
2017-04-19,pet_shop,1,19.45
2017-04-19,sports_leisure,8,632.52
2017-04-19,stationery,2,898.0
2017-04-19,tablets_printing_image,2,198.0
2017-04-19,telephony,5,247.88
2017-04-19,toys,3,434.78999999999996
2017-04-19,watches_gifts,8,1033.4
2017-04-20,auto,2,192.49
2017-04-20,baby,2,329.89
2017-04-20,bed_bath_table,16,1150.38
2017-04-20,books_imported,1,19.99
2017-04-20,computers_accessories,8,1084.35
2017-04-20,consoles_games,1,67.0
2017-04-20,cool_stuff,3,1047.8899999999999
2017-04-20,electronics,1,59.95
2017-04-20,fashion_bags_accessories,1,24.9
2017-04-20,fashion_male_clothing,3,237.0
2017-04-20,furniture_decor,10,492.56999999999994
2017-04-20,garden_tools,6,1151.7000000000003
2017-04-20,health_beauty,7,986.73
2017-04-20,home_confort,2,243.0
2017-04-20,home_construction,1,620.1
2017-04-20,housewares,8,298.19
2017-04-20,kitchen_dining_laundry_garden_furniture,1,594.0
2017-04-20,luggage_accessories,2,378.79999999999995
2017-04-20,office_furniture,1,129.96
2017-04-20,perfumery,1,179.9
2017-04-20,pet_shop,2,244.9
2017-04-20,small_appliances,1,169.0
2017-04-20,sports_leisure,12,984.3799999999999
2017-04-20,stationery,2,568.9
2017-04-20,telephony,3,107.88
2017-04-20,toys,3,189.8
2017-04-20,watches_gifts,4,149.69
2017-04-21,audio,1,89.9
2017-04-21,auto,3,160.23999999999998
2017-04-21,baby,2,118.0
2017-04-21,bed_bath_table,9,666.0999999999999
2017-04-21,computers_accessories,3,788.89
2017-04-21,consoles_games,2,83.9
2017-04-21,cool_stuff,3,449.97
2017-04-21,costruction_tools_garden,2,119.8
2017-04-21,dvds_blu_ray,1,14.9
2017-04-21,electronics,1,415.99
2017-04-21,fashion_sport,1,24.99
2017-04-21,furniture_decor,14,1883.29
2017-04-21,garden_tools,2,69.8
2017-04-21,health_beauty,2,90.0
2017-04-21,housewares,3,351.88
2017-04-21,luggage_accessories,3,299.70000000000005
2017-04-21,musical_instruments,2,557.54
2017-04-21,office_furniture,4,593.84
2017-04-21,perfumery,3,293.88
2017-04-21,small_appliances,1,447.0
2017-04-21,sports_leisure,4,440.99
2017-04-21,stationery,1,79.0
2017-04-21,telephony,3,158.98000000000002
2017-04-21,toys,3,149.79
2017-04-21,watches_gifts,1,45.0
2017-04-22,auto,2,418.9
2017-04-22,baby,4,275.69000000000005
2017-04-22,bed_bath_table,10,677.3599999999999
2017-04-22,books_general_interest,1,119.5
2017-04-22,computers_accessories,4,371.99
2017-04-22,consoles_games,1,689.89
2017-04-22,cool_stuff,3,511.89
2017-04-22,fashion_bags_accessories,1,79.9
2017-04-22,fashion_shoes,1,74.9
2017-04-22,furniture_decor,8,452.64
2017-04-22,garden_tools,2,698.0
2017-04-22,health_beauty,11,1831.6500000000003
2017-04-22,home_confort,1,269.0
2017-04-22,housewares,2,594.8
2017-04-22,luggage_accessories,1,110.9
2017-04-22,office_furniture,4,380.0
2017-04-22,perfumery,2,147.89
2017-04-22,sports_leisure,9,2299.3900000000003
2017-04-22,telephony,10,285.9
2017-04-22,toys,5,1046.5900000000001
2017-04-22,watches_gifts,4,1059.6000000000001
2017-04-23,auto,2,118.32
2017-04-23,baby,3,388.65000000000003
2017-04-23,bed_bath_table,9,705.29
2017-04-23,books_general_interest,1,53.9
2017-04-23,computers_accessories,5,1446.3799999999999
2017-04-23,cool_stuff,6,649.27
2017-04-23,electronics,6,218.45
2017-04-23,fashion_bags_accessories,1,169.99
2017-04-23,fashion_shoes,2,104.80000000000001
2017-04-23,furniture_decor,3,191.70000000000002
2017-04-23,garden_tools,1,34.9
2017-04-23,health_beauty,10,1567.89
2017-04-23,home_construction,1,139.99
2017-04-23,housewares,6,331.96999999999997
2017-04-23,luggage_accessories,1,79.9
2017-04-23,market_place,2,98.69999999999999
2017-04-23,musical_instruments,1,169.9
2017-04-23,office_furniture,2,359.92
2017-04-23,perfumery,5,854.86
2017-04-23,pet_shop,4,215.70000000000002
2017-04-23,small_appliances,2,178.5
2017-04-23,sports_leisure,6,596.3899999999999
2017-04-23,telephony,5,497.88
2017-04-23,toys,2,216.9
2017-04-23,watches_gifts,3,513.9
2017-04-24,air_conditioning,1,89.0
2017-04-24,audio,2,179.8
2017-04-24,auto,3,371.99
2017-04-24,baby,6,184.89000000000001
2017-04-24,bed_bath_table,13,1098.8799999999999
2017-04-24,books_general_interest,1,53.9
2017-04-24,computers_accessories,8,602.99
2017-04-24,consoles_games,1,99.99
2017-04-24,cool_stuff,6,988.86
2017-04-24,costruction_tools_garden,1,59.9
2017-04-24,electronics,2,194.99
2017-04-24,fashion_bags_accessories,4,465.9
2017-04-24,fashion_shoes,1,29.9
2017-04-24,furniture_bedroom,1,229.0
2017-04-24,furniture_decor,12,1143.39
2017-04-24,garden_tools,3,239.89
2017-04-24,health_beauty,12,1685.3500000000001
2017-04-24,housewares,7,1034.03
2017-04-24,kitchen_dining_laundry_garden_furniture,1,48.9
2017-04-24,luggage_accessories,2,219.8
2017-04-24,office_furniture,8,1164.8
2017-04-24,perfumery,1,139.9
2017-04-24,pet_shop,3,129.3
2017-04-24,sports_leisure,9,868.87
2017-04-24,stationery,1,279.9
2017-04-24,telephony,3,80.85
2017-04-24,toys,5,319.99
2017-04-24,watches_gifts,4,635.0
2017-04-25,audio,1,89.9
2017-04-25,auto,3,820.9
2017-04-25,bed_bath_table,6,674.0
2017-04-25,christmas_supplies,1,69.0
2017-04-25,cine_photo,1,59.0
2017-04-25,computers_accessories,11,1244.68
2017-04-25,consoles_games,2,52.19
2017-04-25,cool_stuff,4,543.96
2017-04-25,electronics,2,59.9
2017-04-25,fashion_bags_accessories,6,208.98000000000002
2017-04-25,furniture_bedroom,1,189.99
2017-04-25,furniture_decor,9,1457.15
2017-04-25,garden_tools,5,1005.69
2017-04-25,health_beauty,7,255.75000000000003
2017-04-25,housewares,18,768.7699999999999
2017-04-25,luggage_accessories,2,308.9
2017-04-25,market_place,1,289.9
2017-04-25,office_furniture,3,369.96000000000004
2017-04-25,perfumery,1,399.9
2017-04-25,pet_shop,1,128.9
2017-04-25,small_appliances,1,168.99
2017-04-25,sports_leisure,9,953.8199999999999
2017-04-25,stationery,1,189.9
2017-04-25,tablets_printing_image,1,152.99
2017-04-25,telephony,12,713.59
2017-04-25,toys,3,204.7
2017-04-25,watches_gifts,3,997.89
2017-04-26,audio,1,129.9
2017-04-26,auto,3,442.70000000000005
2017-04-26,baby,4,234.70000000000002
2017-04-26,bed_bath_table,12,2751.0800000000004
2017-04-26,books_general_interest,1,53.9
2017-04-26,computers_accessories,3,281.99
2017-04-26,cool_stuff,7,861.1800000000001
2017-04-26,electronics,4,668.98
2017-04-26,fashion_bags_accessories,2,94.99
2017-04-26,fixed_telephony,1,15.95
2017-04-26,furniture_decor,7,513.19
2017-04-26,garden_tools,6,683.77
2017-04-26,health_beauty,10,921.28
2017-04-26,housewares,11,743.0799999999999
2017-04-26,luggage_accessories,1,79.9
2017-04-26,market_place,1,189.9
2017-04-26,musical_instruments,1,67.9
2017-04-26,office_furniture,6,907.8000000000001
2017-04-26,perfumery,6,1206.49
2017-04-26,pet_shop,5,746.44
2017-04-26,small_appliances,2,133.0
2017-04-26,sports_leisure,16,1086.68
2017-04-26,stationery,4,358.9
2017-04-26,tablets_printing_image,1,99.0
2017-04-26,telephony,8,159.78
2017-04-26,toys,5,1048.77
2017-04-26,watches_gifts,3,673.89
2017-04-27,air_conditioning,1,110.3
2017-04-27,audio,1,79.0
2017-04-27,auto,1,399.9
2017-04-27,baby,2,262.33000000000004
2017-04-27,bed_bath_table,3,309.88
2017-04-27,computers_accessories,9,428.20000000000005
2017-04-27,cool_stuff,6,1484.8600000000001
2017-04-27,costruction_tools_garden,2,649.8
2017-04-27,electronics,3,315.5
2017-04-27,fashion_bags_accessories,2,64.8
2017-04-27,food_drink,2,34.0
2017-04-27,furniture_decor,2,114.9
2017-04-27,garden_tools,2,47.0
2017-04-27,health_beauty,2,68.89
2017-04-27,home_appliances,1,32.9
2017-04-27,housewares,27,1933.5300000000002
2017-04-27,luggage_accessories,2,349.8
2017-04-27,market_place,3,518.6999999999999
2017-04-27,office_furniture,1,95.0
2017-04-27,perfumery,2,669.89
2017-04-27,sports_leisure,5,812.9
2017-04-27,stationery,2,229.8
2017-04-27,telephony,5,82.72
2017-04-27,toys,3,153.98000000000002
2017-04-27,watches_gifts,4,181.55
2017-04-28,auto,3,1197.9
2017-04-28,baby,2,139.89000000000001
2017-04-28,bed_bath_table,7,492.28
2017-04-28,computers_accessories,5,348.89
2017-04-28,cool_stuff,2,184.89
2017-04-28,electronics,4,1750.79
2017-04-28,fashion_shoes,2,232.8
2017-04-28,furniture_decor,9,961.74
2017-04-28,furniture_mattress_and_upholstery,1,109.4
2017-04-28,garden_tools,2,209.65
2017-04-28,health_beauty,6,466.30999999999995
2017-04-28,home_confort,1,42.0
2017-04-28,home_construction,1,97.5
2017-04-28,housewares,7,789.6700000000001
2017-04-28,kitchen_dining_laundry_garden_furniture,1,19.9
2017-04-28,luggage_accessories,4,674.5999999999999
2017-04-28,musical_instruments,1,419.9
2017-04-28,office_furniture,4,504.87
2017-04-28,perfumery,4,538.6999999999999
2017-04-28,pet_shop,3,489.59000000000003
2017-04-28,sports_leisure,10,1852.0500000000002
2017-04-28,tablets_printing_image,2,198.0
2017-04-28,telephony,7,524.8499999999999
2017-04-28,toys,6,1350.66
2017-04-28,watches_gifts,7,1791.06
2017-04-29,auto,4,498.57
2017-04-29,bed_bath_table,9,796.3899999999999
2017-04-29,computers_accessories,8,523.3
2017-04-29,cool_stuff,2,329.98
2017-04-29,costruction_tools_garden,1,589.9
2017-04-29,fashion_bags_accessories,1,39.9
2017-04-29,fashion_shoes,2,149.8
2017-04-29,fixed_telephony,1,32.99
2017-04-29,furniture_decor,6,1059.28
2017-04-29,garden_tools,1,99.99
2017-04-29,health_beauty,9,1768.48
2017-04-29,home_appliances,2,65.8
2017-04-29,housewares,4,392.78
2017-04-29,luggage_accessories,2,369.79999999999995
2017-04-29,market_place,2,369.79999999999995
2017-04-29,music,1,24.9
2017-04-29,office_furniture,3,519.49
2017-04-29,perfumery,1,108.99
2017-04-29,pet_shop,5,671.89
2017-04-29,sports_leisure,7,611.29
2017-04-29,stationery,1,99.0
2017-04-29,telephony,6,398.94
2017-04-29,toys,1,249.99
2017-04-29,watches_gifts,2,1702.88
2017-04-30,art,1,119.9
2017-04-30,auto,1,249.99
2017-04-30,baby,3,364.13
2017-04-30,bed_bath_table,7,577.5899999999999
2017-04-30,computers_accessories,3,261.9
2017-04-30,cool_stuff,3,395.88
2017-04-30,electronics,1,79.0
2017-04-30,fashion_shoes,3,85.69999999999999
2017-04-30,furniture_decor,9,1125.5700000000002
2017-04-30,garden_tools,5,881.49
2017-04-30,health_beauty,6,858.39
2017-04-30,home_appliances,1,164.0
2017-04-30,housewares,2,101.97999999999999
2017-04-30,luggage_accessories,1,139.9
2017-04-30,office_furniture,1,144.99
2017-04-30,perfumery,2,289.8
2017-04-30,pet_shop,1,45.9
2017-04-30,small_appliances,1,93.0
2017-04-30,sports_leisure,7,917.69
2017-04-30,telephony,4,288.87
2017-04-30,toys,4,469.79
2017-04-30,watches_gifts,3,325.9
2017-05-01,auto,3,119.89
2017-05-01,baby,7,628.9100000000001
2017-05-01,bed_bath_table,9,826.98
2017-05-01,books_general_interest,3,259.5
2017-05-01,books_technical,1,88.5
2017-05-01,computers_accessories,5,238.59
2017-05-01,cool_stuff,3,369.93
2017-05-01,costruction_tools_tools,1,729.0
2017-05-01,fashion_bags_accessories,9,310.28999999999996
2017-05-01,fixed_telephony,1,39.99
2017-05-01,furniture_decor,12,932.5599999999998
2017-05-01,furniture_living_room,1,99.96
2017-05-01,garden_tools,5,357.15000000000003
2017-05-01,health_beauty,11,1462.4500000000003
2017-05-01,home_appliances,1,32.9
2017-05-01,home_confort,1,399.0
2017-05-01,housewares,8,279.34
2017-05-01,office_furniture,2,319.92
2017-05-01,perfumery,3,205.7
2017-05-01,pet_shop,5,557.5
2017-05-01,sports_leisure,7,842.64
2017-05-01,stationery,1,174.9
2017-05-01,telephony,16,1005.2
2017-05-01,toys,8,716.4000000000001
2017-05-02,audio,1,249.0
2017-05-02,auto,2,164.4
2017-05-02,baby,2,299.9
2017-05-02,bed_bath_table,9,1055.11
2017-05-02,books_general_interest,1,139.9
2017-05-02,cine_photo,1,59.0
2017-05-02,computers_accessories,6,1169.0
2017-05-02,consoles_games,1,32.29
2017-05-02,cool_stuff,5,1016.88
2017-05-02,fashion_bags_accessories,4,1067.8899999999999
2017-05-02,furniture_decor,6,298.44
2017-05-02,furniture_living_room,3,389.7
2017-05-02,garden_tools,8,1356.5
2017-05-02,health_beauty,10,1175.1899999999998
2017-05-02,home_appliances,1,39.99
2017-05-02,home_confort,3,204.70000000000002
2017-05-02,home_construction,1,620.1
2017-05-02,housewares,11,934.8299999999999
2017-05-02,kitchen_dining_laundry_garden_furniture,1,19.9
2017-05-02,luggage_accessories,1,79.9
2017-05-02,market_place,1,62.8
2017-05-02,musical_instruments,1,399.85
2017-05-02,perfumery,6,921.67
2017-05-02,pet_shop,1,120.0
2017-05-02,sports_leisure,15,1534.3700000000001
2017-05-02,stationery,7,505.69000000000005
2017-05-02,tablets_printing_image,1,99.0
2017-05-02,telephony,10,236.69
2017-05-02,toys,6,1117.19
2017-05-02,watches_gifts,3,1358.3400000000001
2017-05-03,air_conditioning,1,199.0
2017-05-03,art,1,69.9
2017-05-03,auto,4,417.67
2017-05-03,baby,1,97.99
2017-05-03,bed_bath_table,10,1137.8899999999999
2017-05-03,books_technical,1,24.9
2017-05-03,computers_accessories,8,322.70000000000005
2017-05-03,consoles_games,3,203.0
2017-05-03,cool_stuff,5,658.86
2017-05-03,costruction_tools_tools,1,74.9
2017-05-03,electronics,3,94.88
2017-05-03,fashion_bags_accessories,2,78.9
2017-05-03,fashion_shoes,1,32.9
2017-05-03,fixed_telephony,1,32.99
2017-05-03,food,1,149.9
2017-05-03,furniture_decor,7,545.7
2017-05-03,furniture_living_room,3,276.94
2017-05-03,garden_tools,1,389.0
2017-05-03,health_beauty,9,982.1
2017-05-03,home_appliances,1,164.0
2017-05-03,home_appliances_2,1,439.9
2017-05-03,housewares,6,276.38
2017-05-03,luggage_accessories,1,109.9
2017-05-03,market_place,2,242.7
2017-05-03,office_furniture,2,179.92
2017-05-03,perfumery,3,399.70000000000005
2017-05-03,pet_shop,3,324.78999999999996
2017-05-03,small_appliances,1,360.0
2017-05-03,sports_leisure,9,692.03
2017-05-03,stationery,3,178.8
2017-05-03,telephony,6,151.83
2017-05-03,toys,4,278.1
2017-05-03,watches_gifts,1,35.0
2017-05-04,air_conditioning,2,178.0
2017-05-04,auto,1,143.8
2017-05-04,baby,2,169.99
2017-05-04,bed_bath_table,7,569.3
2017-05-04,computers_accessories,6,624.89
2017-05-04,consoles_games,1,39.0
2017-05-04,cool_stuff,11,2325.75
2017-05-04,electronics,4,791.65
2017-05-04,fashion_bags_accessories,4,399.69999999999993
2017-05-04,fashion_shoes,1,32.9
2017-05-04,furniture_decor,5,310.22999999999996
2017-05-04,furniture_living_room,1,103.97
2017-05-04,garden_tools,4,1436.9
2017-05-04,health_beauty,13,1042.06
2017-05-04,home_appliances,3,218.0
2017-05-04,home_appliances_2,1,257.19
2017-05-04,home_confort,1,89.9
2017-05-04,housewares,12,485.34999999999997
2017-05-04,luggage_accessories,2,219.8
2017-05-04,office_furniture,2,299.95000000000005
2017-05-04,perfumery,8,1063.44
2017-05-04,pet_shop,3,235.96999999999997
2017-05-04,sports_leisure,14,1215.6200000000001
2017-05-04,telephony,6,180.63
2017-05-04,toys,4,624.77
2017-05-04,watches_gifts,1,125.0
2017-05-05,audio,2,338.9
2017-05-05,auto,3,400.1
2017-05-05,baby,3,157.9
2017-05-05,bed_bath_table,11,644.8499999999999
2017-05-05,computers_accessories,7,719.9999999999999
2017-05-05,cool_stuff,6,730.29
2017-05-05,fashion_bags_accessories,1,29.9
2017-05-05,fashion_shoes,1,29.9
2017-05-05,fashion_underwear_beach,1,5.9
2017-05-05,fixed_telephony,1,189.99
2017-05-05,food_drink,1,17.0
2017-05-05,furniture_decor,9,700.66
2017-05-05,furniture_living_room,3,347.84000000000003
2017-05-05,garden_tools,4,486.15000000000003
2017-05-05,health_beauty,11,1711.93
2017-05-05,home_appliances,1,32.9
2017-05-05,housewares,10,576.3799999999999
2017-05-05,luggage_accessories,1,109.9
2017-05-05,market_place,1,95.9
2017-05-05,musical_instruments,2,159.8
2017-05-05,office_furniture,1,149.9
2017-05-05,perfumery,3,279.78999999999996
2017-05-05,pet_shop,3,235.9
2017-05-05,sports_leisure,6,2660.4900000000002
2017-05-05,stationery,5,420.7
2017-05-05,tablets_printing_image,1,99.0
2017-05-05,telephony,5,222.87
2017-05-05,toys,7,1137.34
2017-05-05,watches_gifts,3,645.9
2017-05-06,agro_industry_and_commerce,1,59.99
2017-05-06,auto,4,482.59
2017-05-06,baby,4,299.6
2017-05-06,bed_bath_table,11,592.1899999999998
2017-05-06,computers_accessories,4,223.8
2017-05-06,consoles_games,1,89.99
2017-05-06,cool_stuff,8,736.0699999999999
2017-05-06,electronics,2,70.89
2017-05-06,fashion_bags_accessories,2,51.9
2017-05-06,fashion_shoes,1,29.9
2017-05-06,furniture_decor,10,813.1399999999999
2017-05-06,garden_tools,11,1299.6399999999999
2017-05-06,health_beauty,7,2724.8
2017-05-06,home_appliances,3,105.0
2017-05-06,home_confort,1,299.0
2017-05-06,housewares,10,838.1899999999998
2017-05-06,kitchen_dining_laundry_garden_furniture,1,48.9
2017-05-06,luggage_accessories,3,458.79999999999995
2017-05-06,musical_instruments,1,28.9
2017-05-06,office_furniture,1,229.99
2017-05-06,perfumery,4,716.28
2017-05-06,pet_shop,3,907.23
2017-05-06,sports_leisure,17,1370.73
2017-05-06,telephony,2,46.989999999999995
2017-05-06,toys,4,364.43000000000006
2017-05-06,watches_gifts,5,1182.64
2017-05-07,auto,4,648.1999999999999
2017-05-07,baby,5,149.38000000000002
2017-05-07,bed_bath_table,9,677.28
2017-05-07,computers_accessories,6,1760.7700000000002
2017-05-07,cool_stuff,7,739.75
2017-05-07,electronics,2,131.5
2017-05-07,fashion_bags_accessories,2,98.9
2017-05-07,furniture_decor,11,788.4799999999999
2017-05-07,furniture_living_room,1,39.9
2017-05-07,garden_tools,7,2864.7000000000003
2017-05-07,health_beauty,9,541.53
2017-05-07,home_confort,2,416.99
2017-05-07,housewares,6,506.38
2017-05-07,industry_commerce_and_business,1,139.9
2017-05-07,luggage_accessories,2,1307.8000000000002
2017-05-07,market_place,1,289.9
2017-05-07,musical_instruments,3,1969.12
2017-05-07,office_furniture,4,858.97
2017-05-07,perfumery,1,56.99
2017-05-07,pet_shop,2,204.7
2017-05-07,sports_leisure,10,936.48
2017-05-07,stationery,2,78.8
2017-05-07,telephony,6,116.91999999999999
2017-05-07,toys,3,204.70000000000002
2017-05-07,watches_gifts,3,736.34
2017-05-08,agro_industry_and_commerce,1,589.99
2017-05-08,air_conditioning,1,249.9
2017-05-08,arts_and_craftmanship,1,21.99
2017-05-08,auto,4,374.20000000000005
2017-05-08,baby,4,507.79
2017-05-08,bed_bath_table,11,987.6899999999999
2017-05-08,computers_accessories,8,1621.7800000000002
2017-05-08,consoles_games,2,64.58
2017-05-08,cool_stuff,11,1555.3100000000002
2017-05-08,costruction_tools_garden,2,107.8
2017-05-08,dvds_blu_ray,1,19.9
2017-05-08,electronics,1,79.0
2017-05-08,fashion_bags_accessories,2,99.8
2017-05-08,fashion_sport,1,49.9
2017-05-08,fashion_underwear_beach,2,11.8
2017-05-08,furniture_bedroom,2,253.98
2017-05-08,furniture_decor,11,846.8399999999998
2017-05-08,furniture_living_room,2,433.87
2017-05-08,garden_tools,8,968.3
2017-05-08,health_beauty,8,921.76
2017-05-08,home_appliances,2,259.0
2017-05-08,home_confort,1,89.9
2017-05-08,housewares,14,782.0200000000001
2017-05-08,luggage_accessories,1,139.9
2017-05-08,office_furniture,8,1082.92
2017-05-08,perfumery,5,733.28
2017-05-08,sports_leisure,7,449.67999999999995
2017-05-08,stationery,4,339.8
2017-05-08,telephony,4,72.93
2017-05-08,toys,3,242.67000000000002
2017-05-08,watches_gifts,6,1119.8
2017-05-09,auto,4,1326.6000000000001
2017-05-09,baby,3,174.22000000000003
2017-05-09,bed_bath_table,15,1420.5600000000002
2017-05-09,books_general_interest,1,29.9
2017-05-09,computers_accessories,28,5333.41
2017-05-09,cool_stuff,9,863.9200000000001
2017-05-09,electronics,3,179.85000000000002
2017-05-09,fashion_bags_accessories,1,24.9
2017-05-09,food_drink,1,12.99
2017-05-09,furniture_decor,5,275.69
2017-05-09,garden_tools,4,628.7
2017-05-09,health_beauty,7,879.8
2017-05-09,home_construction,1,125.0
2017-05-09,housewares,9,554.29
2017-05-09,luggage_accessories,4,589.6
2017-05-09,office_furniture,12,1619.1000000000001
2017-05-09,perfumery,3,596.0
2017-05-09,pet_shop,1,249.9
2017-05-09,signaling_and_security,1,5.95
2017-05-09,sports_leisure,8,793.4799999999999
2017-05-09,stationery,2,124.80000000000001
2017-05-09,telephony,10,490.37
2017-05-09,toys,10,643.36
2017-05-09,watches_gifts,6,843.27
2017-05-10,auto,1,24.49
2017-05-10,baby,3,339.97
2017-05-10,bed_bath_table,9,891.34
2017-05-10,books_general_interest,2,183.8
2017-05-10,computers_accessories,14,5948.699999999999
2017-05-10,consoles_games,2,188.9
2017-05-10,cool_stuff,10,1318.3500000000001
2017-05-10,costruction_tools_garden,1,599.9
2017-05-10,electronics,1,29.0
2017-05-10,fashion_bags_accessories,3,448.79999999999995
2017-05-10,fashion_shoes,3,106.69999999999999
2017-05-10,fashion_sport,1,24.99
2017-05-10,furniture_decor,4,216.78
2017-05-10,garden_tools,8,1670.7
2017-05-10,health_beauty,8,1068.23
2017-05-10,home_appliances,1,135.0
2017-05-10,housewares,4,173.79000000000002
2017-05-10,luggage_accessories,1,109.9
2017-05-10,office_furniture,1,279.99
2017-05-10,perfumery,7,656.5699999999999
2017-05-10,pet_shop,4,2050.31
2017-05-10,sports_leisure,7,662.5
2017-05-10,stationery,1,292.0
2017-05-10,telephony,4,192.97000000000003
2017-05-10,toys,7,968.66
2017-05-10,watches_gifts,8,1791.6000000000001
2017-05-11,air_conditioning,1,161.99
2017-05-11,audio,1,89.9
2017-05-11,baby,3,331.18
2017-05-11,bed_bath_table,10,826.1899999999999
2017-05-11,books_general_interest,1,124.9
2017-05-11,computers_accessories,15,2620.42
2017-05-11,cool_stuff,7,929.84
2017-05-11,fashion_bags_accessories,4,164.98000000000002
2017-05-11,fashion_shoes,1,37.9
2017-05-11,fixed_telephony,1,39.99
2017-05-11,food_drink,2,40.89
2017-05-11,furniture_decor,8,388.53999999999996
2017-05-11,furniture_living_room,2,201.95999999999998
2017-05-11,furniture_mattress_and_upholstery,1,109.4
2017-05-11,garden_tools,4,341.89
2017-05-11,health_beauty,11,3930.55
2017-05-11,home_appliances,1,220.0
2017-05-11,home_confort,2,668.0
2017-05-11,housewares,4,243.99
2017-05-11,luggage_accessories,3,314.70000000000005
2017-05-11,musical_instruments,1,29.9
2017-05-11,office_furniture,2,259.98
2017-05-11,perfumery,3,526.48
2017-05-11,pet_shop,5,370.4100000000001
2017-05-11,sports_leisure,14,1276.14
2017-05-11,stationery,4,337.8
2017-05-11,tablets_printing_image,1,889.99
2017-05-11,telephony,6,259.94
2017-05-11,toys,9,990.0899999999999
2017-05-11,watches_gifts,5,1260.8300000000002
2017-05-12,auto,4,217.69
2017-05-12,baby,6,349.54
2017-05-12,bed_bath_table,13,1118.0900000000001
2017-05-12,books_general_interest,1,53.9
2017-05-12,books_technical,1,148.6
2017-05-12,computers_accessories,8,936.9899999999999
2017-05-12,cool_stuff,6,870.96
2017-05-12,electronics,4,1039.48
2017-05-12,fashion_bags_accessories,4,326.89
2017-05-12,furniture_decor,11,1236.47
2017-05-12,garden_tools,1,219.0
2017-05-12,health_beauty,11,1151.21
2017-05-12,home_confort,1,89.9
2017-05-12,housewares,8,334.65999999999997
2017-05-12,luggage_accessories,2,349.79999999999995
2017-05-12,market_place,1,28.99
2017-05-12,office_furniture,1,229.99
2017-05-12,perfumery,2,574.9
2017-05-12,pet_shop,3,186.79000000000002
2017-05-12,small_appliances,2,322.0
2017-05-12,sports_leisure,7,708.8
2017-05-12,stationery,1,109.9
2017-05-12,telephony,6,141.84
2017-05-12,toys,6,709.36
2017-05-12,watches_gifts,2,78.0
2017-05-13,auto,3,936.29
2017-05-13,baby,3,118.79
2017-05-13,bed_bath_table,6,589.49
2017-05-13,computers_accessories,7,1030.5099999999998
2017-05-13,cool_stuff,4,474.88
2017-05-13,electronics,5,684.45
2017-05-13,fashion_male_clothing,1,110.9
2017-05-13,furniture_decor,12,955.5600000000001
2017-05-13,garden_tools,3,337.9
2017-05-13,health_beauty,2,394.9
2017-05-13,home_appliances,1,32.9
2017-05-13,home_appliances_2,1,89.99
2017-05-13,housewares,2,198.9
2017-05-13,office_furniture,2,253.98
2017-05-13,perfumery,5,641.68
2017-05-13,pet_shop,2,209.5
2017-05-13,sports_leisure,4,660.79
2017-05-13,telephony,7,273.86
2017-05-13,toys,2,291.9
2017-05-14,audio,2,168.9
2017-05-14,auto,5,458.87
2017-05-14,baby,2,218.0
2017-05-14,bed_bath_table,13,1584.6200000000003
2017-05-14,books_general_interest,2,273.8
2017-05-14,computers_accessories,10,604.5699999999999
2017-05-14,consoles_games,1,73.0
2017-05-14,cool_stuff,7,819.75
2017-05-14,costruction_tools_garden,1,599.9
2017-05-14,electronics,4,466.9
2017-05-14,fashion_bags_accessories,2,67.99000000000001
2017-05-14,fashion_shoes,1,35.9
2017-05-14,fixed_telephony,1,32.9
2017-05-14,furniture_decor,7,413.15000000000003
2017-05-14,garden_tools,4,313.89
2017-05-14,health_beauty,15,1896.13
2017-05-14,home_appliances,1,32.9
2017-05-14,housewares,4,220.79000000000002
2017-05-14,market_place,2,502.65
2017-05-14,musical_instruments,1,69.9
2017-05-14,office_furniture,2,309.98
2017-05-14,perfumery,2,348.0
2017-05-14,pet_shop,1,120.0
2017-05-14,small_appliances,1,103.99
2017-05-14,sports_leisure,9,615.36
2017-05-14,stationery,1,69.9
2017-05-14,tablets_printing_image,1,99.0
2017-05-14,telephony,7,319.37
2017-05-14,toys,8,529.4399999999999
2017-05-14,watches_gifts,5,2579.7599999999998
2017-05-15,art,1,119.9
2017-05-15,auto,4,403.68
2017-05-15,baby,3,104.32
2017-05-15,bed_bath_table,12,774.76
2017-05-15,computers_accessories,13,1177.0600000000002
2017-05-15,cool_stuff,7,845.68
2017-05-15,dvds_blu_ray,1,19.9
2017-05-15,electronics,6,134.0
2017-05-15,fashio_female_clothing,2,290.20000000000005
2017-05-15,fashion_shoes,1,29.9
2017-05-15,food,1,119.0
2017-05-15,food_drink,1,27.9
2017-05-15,furniture_bedroom,4,1659.0
2017-05-15,furniture_decor,17,2282.7400000000002
2017-05-15,garden_tools,7,522.8299999999999
2017-05-15,health_beauty,8,1437.38
2017-05-15,home_appliances,2,52.0
2017-05-15,home_appliances_2,1,89.99
2017-05-15,home_confort,1,89.9
2017-05-15,housewares,11,604.3299999999999
2017-05-15,kitchen_dining_laundry_garden_furniture,1,29.99
2017-05-15,luggage_accessories,1,69.9
2017-05-15,market_place,1,12.0
2017-05-15,musical_instruments,1,419.9
2017-05-15,office_furniture,2,289.98
2017-05-15,perfumery,4,528.78
2017-05-15,pet_shop,5,344.83000000000004
2017-05-15,small_appliances,1,447.0
2017-05-15,sports_leisure,15,1492.0
2017-05-15,stationery,3,257.9
2017-05-15,telephony,10,310.95000000000005
2017-05-15,toys,10,964.3599999999999
2017-05-15,watches_gifts,6,1594.6900000000003
2017-05-16,audio,1,79.99
2017-05-16,auto,4,338.88
2017-05-16,baby,5,307.89
2017-05-16,bed_bath_table,12,1152.98
2017-05-16,computers_accessories,13,1557.6799999999998
2017-05-16,consoles_games,3,139.98000000000002
2017-05-16,cool_stuff,13,1592.2100000000003
2017-05-16,electronics,1,39.0
2017-05-16,fashio_female_clothing,1,54.9
2017-05-16,fashion_bags_accessories,5,638.6
2017-05-16,fashion_shoes,1,35.9
2017-05-16,food,1,119.0
2017-05-16,furniture_decor,8,922.65
2017-05-16,garden_tools,5,426.8
2017-05-16,health_beauty,12,794.2900000000001
2017-05-16,home_appliances,1,80.0
2017-05-16,home_confort,1,299.0
2017-05-16,housewares,19,1312.53
2017-05-16,luggage_accessories,3,1252.6999999999998
2017-05-16,market_place,4,337.8
2017-05-16,musical_instruments,1,39.9
2017-05-16,office_furniture,2,249.98
2017-05-16,perfumery,3,355.89
2017-05-16,pet_shop,1,118.9
2017-05-16,small_appliances,3,179.97
2017-05-16,sports_leisure,18,4392.879999999999
2017-05-16,stationery,3,276.9
2017-05-16,telephony,10,559.91
2017-05-16,toys,5,501.69000000000005
2017-05-16,watches_gifts,5,2558.8
2017-05-17,audio,5,486.70000000000005
2017-05-17,auto,3,1584.8
2017-05-17,baby,6,659.6
2017-05-17,bed_bath_table,9,497.38
2017-05-17,computers_accessories,14,1664.1900000000003
2017-05-17,consoles_games,1,239.99
2017-05-17,cool_stuff,9,856.4599999999999
2017-05-17,electronics,1,155.5
2017-05-17,fashion_bags_accessories,6,226.70000000000002
2017-05-17,fashion_childrens_clothes,1,110.0
2017-05-17,fashion_shoes,1,35.9
2017-05-17,fashion_underwear_beach,1,5.9
2017-05-17,fixed_telephony,2,57.989999999999995
2017-05-17,furniture_decor,13,739.0899999999999
2017-05-17,furniture_living_room,2,758.97
2017-05-17,garden_tools,6,632.6899999999999
2017-05-17,health_beauty,7,893.1800000000001
2017-05-17,home_appliances,1,72.0
2017-05-17,home_confort,2,103.9
2017-05-17,housewares,20,1338.3500000000004
2017-05-17,luggage_accessories,1,102.9
2017-05-17,musical_instruments,1,2109.9
2017-05-17,perfumery,4,861.88
2017-05-17,pet_shop,3,274.13
2017-05-17,sports_leisure,10,1037.1999999999998
2017-05-17,stationery,3,129.70000000000002
2017-05-17,telephony,9,167.65
2017-05-17,toys,11,810.5499999999998
2017-05-17,watches_gifts,2,1517.76
2017-05-18,air_conditioning,1,25.99
2017-05-18,art,1,69.9
2017-05-18,auto,4,475.9
2017-05-18,baby,6,389.6
2017-05-18,bed_bath_table,7,601.4
2017-05-18,computers_accessories,10,1455.5
2017-05-18,consoles_games,2,59.98
2017-05-18,cool_stuff,7,902.75
2017-05-18,fashion_bags_accessories,6,308.67999999999995
2017-05-18,fashion_shoes,1,99.9
2017-05-18,fashion_underwear_beach,1,5.9
2017-05-18,food_drink,1,95.0
2017-05-18,furniture_decor,5,498.49
2017-05-18,furniture_living_room,2,207.94
2017-05-18,garden_tools,5,753.79
2017-05-18,health_beauty,6,1364.89
2017-05-18,home_appliances,1,39.0
2017-05-18,home_construction,4,847.5
2017-05-18,housewares,10,864.25
2017-05-18,kitchen_dining_laundry_garden_furniture,3,263.79
2017-05-18,luggage_accessories,3,345.70000000000005
2017-05-18,market_place,2,120.8
2017-05-18,office_furniture,2,253.98
2017-05-18,perfumery,9,1401.48
2017-05-18,small_appliances,2,428.9
2017-05-18,sports_leisure,12,1096.84
2017-05-18,stationery,2,234.9
2017-05-18,telephony,10,494.46000000000004
2017-05-18,toys,3,122.80000000000001
2017-05-18,watches_gifts,10,4340.14
2017-05-19,auto,5,561.69
2017-05-19,baby,1,59.9
2017-05-19,bed_bath_table,14,1074.7
2017-05-19,computers_accessories,18,2745.2500000000005
2017-05-19,consoles_games,2,255.89000000000001
2017-05-19,cool_stuff,16,1829.4900000000002
2017-05-19,dvds_blu_ray,1,19.9
2017-05-19,electronics,3,119.9
2017-05-19,fashio_female_clothing,1,22.4
2017-05-19,fashion_bags_accessories,7,276.48
2017-05-19,fashion_male_clothing,3,498.0
2017-05-19,fashion_underwear_beach,1,62.0
2017-05-19,furniture_bedroom,1,108.99
2017-05-19,furniture_decor,21,1145.6699999999998
2017-05-19,furniture_living_room,1,129.9
2017-05-19,garden_tools,4,575.97
2017-05-19,health_beauty,14,2518.78
2017-05-19,home_appliances_2,1,209.99
2017-05-19,home_confort,2,179.8
2017-05-19,housewares,16,1566.6000000000004
2017-05-19,perfumery,4,369.98
2017-05-19,sports_leisure,9,802.86
2017-05-19,stationery,1,189.99
2017-05-19,telephony,3,67.88
2017-05-19,toys,7,751.5699999999999
2017-05-19,watches_gifts,4,938.8
2017-05-20,agro_industry_and_commerce,1,869.97
2017-05-20,auto,1,94.3
2017-05-20,baby,2,109.80000000000001
2017-05-20,bed_bath_table,7,731.63
2017-05-20,computers_accessories,5,610.59
2017-05-20,consoles_games,1,230.0
2017-05-20,cool_stuff,7,849.17
2017-05-20,electronics,2,25.8
2017-05-20,fashion_bags_accessories,2,448.0
2017-05-20,fashion_shoes,1,29.9
2017-05-20,furniture_decor,3,327.70000000000005
2017-05-20,furniture_mattress_and_upholstery,1,399.99
2017-05-20,garden_tools,1,199.9
2017-05-20,housewares,6,626.68
2017-05-20,luggage_accessories,6,1049.3999999999999
2017-05-20,musical_instruments,1,479.9
2017-05-20,perfumery,5,1155.78
2017-05-20,pet_shop,2,33.6
2017-05-20,sports_leisure,9,815.11
2017-05-20,stationery,2,88.9
2017-05-20,telephony,3,79.96
2017-05-20,toys,5,381.19000000000005
2017-05-20,watches_gifts,2,795.4399999999999
2017-05-21,auto,7,1597.85
2017-05-21,baby,2,199.9
2017-05-21,bed_bath_table,20,1973.89
2017-05-21,books_general_interest,3,284.39
2017-05-21,computers_accessories,13,604.0399999999998
2017-05-21,consoles_games,1,29.99
2017-05-21,cool_stuff,9,1708.8500000000001
2017-05-21,electronics,4,110.78999999999999
2017-05-21,fashion_bags_accessories,5,139.5
2017-05-21,food_drink,3,64.5
2017-05-21,furniture_decor,8,685.0999999999999
2017-05-21,garden_tools,2,246.89
2017-05-21,health_beauty,12,2231.4700000000003
2017-05-21,home_appliances_2,1,129.0
2017-05-21,home_confort,2,318.9
2017-05-21,housewares,12,1044.76
2017-05-21,luggage_accessories,7,692.3
2017-05-21,market_place,2,211.98000000000002
2017-05-21,office_furniture,1,124.99
2017-05-21,perfumery,9,944.6500000000001
2017-05-21,pet_shop,6,342.17
2017-05-21,sports_leisure,12,1267.67
2017-05-21,stationery,1,54.9
2017-05-21,telephony,6,133.26
2017-05-21,toys,5,533.88
2017-05-21,watches_gifts,4,1219.7
2017-05-22,audio,1,79.0
2017-05-22,auto,1,69.99
2017-05-22,baby,2,159.8
2017-05-22,bed_bath_table,21,2112.2300000000005
2017-05-22,books_general_interest,1,115.0
2017-05-22,computers_accessories,14,2176.61
2017-05-22,cool_stuff,13,1830.2900000000002
2017-05-22,electronics,1,415.99
2017-05-22,fashion_bags_accessories,4,214.78
2017-05-22,fashion_shoes,2,59.8
2017-05-22,fashion_sport,1,49.95
2017-05-22,food_drink,1,22.81
2017-05-22,furniture_bedroom,1,219.0
2017-05-22,furniture_decor,9,839.74
2017-05-22,garden_tools,9,1974.6800000000003
2017-05-22,health_beauty,16,4787.829999999999
2017-05-22,home_confort,1,230.0
2017-05-22,housewares,14,779.64
2017-05-22,industry_commerce_and_business,1,379.9
2017-05-22,musical_instruments,2,648.8
2017-05-22,perfumery,6,568.49
2017-05-22,pet_shop,1,78.87
2017-05-22,signaling_and_security,1,74.9
2017-05-22,small_appliances,3,928.98
2017-05-22,sports_leisure,16,3056.16
2017-05-22,stationery,2,292.0
2017-05-22,tablets_printing_image,1,99.0
2017-05-22,telephony,9,605.81
2017-05-22,toys,3,414.88
2017-05-22,watches_gifts,1,199.0
2017-05-23,auto,3,360.05
2017-05-23,baby,2,71.9
2017-05-23,bed_bath_table,16,1297.8000000000002
2017-05-23,computers_accessories,10,1316.6
2017-05-23,consoles_games,1,39.0
2017-05-23,cool_stuff,6,1064.58
2017-05-23,costruction_tools_garden,2,119.8
2017-05-23,electronics,1,199.0
2017-05-23,fashion_bags_accessories,3,84.69999999999999
2017-05-23,furniture_decor,12,683.95
2017-05-23,garden_tools,3,237.9
2017-05-23,health_beauty,8,1028.57
2017-05-23,home_appliances,1,32.9
2017-05-23,home_confort,4,418.79
2017-05-23,housewares,10,814.54
2017-05-23,luggage_accessories,5,1082.5
2017-05-23,musical_instruments,1,1899.12
2017-05-23,perfumery,13,1893.9300000000003
2017-05-23,pet_shop,1,36.8
2017-05-23,small_appliances,1,845.0
2017-05-23,sports_leisure,10,808.38
2017-05-23,tablets_printing_image,1,129.99
2017-05-23,telephony,6,271.86
2017-05-23,toys,10,1258.46
2017-05-23,watches_gifts,2,845.98
2017-05-24,art,1,6499.0
2017-05-24,audio,1,179.9
2017-05-24,auto,6,656.79
2017-05-24,baby,8,329.89
2017-05-24,bed_bath_table,6,844.1
2017-05-24,books_general_interest,1,53.9
2017-05-24,computers_accessories,11,1406.13
2017-05-24,consoles_games,2,510.52
2017-05-24,cool_stuff,16,2149.19
2017-05-24,electronics,2,337.25
2017-05-24,fashion_bags_accessories,10,803.46
2017-05-24,food_drink,1,38.5
2017-05-24,furniture_decor,7,413.29999999999995
2017-05-24,furniture_living_room,1,34.9
2017-05-24,garden_tools,5,262.95
2017-05-24,health_beauty,6,715.7199999999999
2017-05-24,home_confort,5,319.5
2017-05-24,housewares,6,508.57000000000005
2017-05-24,luggage_accessories,3,373.79
2017-05-24,musical_instruments,2,280.72
2017-05-24,office_furniture,1,159.99
2017-05-24,perfumery,5,622.59
2017-05-24,pet_shop,1,154.0
2017-05-24,sports_leisure,7,887.8800000000001
2017-05-24,stationery,5,367.5
2017-05-24,telephony,13,399.63000000000005
2017-05-24,toys,9,849.1899999999999
2017-05-24,watches_gifts,12,2987.31
2017-05-25,auto,2,138.9
2017-05-25,bed_bath_table,11,752.7299999999999
2017-05-25,books_general_interest,1,22.68
2017-05-25,computers_accessories,8,1914.2200000000003
2017-05-25,consoles_games,2,111.9
2017-05-25,cool_stuff,6,1217.6799999999998
2017-05-25,electronics,1,12.9
2017-05-25,fashion_bags_accessories,2,100.9
2017-05-25,fashion_shoes,1,71.82
2017-05-25,furniture_decor,5,649.18
2017-05-25,furniture_living_room,4,415.88
2017-05-25,garden_tools,4,616.9
2017-05-25,health_beauty,4,222.49
2017-05-25,home_appliances_2,1,89.99
2017-05-25,housewares,10,865.3899999999999
2017-05-25,kitchen_dining_laundry_garden_furniture,2,642.9
2017-05-25,luggage_accessories,5,1877.5
2017-05-25,market_place,1,125.0
2017-05-25,office_furniture,2,309.98
2017-05-25,perfumery,2,258.99
2017-05-25,pet_shop,3,119.53
2017-05-25,sports_leisure,13,1273.0200000000002
2017-05-25,stationery,2,248.9
2017-05-25,telephony,4,70.46999999999998
2017-05-25,toys,6,836.6700000000001
2017-05-25,watches_gifts,8,1805.5900000000001
2017-05-26,auto,4,699.67
2017-05-26,baby,5,858.5899999999999
2017-05-26,bed_bath_table,11,1622.3400000000001
2017-05-26,computers_accessories,2,156.49
2017-05-26,cool_stuff,1,219.99
2017-05-26,costruction_tools_garden,1,19.94
2017-05-26,fashion_bags_accessories,1,49.9
2017-05-26,fashion_shoes,1,71.82
2017-05-26,furniture_decor,6,622.5899999999999
2017-05-26,garden_tools,1,89.0
2017-05-26,health_beauty,7,1002.4899999999999
2017-05-26,home_confort,1,229.0
2017-05-26,housewares,5,823.1899999999999
2017-05-26,kitchen_dining_laundry_garden_furniture,1,299.0
2017-05-26,luggage_accessories,2,132.8
2017-05-26,perfumery,3,569.7
2017-05-26,small_appliances,1,100.8
2017-05-26,sports_leisure,17,839.14
2017-05-26,stationery,1,69.0
2017-05-26,telephony,6,261.64
2017-05-26,toys,10,1436.3900000000003
2017-05-26,watches_gifts,2,88.0
2017-05-27,auto,6,1249.9
2017-05-27,baby,1,79.9
2017-05-27,bed_bath_table,15,1290.65
2017-05-27,books_general_interest,1,29.9
2017-05-27,computers_accessories,2,81.89
2017-05-27,consoles_games,2,144.29000000000002
2017-05-27,cool_stuff,3,801.79
2017-05-27,drinks,1,90.0
2017-05-27,electronics,2,27.8
2017-05-27,fashion_underwear_beach,1,192.0
2017-05-27,furniture_decor,4,923.6999999999999
2017-05-27,furniture_living_room,1,179.99
2017-05-27,garden_tools,1,162.9
2017-05-27,health_beauty,11,1549.0600000000002
2017-05-27,home_appliances,1,34.0
2017-05-27,home_construction,1,27.9
2017-05-27,housewares,2,645.98
2017-05-27,la_cuisine,1,193.0
2017-05-27,luggage_accessories,2,369.79999999999995
2017-05-27,perfumery,7,1048.1
2017-05-27,pet_shop,1,22.9
2017-05-27,sports_leisure,4,424.6
2017-05-27,stationery,3,148.70000000000002
2017-05-27,tablets_printing_image,1,99.0
2017-05-27,telephony,3,45.39
2017-05-27,toys,5,712.69
2017-05-27,watches_gifts,6,2669.9
2017-05-28,agro_industry_and_commerce,1,59.99
2017-05-28,art,1,119.9
2017-05-28,audio,1,179.9
2017-05-28,auto,5,532.8
2017-05-28,baby,2,189.8
2017-05-28,bed_bath_table,21,1990.0200000000007
2017-05-28,computers_accessories,10,1126.61
2017-05-28,cool_stuff,2,259.89
2017-05-28,dvds_blu_ray,1,29.9
2017-05-28,electronics,3,266.8
2017-05-28,fashion_bags_accessories,6,359.58
2017-05-28,fashion_shoes,1,199.7
2017-05-28,furniture_decor,6,587.5
2017-05-28,furniture_living_room,1,139.9
2017-05-28,garden_tools,3,304.85
2017-05-28,health_beauty,5,306.69000000000005
2017-05-28,housewares,10,491.36
2017-05-28,luggage_accessories,2,174.8
2017-05-28,office_furniture,1,249.99
2017-05-28,perfumery,3,355.89
2017-05-28,pet_shop,1,19.5
2017-05-28,sports_leisure,8,474.4899999999999
2017-05-28,telephony,4,84.47
2017-05-28,toys,5,454.59000000000003
2017-05-28,watches_gifts,3,303.70000000000005
2017-05-29,audio,1,89.0
2017-05-29,auto,9,2633.9900000000002
2017-05-29,baby,5,579.79
2017-05-29,bed_bath_table,16,1358.0900000000004
2017-05-29,books_general_interest,2,270.0
2017-05-29,computers_accessories,5,375.68000000000006
2017-05-29,cool_stuff,12,1176.3500000000001
2017-05-29,electronics,3,185.8
2017-05-29,fashion_bags_accessories,3,197.89
2017-05-29,fashion_shoes,1,349.9
2017-05-29,fixed_telephony,1,18.99
2017-05-29,food_drink,1,25.9
2017-05-29,furniture_decor,12,964.9799999999999
2017-05-29,furniture_living_room,1,179.99
2017-05-29,garden_tools,4,359.52
2017-05-29,health_beauty,13,888.76
2017-05-29,home_appliances,2,65.8
2017-05-29,home_confort,4,667.89
2017-05-29,housewares,20,1266.7100000000003
2017-05-29,luggage_accessories,3,439.69999999999993
2017-05-29,market_place,2,159.9
2017-05-29,musical_instruments,1,723.74
2017-05-29,office_furniture,2,286.98
2017-05-29,perfumery,2,478.9
2017-05-29,pet_shop,7,380.54999999999995
2017-05-29,sports_leisure,6,592.79
2017-05-29,stationery,1,185.0
2017-05-29,telephony,12,628.19
2017-05-29,toys,8,613.48
2017-05-29,watches_gifts,4,718.92
2017-05-30,audio,1,139.99
2017-05-30,auto,5,337.47
2017-05-30,baby,2,879.89
2017-05-30,bed_bath_table,8,605.43
2017-05-30,computers_accessories,17,1713.14
2017-05-30,construction_tools_construction,1,99.99
2017-05-30,cool_stuff,6,609.85
2017-05-30,electronics,2,110.99
2017-05-30,fashion_bags_accessories,1,24.99
2017-05-30,fashion_shoes,2,378.9
2017-05-30,furniture_bedroom,1,129.0
2017-05-30,furniture_decor,12,1104.83
2017-05-30,garden_tools,2,56.6
2017-05-30,health_beauty,5,1101.8799999999999
2017-05-30,home_appliances,3,264.5
2017-05-30,housewares,10,432.99
2017-05-30,luggage_accessories,3,215.70000000000002
2017-05-30,office_furniture,2,289.98
2017-05-30,perfumery,2,136.98
2017-05-30,pet_shop,3,418.44
2017-05-30,small_appliances,2,679.8
2017-05-30,sports_leisure,2,97.8
2017-05-30,stationery,1,214.9
2017-05-30,telephony,5,447.48
2017-05-30,toys,8,2260.5699999999997
2017-05-30,watches_gifts,5,380.9
2017-05-31,air_conditioning,1,99.99
2017-05-31,art,1,48.65
2017-05-31,auto,2,49.8
2017-05-31,baby,2,109.99000000000001
2017-05-31,bed_bath_table,12,1082.8899999999999
2017-05-31,computers_accessories,12,1521.58
2017-05-31,consoles_games,1,54.9
2017-05-31,cool_stuff,9,1156.8400000000001
2017-05-31,electronics,4,439.99
2017-05-31,fashion_bags_accessories,3,147.0
2017-05-31,fixed_telephony,1,32.99
2017-05-31,furniture_decor,5,199.09
2017-05-31,furniture_living_room,3,537.8399999999999
2017-05-31,furniture_mattress_and_upholstery,1,86.5
2017-05-31,garden_tools,4,277.98
2017-05-31,health_beauty,18,5613.939999999998
2017-05-31,housewares,13,983.74
2017-05-31,luggage_accessories,3,570.13
2017-05-31,market_place,2,286.56
2017-05-31,musical_instruments,1,379.99
2017-05-31,office_furniture,1,112.99
2017-05-31,perfumery,7,709.57
2017-05-31,pet_shop,2,33.8
2017-05-31,signaling_and_security,2,428.0
2017-05-31,small_appliances,1,845.0
2017-05-31,sports_leisure,3,323.8
2017-05-31,stationery,3,207.9
2017-05-31,telephony,6,502.97
2017-05-31,toys,5,457.88
2017-05-31,watches_gifts,5,1898.3700000000001
2017-06-01,auto,1,64.9
2017-06-01,baby,5,553.9599999999999
2017-06-01,bed_bath_table,12,937.3999999999997
2017-06-01,cine_photo,1,79.0
2017-06-01,computers_accessories,8,2502.1900000000005
2017-06-01,cool_stuff,8,1979.86
2017-06-01,electronics,5,350.79999999999995
2017-06-01,fashion_bags_accessories,2,308.0
2017-06-01,fashion_male_clothing,3,74.69999999999999
2017-06-01,fixed_telephony,1,32.99
2017-06-01,furniture_decor,6,499.18999999999994
2017-06-01,garden_tools,6,815.98
2017-06-01,health_beauty,14,1475.3100000000002
2017-06-01,home_appliances,1,32.9
2017-06-01,housewares,10,584.15
2017-06-01,luggage_accessories,9,1281.29
2017-06-01,market_place,1,189.9
2017-06-01,office_furniture,1,149.99
2017-06-01,perfumery,8,977.6800000000001
2017-06-01,pet_shop,3,309.99
2017-06-01,small_appliances,1,129.9
2017-06-01,sports_leisure,6,335.92
2017-06-01,stationery,2,88.8
2017-06-01,tablets_printing_image,1,99.0
2017-06-01,telephony,8,298.44
2017-06-01,toys,4,223.70000000000002
2017-06-01,watches_gifts,5,3647.6099999999997
2017-06-02,baby,1,15.9
2017-06-02,bed_bath_table,12,1246.45
2017-06-02,books_general_interest,2,232.9
2017-06-02,books_technical,1,65.9
2017-06-02,computers_accessories,10,842.5799999999999
2017-06-02,consoles_games,2,382.39
2017-06-02,cool_stuff,12,4364.719999999999
2017-06-02,electronics,2,78.0
2017-06-02,fashion_bags_accessories,6,315.5
2017-06-02,fashion_shoes,1,349.9
2017-06-02,fixed_telephony,1,32.99
2017-06-02,furniture_decor,6,414.28
2017-06-02,furniture_living_room,1,79.99
2017-06-02,garden_tools,3,453.1
2017-06-02,health_beauty,6,454.54999999999995
2017-06-02,home_appliances,3,91.94999999999999
2017-06-02,home_confort,1,179.0
2017-06-02,housewares,6,653.36
2017-06-02,luggage_accessories,1,89.9
2017-06-02,musical_instruments,1,65.9
2017-06-02,office_furniture,4,654.96
2017-06-02,perfumery,5,1236.1999999999998
2017-06-02,pet_shop,3,208.79000000000002
2017-06-02,small_appliances,1,168.99
2017-06-02,sports_leisure,12,1623.95
2017-06-02,stationery,1,169.9
2017-06-02,tablets_printing_image,1,99.0
2017-06-02,telephony,7,902.44
2017-06-02,toys,7,427.21999999999997
2017-06-02,watches_gifts,6,2453.34
2017-06-03,auto,2,214.89000000000001
2017-06-03,baby,3,502.9
2017-06-03,bed_bath_table,6,477.4
2017-06-03,computers_accessories,8,809.6899999999999
2017-06-03,cool_stuff,6,689.85
2017-06-03,fashion_bags_accessories,4,148.88
2017-06-03,fashion_shoes,3,215.45999999999998
2017-06-03,furniture_decor,6,427.8
2017-06-03,garden_tools,4,670.49
2017-06-03,health_beauty,13,1376.7400000000002
2017-06-03,home_confort,1,76.9
2017-06-03,home_construction,5,1228.5
2017-06-03,housewares,10,954.65
2017-06-03,market_place,1,59.9
2017-06-03,musical_instruments,1,65.9
2017-06-03,perfumery,6,827.77
2017-06-03,sports_leisure,6,398.78
2017-06-03,tablets_printing_image,1,99.0
2017-06-03,telephony,3,72.39
2017-06-03,toys,7,985.66
2017-06-03,watches_gifts,2,68.9
2017-06-04,auto,4,589.0
2017-06-04,baby,2,129.9
2017-06-04,bed_bath_table,9,777.8299999999999
2017-06-04,computers_accessories,8,555.09
2017-06-04,cool_stuff,4,778.87
2017-06-04,dvds_blu_ray,1,19.9
2017-06-04,electronics,1,16.0
2017-06-04,fashion_bags_accessories,2,428.0
2017-06-04,fashion_sport,1,89.9
2017-06-04,furniture_decor,9,618.0
2017-06-04,garden_tools,2,429.55
2017-06-04,health_beauty,10,1175.65
2017-06-04,home_appliances_2,1,205.99
2017-06-04,housewares,9,429.57000000000005
2017-06-04,industry_commerce_and_business,1,131.0
2017-06-04,kitchen_dining_laundry_garden_furniture,1,48.9
2017-06-04,luggage_accessories,1,131.9
2017-06-04,perfumery,3,315.48
2017-06-04,pet_shop,3,262.96999999999997
2017-06-04,small_appliances,2,1690.0
2017-06-04,sports_leisure,10,2612.8100000000004
2017-06-04,stationery,1,109.9
2017-06-04,telephony,2,37.98
2017-06-04,toys,7,900.4599999999999
2017-06-04,watches_gifts,3,786.6899999999999
2017-06-05,audio,1,75.0
2017-06-05,auto,5,815.9
2017-06-05,baby,6,869.6
2017-06-05,bed_bath_table,24,1840.1900000000007
2017-06-05,computers_accessories,8,3899.3100000000004
2017-06-05,consoles_games,1,516.59
2017-06-05,construction_tools_construction,3,116.69999999999999
2017-06-05,cool_stuff,9,3384.74
2017-06-05,dvds_blu_ray,1,16.9
2017-06-05,electronics,1,129.9
2017-06-05,fashion_bags_accessories,1,109.9
2017-06-05,fashion_sport,1,89.9
2017-06-05,furniture_decor,14,801.0999999999999
2017-06-05,garden_tools,6,675.96
2017-06-05,health_beauty,6,1517.1700000000003
2017-06-05,home_appliances,1,26.0
2017-06-05,home_appliances_2,1,129.0
2017-06-05,home_confort,2,613.0
2017-06-05,housewares,12,1118.5100000000002
2017-06-05,perfumery,12,994.1400000000001
2017-06-05,pet_shop,6,282.42
2017-06-05,small_appliances,1,547.9
2017-06-05,sports_leisure,11,1235.67
2017-06-05,stationery,3,204.8
2017-06-05,telephony,9,572.35
2017-06-05,toys,9,1346.38
2017-06-05,watches_gifts,5,1275.8600000000001
2017-06-06,auto,8,1401.2
2017-06-06,bed_bath_table,33,2256.1900000000014
2017-06-06,books_general_interest,1,115.0
2017-06-06,computers_accessories,10,792.3699999999999
2017-06-06,cool_stuff,9,1757.03
2017-06-06,electronics,1,11.99
2017-06-06,fashion_bags_accessories,6,338.79
2017-06-06,food_drink,1,19.9
2017-06-06,furniture_bedroom,1,219.0
2017-06-06,furniture_decor,10,485.25999999999993
2017-06-06,furniture_living_room,1,295.8
2017-06-06,garden_tools,4,478.88
2017-06-06,health_beauty,12,1385.4300000000003
2017-06-06,home_appliances,1,26.0
2017-06-06,housewares,7,300.48
2017-06-06,luggage_accessories,1,229.9
2017-06-06,office_furniture,1,269.99
2017-06-06,perfumery,2,142.89000000000001
2017-06-06,pet_shop,1,59.99
2017-06-06,small_appliances,2,218.49
2017-06-06,sports_leisure,13,935.0799999999999
2017-06-06,stationery,1,48.9
2017-06-06,telephony,5,74.88
2017-06-06,toys,3,235.88000000000002
2017-06-06,watches_gifts,6,951.04
2017-06-07,audio,1,269.0
2017-06-07,auto,6,712.7
2017-06-07,baby,4,235.8
2017-06-07,bed_bath_table,11,846.6899999999999
2017-06-07,books_general_interest,3,221.20000000000002
2017-06-07,computers_accessories,7,474.16999999999996
2017-06-07,consoles_games,1,516.59
2017-06-07,cool_stuff,8,748.1899999999999
2017-06-07,electronics,2,60.39
2017-06-07,fashion_bags_accessories,3,188.8
2017-06-07,fashion_shoes,1,71.82
2017-06-07,fixed_telephony,2,233.49
2017-06-07,furniture_decor,3,238.65
2017-06-07,garden_tools,5,412.89
2017-06-07,health_beauty,8,826.4499999999999
2017-06-07,home_appliances,2,95.9
2017-06-07,home_confort,1,89.9
2017-06-07,housewares,10,1262.0900000000001
2017-06-07,kitchen_dining_laundry_garden_furniture,1,48.9
2017-06-07,luggage_accessories,4,579.6
2017-06-07,market_place,2,78.89
2017-06-07,musical_instruments,1,379.99
2017-06-07,office_furniture,2,244.89000000000001
2017-06-07,perfumery,8,1121.52
2017-06-07,pet_shop,5,403.39
2017-06-07,sports_leisure,15,1324.3300000000002
2017-06-07,telephony,4,192.46
2017-06-07,toys,7,493.48999999999995
2017-06-07,watches_gifts,2,76.9
2017-06-08,art,2,61.65
2017-06-08,auto,6,817.53
2017-06-08,bed_bath_table,10,1509.8700000000003
2017-06-08,books_general_interest,2,127.0
2017-06-08,computers_accessories,14,3004.1000000000004
2017-06-08,consoles_games,1,135.3
2017-06-08,cool_stuff,3,335.89
2017-06-08,electronics,2,42.8
2017-06-08,fashion_bags_accessories,5,291.89
2017-06-08,fashion_childrens_clothes,1,110.0
2017-06-08,furniture_decor,2,94.89
2017-06-08,furniture_living_room,2,207.94
2017-06-08,garden_tools,9,867.0899999999999
2017-06-08,health_beauty,14,3635.129999999999
2017-06-08,home_appliances,1,12.0
2017-06-08,housewares,14,830.8899999999999
2017-06-08,luggage_accessories,2,461.79999999999995
2017-06-08,market_place,2,125.6
2017-06-08,musical_instruments,2,139.8
2017-06-08,office_furniture,2,306.98
2017-06-08,perfumery,9,1640.44
2017-06-08,pet_shop,2,108.97
2017-06-08,sports_leisure,11,1263.48
2017-06-08,stationery,3,225.70000000000002
2017-06-08,telephony,7,324.97
2017-06-08,toys,14,1111.9700000000003
2017-06-08,watches_gifts,6,585.7
2017-06-09,air_conditioning,1,13.9
2017-06-09,auto,3,340.8
2017-06-09,baby,2,149.9
2017-06-09,bed_bath_table,8,587.35
2017-06-09,books_technical,1,80.0
2017-06-09,computers_accessories,14,1852.29
2017-06-09,cool_stuff,5,1148.08
2017-06-09,electronics,2,38.4
2017-06-09,fashion_bags_accessories,7,497.6
2017-06-09,fashion_male_clothing,1,59.9
2017-06-09,fashion_sport,1,180.9
2017-06-09,fixed_telephony,1,385.26
2017-06-09,furniture_decor,25,910.9199999999998
2017-06-09,furniture_living_room,3,311.90999999999997
2017-06-09,garden_tools,3,2028.0
2017-06-09,health_beauty,7,943.5799999999999
2017-06-09,housewares,2,132.38
2017-06-09,musical_instruments,1,419.9
2017-06-09,perfumery,5,1236.88
2017-06-09,pet_shop,4,137.89000000000001
2017-06-09,sports_leisure,6,2460.69
2017-06-09,telephony,13,376.21000000000004
2017-06-09,toys,4,176.0
2017-06-09,watches_gifts,4,1341.3200000000002
2017-06-10,air_conditioning,1,99.99
2017-06-10,art,1,48.65
2017-06-10,auto,2,477.2
2017-06-10,baby,1,9.99
2017-06-10,bed_bath_table,5,489.87
2017-06-10,computers_accessories,7,329.59
2017-06-10,consoles_games,1,129.0
2017-06-10,fashio_female_clothing,1,24.9
2017-06-10,fashion_bags_accessories,1,39.99
2017-06-10,fashion_shoes,1,71.82
2017-06-10,furniture_decor,3,241.79000000000002
2017-06-10,furniture_living_room,3,305.93
2017-06-10,garden_tools,4,391.52
2017-06-10,health_beauty,4,366.39
2017-06-10,home_comfort_2,1,12.9
2017-06-10,home_confort,1,89.9
2017-06-10,housewares,7,547.4399999999999
2017-06-10,luggage_accessories,2,360.22999999999996
2017-06-10,market_place,1,59.9
2017-06-10,musical_instruments,1,419.9
2017-06-10,perfumery,3,588.8
2017-06-10,pet_shop,3,175.8
2017-06-10,signaling_and_security,1,134.0
2017-06-10,small_appliances,1,103.99
2017-06-10,sports_leisure,3,421.78999999999996
2017-06-10,stationery,1,339.99
2017-06-10,tablets_printing_image,1,99.0
2017-06-10,telephony,6,257.46000000000004
2017-06-10,toys,6,783.4799999999999
2017-06-10,watches_gifts,4,420.55
2017-06-11,air_conditioning,3,616.8
2017-06-11,auto,2,194.9
2017-06-11,baby,3,319.16999999999996
2017-06-11,bed_bath_table,8,991.9799999999999
2017-06-11,books_general_interest,1,133.9
2017-06-11,computers_accessories,9,417.7999999999999
2017-06-11,cool_stuff,8,1314.48
2017-06-11,drinks,1,49.99
2017-06-11,fashio_female_clothing,1,65.0
2017-06-11,fashion_bags_accessories,3,81.3
2017-06-11,fashion_shoes,1,29.9
2017-06-11,food_drink,1,37.5
2017-06-11,furniture_decor,6,310.76
2017-06-11,garden_tools,1,525.0
2017-06-11,health_beauty,3,946.98
2017-06-11,home_appliances,2,156.0
2017-06-11,home_confort,3,658.0
2017-06-11,housewares,14,856.82
2017-06-11,luggage_accessories,5,959.93
2017-06-11,market_place,1,31.9
2017-06-11,music,1,329.0
2017-06-11,office_furniture,1,119.99
2017-06-11,perfumery,5,583.79
2017-06-11,pet_shop,2,159.98
2017-06-11,sports_leisure,9,770.8899999999999
2017-06-11,stationery,1,89.9
2017-06-11,tablets_printing_image,1,99.0
2017-06-11,telephony,9,138.32
2017-06-11,toys,9,1059.79
2017-06-11,watches_gifts,8,1990.99
2017-06-12,art,1,90.0
2017-06-12,audio,1,269.0
2017-06-12,auto,4,293.5
2017-06-12,baby,8,728.5999999999999
2017-06-12,bed_bath_table,14,1424.39
2017-06-12,computers_accessories,16,2343.4000000000005
2017-06-12,consoles_games,2,79.8
2017-06-12,cool_stuff,10,1103.0
2017-06-12,electronics,5,158.19000000000003
2017-06-12,fashion_bags_accessories,5,446.69000000000005
2017-06-12,fashion_male_clothing,1,99.9
2017-06-12,furniture_decor,4,228.79000000000002
2017-06-12,furniture_living_room,1,62.9
2017-06-12,garden_tools,4,546.78
2017-06-12,health_beauty,6,683.48
2017-06-12,home_appliances,1,172.2
2017-06-12,home_construction,1,59.8
2017-06-12,housewares,21,1429.23
2017-06-12,luggage_accessories,2,179.8
2017-06-12,office_furniture,1,149.9
2017-06-12,perfumery,5,949.78
2017-06-12,pet_shop,1,219.9
2017-06-12,sports_leisure,5,174.07
2017-06-12,stationery,1,45.0
2017-06-12,telephony,14,733.08
2017-06-12,toys,4,497.22
2017-06-12,watches_gifts,6,1106.8
2017-06-13,audio,2,358.0
2017-06-13,auto,1,75.0
2017-06-13,baby,7,398.28
2017-06-13,bed_bath_table,7,754.39
2017-06-13,computers_accessories,14,876.4899999999999
2017-06-13,construction_tools_construction,3,119.76
2017-06-13,cool_stuff,12,1664.53
2017-06-13,electronics,2,167.5
2017-06-13,fashion_bags_accessories,1,49.0
2017-06-13,fashion_male_clothing,2,95.4
2017-06-13,furniture_decor,15,789.16
2017-06-13,garden_tools,3,331.79999999999995
2017-06-13,health_beauty,9,1590.76
2017-06-13,home_appliances,1,26.0
2017-06-13,housewares,7,597.78
2017-06-13,luggage_accessories,5,605.5
2017-06-13,market_place,1,79.9
2017-06-13,office_furniture,2,159.98
2017-06-13,perfumery,6,1371.81
2017-06-13,pet_shop,2,240.49
2017-06-13,sports_leisure,16,1688.72
2017-06-13,stationery,2,325.99
2017-06-13,tablets_printing_image,1,99.0
2017-06-13,telephony,5,127.85999999999999
2017-06-13,toys,6,356.7
2017-06-13,watches_gifts,2,745.8
2017-06-14,air_conditioning,1,25.99
2017-06-14,audio,1,89.0
2017-06-14,auto,5,4471.87
2017-06-14,baby,6,519.49
2017-06-14,bed_bath_table,21,1880.9300000000005
2017-06-14,books_general_interest,1,115.0
2017-06-14,computers_accessories,9,2235.9300000000003
2017-06-14,consoles_games,2,28.0
2017-06-14,construction_tools_construction,1,39.92
2017-06-14,cool_stuff,7,1057.1799999999998
2017-06-14,electronics,1,29.9
2017-06-14,fashio_female_clothing,1,64.9
2017-06-14,fashion_bags_accessories,5,924.87
2017-06-14,fashion_male_clothing,1,59.9
2017-06-14,fashion_shoes,1,25.9
2017-06-14,furniture_bedroom,1,89.99
2017-06-14,furniture_decor,9,621.89
2017-06-14,garden_tools,5,887.89
2017-06-14,health_beauty,9,578.45
2017-06-14,home_appliances,4,118.95
2017-06-14,home_confort,1,75.0
2017-06-14,housewares,7,404.58000000000004
2017-06-14,luggage_accessories,3,159.7
2017-06-14,office_furniture,2,439.93
2017-06-14,perfumery,2,252.90999999999997
2017-06-14,pet_shop,3,470.4
2017-06-14,sports_leisure,17,1878.7800000000004
2017-06-14,stationery,1,51.9
2017-06-14,telephony,6,827.95
2017-06-14,toys,8,602.98
2017-06-14,watches_gifts,3,1244.88
2017-06-15,audio,1,89.0
2017-06-15,auto,4,1407.7900000000002
2017-06-15,baby,1,79.9
2017-06-15,bed_bath_table,23,1715.14
2017-06-15,books_general_interest,1,109.9
2017-06-15,computers_accessories,7,425.58
2017-06-15,consoles_games,3,518.8
2017-06-15,cool_stuff,6,689.76
2017-06-15,fashion_bags_accessories,3,228.85000000000002
2017-06-15,fashion_shoes,4,203.44
2017-06-15,furniture_decor,4,288.31
2017-06-15,furniture_living_room,1,114.97
2017-06-15,garden_tools,7,544.0799999999999
2017-06-15,health_beauty,4,247.18
2017-06-15,home_appliances,2,172.0
2017-06-15,housewares,8,511.38
2017-06-15,musical_instruments,3,1173.9
2017-06-15,perfumery,4,960.39
2017-06-15,pet_shop,1,17.99
2017-06-15,small_appliances,1,299.9
2017-06-15,sports_leisure,10,592.86
2017-06-15,stationery,1,79.0
2017-06-15,telephony,6,230.17
2017-06-15,toys,3,227.79000000000002
2017-06-15,watches_gifts,2,275.0
2017-06-16,auto,3,2176.99
2017-06-16,baby,1,139.33
2017-06-16,bed_bath_table,9,976.29
2017-06-16,books_imported,2,99.0
2017-06-16,computers_accessories,13,962.0899999999999
2017-06-16,cool_stuff,9,1233.43
2017-06-16,electronics,1,89.9
2017-06-16,fashion_bags_accessories,3,129.7
2017-06-16,fixed_telephony,3,142.98
2017-06-16,food,1,149.9
2017-06-16,furniture_decor,2,139.8
2017-06-16,garden_tools,8,636.03
2017-06-16,health_beauty,7,652.87
2017-06-16,home_appliances_2,1,269.99
2017-06-16,home_confort,1,89.9
2017-06-16,housewares,5,199.68
2017-06-16,luggage_accessories,2,135.8
2017-06-16,market_place,1,109.9
2017-06-16,office_furniture,1,149.9
2017-06-16,perfumery,6,973.77
2017-06-16,pet_shop,1,89.15
2017-06-16,small_appliances,1,99.88
2017-06-16,sports_leisure,6,310.54
2017-06-16,telephony,5,181.93
2017-06-16,toys,4,1081.8
2017-06-16,watches_gifts,5,1158.79
2017-06-17,auto,3,2413.09
2017-06-17,baby,1,112.8
2017-06-17,bed_bath_table,9,793.73
2017-06-17,computers_accessories,9,753.2199999999999
2017-06-17,cool_stuff,3,279.88
2017-06-17,electronics,1,49.0
2017-06-17,fashion_bags_accessories,1,64.9
2017-06-17,fashion_sport,1,69.9
2017-06-17,furniture_decor,3,53.9
2017-06-17,garden_tools,2,77.95
2017-06-17,health_beauty,9,613.65
2017-06-17,housewares,6,335.6
2017-06-17,luggage_accessories,1,139.9
2017-06-17,office_furniture,1,124.99
2017-06-17,perfumery,8,1544.2
2017-06-17,pet_shop,1,149.0
2017-06-17,small_appliances,3,497.89
2017-06-17,sports_leisure,8,1440.4
2017-06-17,telephony,4,72.85999999999999
2017-06-17,toys,3,281.89
2017-06-17,watches_gifts,4,1085.88
2017-06-18,auto,7,4864.579999999999
2017-06-18,baby,3,413.79
2017-06-18,bed_bath_table,10,705.1999999999999
2017-06-18,books_general_interest,1,135.0
2017-06-18,computers_accessories,5,239.4
2017-06-18,cool_stuff,4,485.69000000000005
2017-06-18,dvds_blu_ray,1,69.99
2017-06-18,electronics,1,21.9
2017-06-18,fashion_bags_accessories,3,288.7
2017-06-18,fashion_shoes,1,35.9
2017-06-18,furniture_decor,5,296.68
2017-06-18,garden_tools,3,284.39
2017-06-18,health_beauty,8,139.52
2017-06-18,home_appliances,2,60.0
2017-06-18,housewares,10,928.81
2017-06-18,luggage_accessories,1,89.9
2017-06-18,office_furniture,5,677.0500000000001
2017-06-18,perfumery,4,874.89
2017-06-18,small_appliances,1,2690.0
2017-06-18,sports_leisure,8,747.02
2017-06-18,stationery,3,261.9
2017-06-18,telephony,3,143.98
2017-06-18,toys,5,445.58000000000004
2017-06-18,watches_gifts,3,766.51
2017-06-19,air_conditioning,1,99.0
2017-06-19,auto,6,2315.69
2017-06-19,baby,3,72.69999999999999
2017-06-19,bed_bath_table,18,1431.18
2017-06-19,books_general_interest,3,374.8
2017-06-19,computers_accessories,13,1220.19
2017-06-19,consoles_games,6,1866.88
2017-06-19,cool_stuff,8,961.27
2017-06-19,electronics,1,89.99
2017-06-19,fashion_bags_accessories,2,248.9
2017-06-19,fixed_telephony,1,19.99
2017-06-19,furniture_decor,14,1168.21
2017-06-19,garden_tools,3,378.8
2017-06-19,health_beauty,14,1538.0600000000002
2017-06-19,home_appliances,4,472.6
2017-06-19,housewares,16,1127.78
2017-06-19,luggage_accessories,2,192.8
2017-06-19,music,1,79.9
2017-06-19,musical_instruments,1,690.0
2017-06-19,office_furniture,4,516.96
2017-06-19,perfumery,11,2213.6
2017-06-19,pet_shop,3,304.48
2017-06-19,small_appliances,1,1890.0
2017-06-19,sports_leisure,14,803.1899999999999
2017-06-19,stationery,4,223.89000000000001
2017-06-19,telephony,4,167.89
2017-06-19,toys,8,788.54
2017-06-19,watches_gifts,9,974.12
2017-06-20,air_conditioning,1,155.9
2017-06-20,auto,5,495.89
2017-06-20,baby,5,255.69
2017-06-20,bed_bath_table,8,697.48
2017-06-20,books_general_interest,1,139.9
2017-06-20,computers_accessories,9,705.0799999999999
2017-06-20,consoles_games,2,138.9
2017-06-20,cool_stuff,4,1056.88
2017-06-20,fashion_shoes,1,29.9
2017-06-20,furniture_decor,13,1251.9699999999998
2017-06-20,furniture_living_room,1,179.99
2017-06-20,garden_tools,1,135.5
2017-06-20,health_beauty,11,1540.5500000000002
2017-06-20,home_appliances,3,237.1
2017-06-20,housewares,13,965.7999999999998
2017-06-20,luggage_accessories,2,139.65
2017-06-20,musical_instruments,1,379.0
2017-06-20,perfumery,5,683.1999999999999
2017-06-20,sports_leisure,5,349.91
2017-06-20,stationery,1,79.0
2017-06-20,telephony,4,93.46000000000001
2017-06-20,toys,3,136.9
2017-06-20,watches_gifts,6,810.88
2017-06-21,auto,3,2094.94
2017-06-21,baby,1,79.9
2017-06-21,bed_bath_table,2,209.8
2017-06-21,computers_accessories,7,593.5
2017-06-21,cool_stuff,5,1224.67
2017-06-21,fashion_bags_accessories,2,98.9
2017-06-21,fashion_shoes,1,35.9
2017-06-21,furniture_decor,1,8.85
2017-06-21,garden_tools,1,525.0
2017-06-21,health_beauty,3,248.98
2017-06-21,housewares,6,369.5
2017-06-21,luggage_accessories,1,99.9
2017-06-21,musical_instruments,2,369.26
2017-06-21,sports_leisure,1,148.75
2017-06-22,auto,1,24.9
2017-06-22,baby,2,189.8
2017-06-22,bed_bath_table,11,680.7399999999999
2017-06-22,books_general_interest,1,115.0
2017-06-22,computers_accessories,5,1014.5999999999999
2017-06-22,cool_stuff,5,775.68
2017-06-22,electronics,2,238.0
2017-06-22,fashion_bags_accessories,4,369.69
2017-06-22,fashion_male_clothing,1,129.99
2017-06-22,fashion_underwear_beach,1,3.9
2017-06-22,furniture_decor,8,333.7
2017-06-22,furniture_living_room,1,103.97
2017-06-22,garden_tools,5,462.59
2017-06-22,health_beauty,7,382.81
2017-06-22,home_appliances,1,104.0
2017-06-22,home_confort,1,177.9
2017-06-22,housewares,14,973.68
2017-06-22,industry_commerce_and_business,1,145.97
2017-06-22,market_place,1,29.9
2017-06-22,musical_instruments,1,69.9
2017-06-22,office_furniture,1,159.99
2017-06-22,perfumery,1,56.99
2017-06-22,pet_shop,1,265.0
2017-06-22,sports_leisure,7,494.09999999999997
2017-06-22,telephony,2,107.96
2017-06-22,toys,4,388.88
2017-06-22,watches_gifts,4,658.98
2017-06-23,auto,5,280.7
2017-06-23,bed_bath_table,11,1260.1499999999999
2017-06-23,computers_accessories,10,1692.5900000000001
2017-06-23,cool_stuff,6,1011.31
2017-06-23,costruction_tools_garden,1,39.99
2017-06-23,electronics,3,70.7
2017-06-23,furniture_decor,5,260.1
2017-06-23,garden_tools,4,335.78999999999996
2017-06-23,health_beauty,10,1969.49
2017-06-23,housewares,14,970.8799999999999
2017-06-23,kitchen_dining_laundry_garden_furniture,1,229.0
2017-06-23,market_place,2,139.8
2017-06-23,musical_instruments,2,135.8
2017-06-23,office_furniture,4,634.82
2017-06-23,perfumery,4,338.87
2017-06-23,pet_shop,4,452.30999999999995
2017-06-23,sports_leisure,9,940.75
2017-06-23,stationery,2,118.80000000000001
2017-06-23,telephony,4,64.46000000000001
2017-06-23,toys,6,691.98
2017-06-23,watches_gifts,4,982.0
2017-06-24,auto,2,97.78999999999999
2017-06-24,baby,2,179.8
2017-06-24,bed_bath_table,16,1300.19
2017-06-24,computers_accessories,3,120.78999999999999
2017-06-24,cool_stuff,4,895.48
2017-06-24,fashion_bags_accessories,1,169.99
2017-06-24,fashion_shoes,1,71.82
2017-06-24,furniture_decor,5,207.99
2017-06-24,health_beauty,5,463.75
2017-06-24,home_appliances,1,32.9
2017-06-24,home_appliances_2,1,269.99
2017-06-24,home_confort,2,179.8
2017-06-24,housewares,9,618.0899999999999
2017-06-24,office_furniture,7,1134.3400000000001
2017-06-24,small_appliances,1,103.99
2017-06-24,sports_leisure,6,1428.89
2017-06-24,stationery,2,113.8
2017-06-24,telephony,5,106.75
2017-06-24,toys,1,158.9
2017-06-24,watches_gifts,3,402.9
2017-06-25,air_conditioning,1,169.0
2017-06-25,audio,1,89.0
2017-06-25,auto,1,37.0
2017-06-25,baby,2,426.97
2017-06-25,bed_bath_table,7,739.4
2017-06-25,christmas_supplies,3,184.7
2017-06-25,computers_accessories,5,563.6999999999999
2017-06-25,consoles_games,3,379.9
2017-06-25,cool_stuff,8,3455.3399999999992
2017-06-25,electronics,1,14.9
2017-06-25,fashion_bags_accessories,3,133.8
2017-06-25,furniture_decor,10,1496.3300000000002
2017-06-25,furniture_living_room,1,49.9
2017-06-25,garden_tools,1,19.9
2017-06-25,health_beauty,9,1560.6600000000003
2017-06-25,home_appliances,2,75.0
2017-06-25,home_appliances_2,1,149.0
2017-06-25,home_confort,1,269.0
2017-06-25,housewares,11,825.0799999999999
2017-06-25,luggage_accessories,4,612.6
2017-06-25,musical_instruments,1,79.9
2017-06-25,office_furniture,2,269.98
2017-06-25,perfumery,3,372.9
2017-06-25,pet_shop,3,225.9
2017-06-25,small_appliances,1,447.0
2017-06-25,sports_leisure,5,2032.7000000000003
2017-06-25,stationery,1,99.0
2017-06-25,telephony,4,97.96
2017-06-25,toys,5,453.59000000000003
2017-06-25,watches_gifts,4,1556.0
2017-06-26,agro_industry_and_commerce,1,1390.0
2017-06-26,auto,1,30.0
2017-06-26,baby,1,149.9
2017-06-26,bed_bath_table,5,467.5899999999999
2017-06-26,computers_accessories,6,3971.6
2017-06-26,cool_stuff,4,713.89
2017-06-26,fashion_shoes,1,29.9
2017-06-26,furniture_decor,4,300.8
2017-06-26,garden_tools,6,1760.49
2017-06-26,health_beauty,7,284.12999999999994
2017-06-26,home_construction,1,595.0
2017-06-26,housewares,6,319.4
2017-06-26,luggage_accessories,1,68.9
2017-06-26,office_furniture,3,330.0
2017-06-26,perfumery,6,747.77
2017-06-26,pet_shop,6,385.15
2017-06-26,small_appliances,2,33.98
2017-06-26,sports_leisure,5,575.5
2017-06-26,stationery,3,169.70000000000002
2017-06-26,telephony,2,26.490000000000002
2017-06-26,toys,2,268.9
2017-06-26,watches_gifts,3,254.89
2017-06-27,audio,1,89.0
2017-06-27,auto,5,807.9
2017-06-27,baby,3,189.79000000000002
2017-06-27,bed_bath_table,16,2174.1000000000004
2017-06-27,computers_accessories,8,2289.4700000000003
2017-06-27,consoles_games,2,478.0
2017-06-27,cool_stuff,7,936.27
2017-06-27,electronics,3,116.79
2017-06-27,fashion_bags_accessories,3,269.8
2017-06-27,fashion_shoes,1,35.9
2017-06-27,furniture_decor,8,546.46
2017-06-27,garden_tools,2,134.06
2017-06-27,health_beauty,10,934.84
2017-06-27,home_appliances,5,302.89
2017-06-27,home_construction,1,109.0
2017-06-27,housewares,28,1990.9400000000005
2017-06-27,luggage_accessories,5,729.93
2017-06-27,market_place,2,95.78999999999999
2017-06-27,music,1,329.0
2017-06-27,office_furniture,1,159.99
2017-06-27,perfumery,8,1415.77
2017-06-27,pet_shop,3,100.97999999999999
2017-06-27,small_appliances,2,383.0
2017-06-27,sports_leisure,10,659.87
2017-06-27,stationery,2,499.79999999999995
2017-06-27,telephony,7,193.37
2017-06-27,toys,7,506.9
2017-06-27,watches_gifts,2,202.0
2017-06-28,air_conditioning,1,799.95
2017-06-28,audio,1,75.0
2017-06-28,auto,4,437.96000000000004
2017-06-28,baby,2,342.9
2017-06-28,bed_bath_table,18,1829.9200000000003
2017-06-28,computers_accessories,5,343.4
2017-06-28,consoles_games,2,129.89
2017-06-28,cool_stuff,8,825.74
2017-06-28,dvds_blu_ray,1,19.9
2017-06-28,electronics,2,60.99
2017-06-28,fashion_bags_accessories,1,69.9
2017-06-28,fixed_telephony,2,52.980000000000004
2017-06-28,furniture_decor,13,2034.1400000000003
2017-06-28,garden_tools,2,246.98
2017-06-28,health_beauty,12,1136.84
2017-06-28,home_appliances,2,136.9
2017-06-28,home_confort,1,230.0
2017-06-28,housewares,17,1051.8799999999999
2017-06-28,kitchen_dining_laundry_garden_furniture,1,48.0
2017-06-28,luggage_accessories,2,434.23
2017-06-28,music,1,329.0
2017-06-28,musical_instruments,2,603.9
2017-06-28,office_furniture,2,239.97000000000003
2017-06-28,perfumery,2,235.49
2017-06-28,sports_leisure,12,1368.79
2017-06-28,stationery,1,48.9
2017-06-28,telephony,2,42.489999999999995
2017-06-28,toys,1,74.9
2017-06-28,watches_gifts,2,1044.0
2017-06-29,air_conditioning,1,103.95
2017-06-29,audio,1,269.0
2017-06-29,auto,8,1066.5
2017-06-29,baby,1,59.99
2017-06-29,bed_bath_table,16,1836.2000000000003
2017-06-29,books_general_interest,2,48.68
2017-06-29,computers_accessories,5,269.6
2017-06-29,cool_stuff,9,1247.83
2017-06-29,costruction_tools_garden,3,394.70000000000005
2017-06-29,electronics,1,49.0
2017-06-29,fashion_bags_accessories,2,59.9
2017-06-29,fashion_shoes,1,71.82
2017-06-29,fashion_sport,1,39.9
2017-06-29,furniture_decor,9,811.63
2017-06-29,garden_tools,2,148.9
2017-06-29,health_beauty,8,1073.57
2017-06-29,home_appliances,3,75.9
2017-06-29,home_confort,1,89.9
2017-06-29,housewares,14,875.7299999999999
2017-06-29,luggage_accessories,2,229.8
2017-06-29,market_place,1,257.57
2017-06-29,office_furniture,1,119.6
2017-06-29,perfumery,3,570.0
2017-06-29,pet_shop,1,59.99
2017-06-29,small_appliances,1,329.9
2017-06-29,sports_leisure,15,1694.8
2017-06-29,telephony,5,75.67
2017-06-29,toys,3,173.8
2017-06-29,watches_gifts,1,53.0
2017-06-30,auto,3,314.6
2017-06-30,baby,2,737.99
2017-06-30,bed_bath_table,10,965.1899999999999
2017-06-30,books_general_interest,1,53.9
2017-06-30,computers_accessories,2,93.88999999999999
2017-06-30,consoles_games,1,8.99
2017-06-30,construction_tools_construction,1,99.99
2017-06-30,cool_stuff,8,1990.0700000000002
2017-06-30,electronics,1,175.0
2017-06-30,fashion_bags_accessories,2,419.89
2017-06-30,fixed_telephony,1,32.99
2017-06-30,furniture_decor,8,732.9399999999999
2017-06-30,garden_tools,4,241.70000000000002
2017-06-30,health_beauty,9,1933.8400000000001
2017-06-30,home_appliances,1,80.0
2017-06-30,home_appliances_2,1,189.9
2017-06-30,housewares,8,812.05
2017-06-30,luggage_accessories,2,229.23000000000002
2017-06-30,office_furniture,2,264.93
2017-06-30,perfumery,4,726.39
2017-06-30,pet_shop,1,32.64
2017-06-30,small_appliances,1,64.0
2017-06-30,small_appliances_home_oven_and_coffee,1,71.9
2017-06-30,sports_leisure,8,1353.9
2017-06-30,stationery,1,99.0
2017-06-30,telephony,2,19.5
2017-06-30,toys,6,456.27000000000004
2017-06-30,watches_gifts,5,416.3
2017-07-01,auto,4,984.9
2017-07-01,baby,4,588.79
2017-07-01,bed_bath_table,10,772.15
2017-07-01,books_general_interest,1,114.9
2017-07-01,computers_accessories,3,330.89
2017-07-01,cool_stuff,9,1358.78
2017-07-01,electronics,1,12.9
2017-07-01,fashion_bags_accessories,2,93.9
2017-07-01,fashion_shoes,1,34.9
2017-07-01,furniture_decor,9,1282.0500000000002
2017-07-01,garden_tools,3,141.0
2017-07-01,health_beauty,7,507.59
2017-07-01,home_appliances,1,26.0
2017-07-01,home_appliances_2,1,159.0
2017-07-01,home_confort,1,230.0
2017-07-01,housewares,3,130.39000000000001
2017-07-01,luggage_accessories,1,118.9
2017-07-01,office_furniture,1,159.99
2017-07-01,perfumery,2,239.8
2017-07-01,pet_shop,1,32.64
2017-07-01,sports_leisure,8,1255.27
2017-07-01,stationery,4,317.6
2017-07-01,telephony,2,108.9
2017-07-01,toys,5,502.79
2017-07-01,watches_gifts,6,1881.92
2017-07-02,baby,1,40.0
2017-07-02,bed_bath_table,15,1774.8700000000003
2017-07-02,computers_accessories,5,605.2
2017-07-02,cool_stuff,12,1302.94
2017-07-02,costruction_tools_garden,1,74.9
2017-07-02,electronics,2,130.0
2017-07-02,fashio_female_clothing,1,49.0
2017-07-02,fashion_bags_accessories,1,89.9
2017-07-02,furniture_decor,13,993.9799999999999
2017-07-02,furniture_living_room,1,139.9
2017-07-02,garden_tools,1,39.9
2017-07-02,health_beauty,8,1865.91
2017-07-02,home_appliances,1,115.5
2017-07-02,home_appliances_2,1,89.99
2017-07-02,home_comfort_2,1,12.9
2017-07-02,home_confort,2,28.0
2017-07-02,housewares,11,1215.79
2017-07-02,luggage_accessories,1,102.9
2017-07-02,office_furniture,1,159.99
2017-07-02,perfumery,3,198.97
2017-07-02,pet_shop,1,84.5
2017-07-02,small_appliances,3,126.88999999999999
2017-07-02,sports_leisure,10,666.11
2017-07-02,stationery,1,194.0
2017-07-02,tablets_printing_image,1,99.0
2017-07-02,telephony,4,131.48000000000002
2017-07-02,toys,8,609.27
2017-07-02,watches_gifts,4,239.77
2017-07-03,art,1,239.9
2017-07-03,auto,2,114.9
2017-07-03,baby,2,69.49
2017-07-03,bed_bath_table,19,1783.9500000000003
2017-07-03,computers_accessories,6,396.79999999999995
2017-07-03,consoles_games,1,67.0
2017-07-03,cool_stuff,8,2574.65
2017-07-03,electronics,5,256.78
2017-07-03,food_drink,1,41.5
2017-07-03,furniture_decor,12,2236.31
2017-07-03,furniture_living_room,2,455.79999999999995
2017-07-03,garden_tools,3,409.79999999999995
2017-07-03,health_beauty,4,1063.8
2017-07-03,home_appliances,3,75.5
2017-07-03,home_confort,2,268.9
2017-07-03,housewares,8,929.55
2017-07-03,luggage_accessories,2,229.8
2017-07-03,market_place,1,369.9
2017-07-03,musical_instruments,1,25.0
2017-07-03,perfumery,2,100.99
2017-07-03,pet_shop,3,205.39
2017-07-03,small_appliances,3,133.97
2017-07-03,sports_leisure,20,1379.0200000000002
2017-07-03,stationery,3,271.89
2017-07-03,telephony,2,75.89
2017-07-03,toys,6,1142.88
2017-07-03,watches_gifts,2,282.0
2017-07-04,air_conditioning,1,10.9
2017-07-04,art,1,36.85
2017-07-04,audio,1,159.9
2017-07-04,auto,5,510.65
2017-07-04,baby,2,144.99
2017-07-04,bed_bath_table,20,2164.7400000000002
2017-07-04,computers_accessories,11,1895.9699999999998
2017-07-04,consoles_games,1,39.9
2017-07-04,cool_stuff,3,142.88
2017-07-04,fashion_bags_accessories,6,267.9
2017-07-04,fixed_telephony,1,34.99
2017-07-04,food,1,63.49
2017-07-04,food_drink,1,17.9
2017-07-04,furniture_decor,11,548.51
2017-07-04,furniture_living_room,1,230.0
2017-07-04,garden_tools,5,748.1899999999999
2017-07-04,health_beauty,10,979.5799999999999
2017-07-04,home_appliances,1,104.0
2017-07-04,housewares,7,1011.78
2017-07-04,industry_commerce_and_business,1,145.97
2017-07-04,luggage_accessories,3,274.70000000000005
2017-07-04,market_place,1,28.99
2017-07-04,musical_instruments,1,77.9
2017-07-04,office_furniture,1,146.99
2017-07-04,perfumery,5,307.77
2017-07-04,pet_shop,3,302.70000000000005
2017-07-04,sports_leisure,8,1034.57
2017-07-04,stationery,5,211.5
2017-07-04,telephony,4,77.77
2017-07-04,toys,7,2347.6800000000003
2017-07-04,watches_gifts,2,1129.89
2017-07-05,auto,3,276.05
2017-07-05,baby,3,271.56000000000006
2017-07-05,bed_bath_table,23,2346.6100000000006
2017-07-05,books_general_interest,1,122.5
2017-07-05,cds_dvds_musicals,2,90.0
2017-07-05,computers_accessories,10,638.91
2017-07-05,construction_tools_construction,1,99.99
2017-07-05,cool_stuff,13,2983.13
2017-07-05,drinks,1,173.99
2017-07-05,electronics,1,85.0
2017-07-05,fashion_bags_accessories,4,60.9
2017-07-05,furniture_decor,15,868.2999999999998
2017-07-05,garden_tools,6,672.88
2017-07-05,health_beauty,9,1586.0600000000002
2017-07-05,home_confort,3,509.98
2017-07-05,housewares,11,751.4499999999999
2017-07-05,luggage_accessories,1,102.9
2017-07-05,musical_instruments,1,79.9
2017-07-05,office_furniture,7,1116.49
2017-07-05,perfumery,3,480.89
2017-07-05,pet_shop,6,547.09
2017-07-05,sports_leisure,10,829.87
2017-07-05,stationery,6,1199.99
2017-07-05,tablets_printing_image,1,99.0
2017-07-05,telephony,3,91.98
2017-07-05,toys,6,514.48
2017-07-05,watches_gifts,8,3861.32
2017-07-06,auto,3,432.81
2017-07-06,baby,7,536.28
2017-07-06,bed_bath_table,18,2360.3500000000004
2017-07-06,computers_accessories,16,5237.509999999999
2017-07-06,consoles_games,3,195.79
2017-07-06,cool_stuff,13,2104.44
2017-07-06,costruction_tools_garden,1,56.9
2017-07-06,electronics,3,559.9
2017-07-06,fashion_bags_accessories,2,448.9
2017-07-06,fixed_telephony,1,32.99
2017-07-06,furniture_decor,7,398.95
2017-07-06,garden_tools,9,1021.89
2017-07-06,health_beauty,10,887.32
2017-07-06,home_appliances,1,32.9
2017-07-06,housewares,8,403.37
2017-07-06,luggage_accessories,7,1121.83
2017-07-06,musical_instruments,1,74.9
2017-07-06,office_furniture,3,486.57000000000005
2017-07-06,perfumery,1,109.9
2017-07-06,pet_shop,4,391.89
2017-07-06,sports_leisure,15,2328.09
2017-07-06,stationery,2,194.99
2017-07-06,telephony,8,557.86
2017-07-06,toys,9,838.56
2017-07-06,watches_gifts,1,26.69
2017-07-07,auto,3,110.88999999999999
2017-07-07,baby,6,363.69000000000005
2017-07-07,bed_bath_table,23,2166.5300000000007
2017-07-07,computers_accessories,10,1072.27
2017-07-07,consoles_games,1,35.0
2017-07-07,cool_stuff,5,1141.87
2017-07-07,dvds_blu_ray,1,699.0
2017-07-07,electronics,8,538.79
2017-07-07,fashion_bags_accessories,2,166.9
2017-07-07,fashion_shoes,1,157.9
2017-07-07,food_drink,1,19.9
2017-07-07,furniture_decor,10,569.4399999999999
2017-07-07,garden_tools,1,59.9
2017-07-07,health_beauty,9,540.56
2017-07-07,housewares,9,620.7
2017-07-07,luggage_accessories,2,242.8
2017-07-07,market_place,2,108.4
2017-07-07,music,1,329.0
2017-07-07,office_furniture,6,1006.48
2017-07-07,perfumery,3,341.89
2017-07-07,sports_leisure,7,713.22
2017-07-07,stationery,1,99.0
2017-07-07,telephony,4,130.78
2017-07-07,toys,8,651.3
2017-07-07,watches_gifts,4,1127.38
2017-07-08,auto,1,117.3
2017-07-08,baby,2,443.9
2017-07-08,bed_bath_table,12,1343.2900000000002
2017-07-08,computers_accessories,4,409.61
2017-07-08,consoles_games,1,65.0
2017-07-08,cool_stuff,10,1251.8500000000001
2017-07-08,electronics,1,150.0
2017-07-08,fashion_shoes,1,157.9
2017-07-08,fixed_telephony,2,37.8
2017-07-08,furniture_decor,8,635.31
2017-07-08,health_beauty,12,1831.6700000000003
2017-07-08,home_appliances_2,1,159.0
2017-07-08,housewares,7,648.4599999999999
2017-07-08,luggage_accessories,1,174.33
2017-07-08,office_furniture,3,377.88
2017-07-08,perfumery,3,231.88
2017-07-08,pet_shop,3,428.09999999999997
2017-07-08,small_appliances,2,110.8
2017-07-08,sports_leisure,6,560.59
2017-07-08,stationery,1,45.0
2017-07-08,telephony,3,50.489999999999995
2017-07-08,toys,3,343.70000000000005
2017-07-08,watches_gifts,2,437.0
2017-07-09,auto,2,285.9
2017-07-09,baby,2,85.89
2017-07-09,bed_bath_table,12,719.9799999999999
2017-07-09,computers_accessories,4,358.9
2017-07-09,cool_stuff,3,428.98
2017-07-09,electronics,3,94.39
2017-07-09,fashion_bags_accessories,2,25.98
2017-07-09,furniture_bedroom,1,259.0
2017-07-09,furniture_decor,12,986.8
2017-07-09,furniture_living_room,1,49.9
2017-07-09,garden_tools,4,480.88
2017-07-09,health_beauty,7,597.72
2017-07-09,home_confort,3,269.70000000000005
2017-07-09,housewares,3,229.7
2017-07-09,luggage_accessories,1,106.9
2017-07-09,office_furniture,4,452.94000000000005
2017-07-09,perfumery,2,78.59
2017-07-09,pet_shop,4,232.79
2017-07-09,small_appliances,1,16.9
2017-07-09,sports_leisure,8,639.4
2017-07-09,stationery,1,69.9
2017-07-09,telephony,5,147.88
2017-07-09,toys,6,438.78000000000003
2017-07-09,watches_gifts,2,908.9
2017-07-10,auto,10,870.16
2017-07-10,baby,5,473.78
2017-07-10,bed_bath_table,21,2246.4600000000005
2017-07-10,cds_dvds_musicals,1,45.0
2017-07-10,computers_accessories,11,2133.1400000000003
2017-07-10,consoles_games,2,54.8
2017-07-10,cool_stuff,11,2515.6299999999997
2017-07-10,electronics,3,64.79
2017-07-10,fashion_bags_accessories,3,243.98000000000002
2017-07-10,fashion_male_clothing,1,29.99
2017-07-10,furniture_decor,7,767.18
2017-07-10,furniture_living_room,1,329.9
2017-07-10,garden_tools,7,744.78
2017-07-10,health_beauty,12,952.0200000000001
2017-07-10,home_confort,1,89.9
2017-07-10,housewares,8,404.89
2017-07-10,luggage_accessories,8,980.3
2017-07-10,market_place,1,180.0
2017-07-10,musical_instruments,1,479.9
2017-07-10,office_furniture,2,319.96
2017-07-10,perfumery,2,174.89
2017-07-10,pet_shop,3,408.53
2017-07-10,small_appliances,1,59.85
2017-07-10,sports_leisure,19,1699.8300000000004
2017-07-10,stationery,1,139.0
2017-07-10,telephony,3,91.97999999999999
2017-07-10,toys,5,406.87
2017-07-10,watches_gifts,5,384.43
2017-07-11,audio,1,29.9
2017-07-11,auto,3,378.28999999999996
2017-07-11,baby,4,244.70000000000002
2017-07-11,bed_bath_table,19,2220.46
2017-07-11,computers_accessories,14,1200.8900000000003
2017-07-11,consoles_games,2,76.99
2017-07-11,cool_stuff,13,1680.3900000000003
2017-07-11,costruction_tools_garden,2,139.8
2017-07-11,electronics,4,243.8
2017-07-11,fashion_bags_accessories,3,244.79000000000002
2017-07-11,fashion_male_clothing,1,59.9
2017-07-11,fashion_shoes,1,71.82
2017-07-11,fashion_underwear_beach,1,59.9
2017-07-11,food_drink,1,16.5
2017-07-11,furniture_decor,17,667.0
2017-07-11,furniture_living_room,1,114.97
2017-07-11,garden_tools,3,688.6
2017-07-11,health_beauty,6,385.59000000000003
2017-07-11,home_appliances,1,35.9
2017-07-11,home_appliances_2,1,149.0
2017-07-11,home_confort,3,708.0
2017-07-11,housewares,14,1283.3899999999999
2017-07-11,la_cuisine,1,119.99
2017-07-11,luggage_accessories,1,114.9
2017-07-11,musical_instruments,1,239.0
2017-07-11,office_furniture,4,656.57
2017-07-11,perfumery,6,503.79
2017-07-11,pet_shop,7,416.38999999999993
2017-07-11,signaling_and_security,2,268.0
2017-07-11,small_appliances,4,831.98
2017-07-11,sports_leisure,12,1599.22
2017-07-11,stationery,6,413.9
2017-07-11,telephony,7,688.3
2017-07-11,toys,5,446.59
2017-07-11,watches_gifts,7,1731.88
2017-07-12,air_conditioning,1,125.9
2017-07-12,arts_and_craftmanship,1,129.9
2017-07-12,auto,2,194.89000000000001
2017-07-12,baby,5,643.7
2017-07-12,bed_bath_table,23,2854.160000000001
2017-07-12,cds_dvds_musicals,1,45.0
2017-07-12,computers_accessories,13,1896.1900000000003
2017-07-12,consoles_games,2,39.8
2017-07-12,cool_stuff,11,737.53
2017-07-12,electronics,3,387.99
2017-07-12,fashion_bags_accessories,2,198.9
2017-07-12,fashion_shoes,2,71.8
2017-07-12,furniture_decor,11,608.66
2017-07-12,furniture_living_room,1,114.97
2017-07-12,garden_tools,1,112.0
2017-07-12,health_beauty,13,1002.01
2017-07-12,home_confort,3,208.8
2017-07-12,housewares,5,489.5
2017-07-12,kitchen_dining_laundry_garden_furniture,1,35.9
2017-07-12,musical_instruments,2,929.9
2017-07-12,office_furniture,2,329.96
2017-07-12,perfumery,7,801.7099999999999
2017-07-12,pet_shop,3,139.55
2017-07-12,small_appliances,1,358.8
2017-07-12,sports_leisure,23,2493.0900000000006
2017-07-12,telephony,3,134.98000000000002
2017-07-12,toys,13,1995.02
2017-07-12,watches_gifts,4,1307.89
2017-07-13,audio,2,224.0
2017-07-13,auto,2,248.9
2017-07-13,baby,8,947.9200000000001
2017-07-13,bed_bath_table,22,2743.96
2017-07-13,computers_accessories,10,1087.92
2017-07-13,consoles_games,2,98.99
2017-07-13,cool_stuff,8,929.46
2017-07-13,dvds_blu_ray,1,16.9
2017-07-13,electronics,1,11.9
2017-07-13,fashion_bags_accessories,3,189.79000000000002
2017-07-13,fashion_male_clothing,2,129.8
2017-07-13,food_drink,1,19.9
2017-07-13,furniture_decor,8,625.0699999999999
2017-07-13,furniture_living_room,3,229.77
2017-07-13,garden_tools,4,116.86999999999999
2017-07-13,health_beauty,8,738.6800000000001
2017-07-13,home_confort,4,509.87
2017-07-13,housewares,5,421.79
2017-07-13,luggage_accessories,4,492.6
2017-07-13,office_furniture,9,1394.7
2017-07-13,perfumery,5,452.33000000000004
2017-07-13,pet_shop,5,223.88000000000002
2017-07-13,small_appliances,1,99.0
2017-07-13,sports_leisure,9,727.9899999999999
2017-07-13,stationery,1,48.9
2017-07-13,telephony,3,82.47999999999999
2017-07-13,toys,10,509.46
2017-07-13,watches_gifts,5,806.79
2017-07-14,agro_industry_and_commerce,1,1180.0
2017-07-14,auto,1,29.9
2017-07-14,baby,2,409.79999999999995
2017-07-14,bed_bath_table,22,2201.01
2017-07-14,computers_accessories,14,1354.94
2017-07-14,construction_tools_construction,1,99.99
2017-07-14,cool_stuff,8,1849.8300000000002
2017-07-14,electronics,8,621.75
2017-07-14,fashion_bags_accessories,9,575.6800000000001
2017-07-14,fashion_male_clothing,1,38.5
2017-07-14,fixed_telephony,2,52.980000000000004
2017-07-14,food,1,114.9
2017-07-14,furniture_decor,5,718.5
2017-07-14,furniture_living_room,2,229.87
2017-07-14,garden_tools,7,225.0
2017-07-14,health_beauty,12,1299.5500000000002
2017-07-14,home_appliances,1,32.9
2017-07-14,home_confort,4,498.69999999999993
2017-07-14,housewares,9,745.18
2017-07-14,industry_commerce_and_business,1,99.99
2017-07-14,luggage_accessories,2,313.79999999999995
2017-07-14,musical_instruments,3,1501.8000000000002
2017-07-14,office_furniture,2,159.98
2017-07-14,perfumery,4,288.87
2017-07-14,pet_shop,5,221.86
2017-07-14,small_appliances,1,109.0
2017-07-14,sports_leisure,12,722.06
2017-07-14,stationery,1,79.0
2017-07-14,telephony,4,113.99000000000001
2017-07-14,toys,9,913.3799999999999
2017-07-14,watches_gifts,11,1739.65
2017-07-15,audio,1,229.99
2017-07-15,auto,6,540.4
2017-07-15,baby,4,307.8
2017-07-15,bed_bath_table,16,1810.6900000000005
2017-07-15,christmas_supplies,1,58.9
2017-07-15,computers_accessories,6,388.1
2017-07-15,cool_stuff,6,735.95
2017-07-15,electronics,1,150.0
2017-07-15,fashion_bags_accessories,1,49.9
2017-07-15,furniture_decor,10,562.39
2017-07-15,furniture_living_room,1,62.9
2017-07-15,garden_tools,6,1724.89
2017-07-15,health_beauty,9,171.37
2017-07-15,home_appliances,1,32.9
2017-07-15,home_confort,2,114.80000000000001
2017-07-15,housewares,8,338.4
2017-07-15,kitchen_dining_laundry_garden_furniture,1,129.9
2017-07-15,luggage_accessories,3,509.69999999999993
2017-07-15,market_place,1,149.99
2017-07-15,office_furniture,3,388.19000000000005
2017-07-15,perfumery,2,113.98
2017-07-15,pet_shop,1,89.5
2017-07-15,small_appliances,1,193.0
2017-07-15,sports_leisure,6,333.36
2017-07-15,stationery,3,126.9
2017-07-15,telephony,3,112.97999999999999
2017-07-15,toys,3,313.79999999999995
2017-07-15,watches_gifts,5,1139.98
2017-07-16,art,1,110.0
2017-07-16,auto,10,385.47999999999996
2017-07-16,baby,4,309.6
2017-07-16,bed_bath_table,14,1907.5500000000002
2017-07-16,books_general_interest,1,115.0
2017-07-16,computers_accessories,5,216.69000000000003
2017-07-16,construction_tools_construction,2,199.98
2017-07-16,cool_stuff,6,743.76
2017-07-16,dvds_blu_ray,1,16.9
2017-07-16,electronics,8,739.67
2017-07-16,fashion_bags_accessories,1,59.0
2017-07-16,fashion_shoes,1,71.82
2017-07-16,furniture_decor,8,366.5799999999999
2017-07-16,furniture_living_room,3,314.95
2017-07-16,health_beauty,30,1016.3500000000008
2017-07-16,housewares,1,149.99
2017-07-16,luggage_accessories,3,277.7
2017-07-16,market_place,1,74.9
2017-07-16,office_furniture,2,239.93
2017-07-16,perfumery,7,861.79
2017-07-16,pet_shop,1,22.9
2017-07-16,small_appliances,1,329.9
2017-07-16,sports_leisure,12,1524.01
2017-07-16,stationery,4,295.27
2017-07-16,telephony,2,71.49
2017-07-16,toys,5,431.5
2017-07-16,watches_gifts,7,1725.44
2017-07-17,auto,5,757.8
2017-07-17,baby,7,1624.1100000000001
2017-07-17,bed_bath_table,26,3026.23
2017-07-17,books_general_interest,4,327.6
2017-07-17,computers_accessories,14,2538.78
2017-07-17,cool_stuff,8,1149.0500000000002
2017-07-17,electronics,3,312.9
2017-07-17,fashion_bags_accessories,2,99.8
2017-07-17,fashion_sport,1,69.9
2017-07-17,food,2,142.4
2017-07-17,furniture_bedroom,1,259.0
2017-07-17,furniture_decor,14,775.75
2017-07-17,garden_tools,8,1095.62
2017-07-17,health_beauty,15,1150.49
2017-07-17,home_appliances,1,187.95
2017-07-17,housewares,12,839.75
2017-07-17,luggage_accessories,2,173.8
2017-07-17,musical_instruments,3,307.2
2017-07-17,office_furniture,10,1449.3600000000001
2017-07-17,perfumery,8,905.15
2017-07-17,pet_shop,4,417.78000000000003
2017-07-17,small_appliances,2,208.9
2017-07-17,sports_leisure,14,1158.27
2017-07-17,stationery,2,199.0
2017-07-17,telephony,3,342.98
2017-07-17,toys,10,866.17
2017-07-17,watches_gifts,7,664.65
2017-07-18,air_conditioning,2,1032.4
2017-07-18,auto,4,4203.68
2017-07-18,baby,7,504.5
2017-07-18,bed_bath_table,27,3378.3000000000006
2017-07-18,books_general_interest,2,198.8
2017-07-18,computers_accessories,19,2996.0099999999998
2017-07-18,consoles_games,1,19.9
2017-07-18,cool_stuff,9,1426.65
2017-07-18,costruction_tools_garden,3,43.28
2017-07-18,electronics,4,1123.8
2017-07-18,fashio_female_clothing,1,65.9
2017-07-18,fashion_bags_accessories,6,232.77
2017-07-18,fashion_shoes,1,35.9
2017-07-18,fixed_telephony,1,19.99
2017-07-18,furniture_decor,12,1012.1799999999998
2017-07-18,furniture_mattress_and_upholstery,1,109.4
2017-07-18,garden_tools,28,2641.9600000000005
2017-07-18,health_beauty,12,2311.89
2017-07-18,home_appliances,2,122.15
2017-07-18,home_confort,1,89.9
2017-07-18,housewares,10,830.5999999999999
2017-07-18,kitchen_dining_laundry_garden_furniture,1,48.0
2017-07-18,la_cuisine,1,116.0
2017-07-18,luggage_accessories,1,114.9
2017-07-18,musical_instruments,1,46.9
2017-07-18,office_furniture,5,739.85
2017-07-18,perfumery,6,418.36
2017-07-18,pet_shop,2,144.9
2017-07-18,signaling_and_security,1,22.62
2017-07-18,small_appliances,1,16.99
2017-07-18,sports_leisure,20,1760.1400000000003
2017-07-18,stationery,1,69.9
2017-07-18,telephony,6,216.82999999999998
2017-07-18,toys,7,603.39
2017-07-18,watches_gifts,10,1087.66
2017-07-19,auto,3,144.31
2017-07-19,baby,5,596.93
2017-07-19,bed_bath_table,27,2972.2200000000007
2017-07-19,computers_accessories,16,1751.1400000000003
2017-07-19,cool_stuff,7,759.16
2017-07-19,electronics,5,261.0
2017-07-19,fashion_bags_accessories,3,199.88000000000002
2017-07-19,fashion_shoes,2,68.8
2017-07-19,furniture_decor,6,742.79
2017-07-19,furniture_living_room,2,164.87
2017-07-19,garden_tools,23,1682.6000000000004
2017-07-19,health_beauty,14,1028.4
2017-07-19,home_appliances,2,227.15
2017-07-19,home_confort,1,29.0
2017-07-19,housewares,5,325.47999999999996
2017-07-19,luggage_accessories,2,221.8
2017-07-19,office_furniture,5,859.75
2017-07-19,perfumery,4,625.99
2017-07-19,pet_shop,4,257.8
2017-07-19,small_appliances,1,194.0
2017-07-19,sports_leisure,13,1211.06
2017-07-19,stationery,3,167.8
2017-07-19,telephony,6,273.89
2017-07-19,toys,6,539.6899999999999
2017-07-19,watches_gifts,4,865.9
2017-07-20,auto,8,579.6200000000001
2017-07-20,baby,6,989.5899999999999
2017-07-20,bed_bath_table,22,2888.8300000000004
2017-07-20,computers_accessories,9,1316.2000000000003
2017-07-20,consoles_games,1,19.9
2017-07-20,cool_stuff,6,629.6700000000001
2017-07-20,electronics,5,106.29000000000002
2017-07-20,fashion_bags_accessories,1,109.9
2017-07-20,fashion_male_clothing,1,59.9
2017-07-20,fashion_underwear_beach,1,59.9
2017-07-20,food_drink,2,20.0
2017-07-20,furniture_decor,9,693.2999999999998
2017-07-20,furniture_living_room,3,344.90999999999997
2017-07-20,garden_tools,13,1637.0000000000005
2017-07-20,health_beauty,10,997.85
2017-07-20,home_appliances,4,1030.05
2017-07-20,home_confort,6,515.8
2017-07-20,housewares,13,498.78999999999985
2017-07-20,kitchen_dining_laundry_garden_furniture,2,95.8
2017-07-20,luggage_accessories,3,257.70000000000005
2017-07-20,market_place,1,369.9
2017-07-20,office_furniture,4,784.77
2017-07-20,perfumery,6,763.36
2017-07-20,pet_shop,4,168.9
2017-07-20,small_appliances,1,109.0
2017-07-20,sports_leisure,6,629.42
2017-07-20,stationery,1,89.0
2017-07-20,telephony,5,281.76
2017-07-20,toys,4,739.87
2017-07-20,watches_gifts,6,922.5999999999999
2017-07-21,auto,5,401.95
2017-07-21,baby,6,854.13
2017-07-21,bed_bath_table,17,2905.3300000000004
2017-07-21,computers_accessories,9,413.3
2017-07-21,consoles_games,2,134.99
2017-07-21,cool_stuff,11,864.03
2017-07-21,electronics,1,35.0
2017-07-21,fashion_bags_accessories,4,214.77999999999997
2017-07-21,fashion_shoes,2,66.4
2017-07-21,food_drink,1,32.5
2017-07-21,furniture_decor,4,203.70000000000002
2017-07-21,furniture_living_room,1,329.9
2017-07-21,garden_tools,13,694.2599999999999
2017-07-21,health_beauty,7,539.86
2017-07-21,home_confort,1,89.9
2017-07-21,housewares,2,118.9
2017-07-21,kitchen_dining_laundry_garden_furniture,1,72.0
2017-07-21,luggage_accessories,1,169.99
2017-07-21,office_furniture,1,99.99
2017-07-21,perfumery,4,510.97
2017-07-21,pet_shop,3,195.79000000000002
2017-07-21,signaling_and_security,1,175.39
2017-07-21,small_appliances,1,103.99
2017-07-21,sports_leisure,11,688.3199999999999
2017-07-21,stationery,4,504.70000000000005
2017-07-21,toys,5,405.7
2017-07-21,watches_gifts,11,1803.28
2017-07-22,baby,2,155.8
2017-07-22,bed_bath_table,20,2222.7800000000007
2017-07-22,christmas_supplies,1,6.19
2017-07-22,computers_accessories,9,908.0099999999999
2017-07-22,consoles_games,1,120.0
2017-07-22,cool_stuff,3,942.01
2017-07-22,electronics,2,176.89000000000001
2017-07-22,fashion_male_clothing,2,262.0
2017-07-22,fashion_shoes,2,143.64
2017-07-22,furniture_decor,7,410.36
2017-07-22,garden_tools,3,1007.9
2017-07-22,health_beauty,5,839.68
2017-07-22,home_appliances,3,140.55
2017-07-22,housewares,9,770.38
2017-07-22,la_cuisine,1,105.0
2017-07-22,luggage_accessories,1,84.9
2017-07-22,musical_instruments,1,152.5
2017-07-22,office_furniture,2,329.93
2017-07-22,perfumery,6,488.06
2017-07-22,pet_shop,1,74.0
2017-07-22,sports_leisure,3,267.48
2017-07-22,telephony,11,1174.1499999999999
2017-07-22,toys,3,349.70000000000005
2017-07-22,watches_gifts,1,279.9
2017-07-23,auto,2,84.85000000000001
2017-07-23,baby,4,555.73
2017-07-23,bed_bath_table,12,897.8499999999999
2017-07-23,computers_accessories,6,334.64000000000004
2017-07-23,consoles_games,4,827.8
2017-07-23,construction_tools_construction,1,99.99
2017-07-23,cool_stuff,6,1921.8300000000002
2017-07-23,electronics,3,170.8
2017-07-23,fashion_bags_accessories,4,238.89
2017-07-23,furniture_decor,6,612.56
2017-07-23,garden_tools,1,59.9
2017-07-23,health_beauty,6,405.17
2017-07-23,home_appliances,1,190.0
2017-07-23,housewares,6,546.4
2017-07-23,kitchen_dining_laundry_garden_furniture,2,288.0
2017-07-23,luggage_accessories,1,99.9
2017-07-23,market_place,1,62.8
2017-07-23,musical_instruments,1,46.9
2017-07-23,office_furniture,1,209.99
2017-07-23,perfumery,4,372.13
2017-07-23,pet_shop,2,122.5
2017-07-23,sports_leisure,8,817.4899999999999
2017-07-23,stationery,3,172.37
2017-07-23,telephony,4,1007.8
2017-07-23,toys,5,827.65
2017-07-23,watches_gifts,4,633.24
2017-07-24,auto,4,249.20000000000002
2017-07-24,baby,6,1049.85
2017-07-24,bed_bath_table,20,2028.97
2017-07-24,books_general_interest,1,129.9
2017-07-24,computers_accessories,18,1108.59
2017-07-24,consoles_games,2,1024.89
2017-07-24,cool_stuff,8,1248.2500000000002
2017-07-24,electronics,2,157.9
2017-07-24,fashion_bags_accessories,4,206.9
2017-07-24,food,2,243.9
2017-07-24,furniture_bedroom,1,480.0
2017-07-24,furniture_decor,8,486.52000000000004
2017-07-24,furniture_living_room,1,114.97
2017-07-24,garden_tools,4,363.59999999999997
2017-07-24,health_beauty,10,1155.8600000000001
2017-07-24,home_appliances,3,226.1
2017-07-24,home_appliances_2,1,159.0
2017-07-24,housewares,11,1209.81
2017-07-24,kitchen_dining_laundry_garden_furniture,1,129.9
2017-07-24,luggage_accessories,3,189.70000000000002
2017-07-24,market_place,2,98.69999999999999
2017-07-24,musical_instruments,1,79.9
2017-07-24,office_furniture,6,639.8699999999999
2017-07-24,perfumery,5,732.98
2017-07-24,sports_leisure,25,2487.2900000000004
2017-07-24,stationery,5,293.59999999999997
2017-07-24,telephony,7,134.85
2017-07-24,toys,8,933.4799999999999
2017-07-24,watches_gifts,5,779.3399999999999
2017-07-25,auto,4,359.99
2017-07-25,baby,2,101.9
2017-07-25,bed_bath_table,18,2195.6800000000003
2017-07-25,books_general_interest,1,133.9
2017-07-25,computers_accessories,12,2072.77
2017-07-25,consoles_games,5,649.1800000000001
2017-07-25,construction_tools_construction,1,49.49
2017-07-25,construction_tools_lights,1,360.0
2017-07-25,cool_stuff,3,674.88
2017-07-25,drinks,2,99.98
2017-07-25,electronics,4,299.7
2017-07-25,fashion_bags_accessories,5,306.4
2017-07-25,fashion_shoes,2,104.72
2017-07-25,food,1,19.47
2017-07-25,furniture_decor,7,461.42
2017-07-25,garden_tools,4,591.1899999999999
2017-07-25,health_beauty,12,548.38
2017-07-25,home_appliances,3,58.3
2017-07-25,home_confort,1,29.0
2017-07-25,housewares,13,835.78
2017-07-25,luggage_accessories,1,45.9
2017-07-25,musical_instruments,2,100.0
2017-07-25,office_furniture,4,764.94
2017-07-25,perfumery,1,45.9
2017-07-25,pet_shop,4,329.38
2017-07-25,small_appliances,1,90.3
2017-07-25,sports_leisure,21,1941.9900000000002
2017-07-25,stationery,2,194.0
2017-07-25,telephony,6,213.85
2017-07-25,toys,11,2056.0699999999997
2017-07-25,watches_gifts,9,1014.88
2017-07-26,auto,4,343.79
2017-07-26,baby,4,493.69000000000005
2017-07-26,bed_bath_table,16,1317.6100000000001
2017-07-26,computers_accessories,15,1176.67
2017-07-26,consoles_games,4,109.70000000000002
2017-07-26,cool_stuff,2,174.99
2017-07-26,costruction_tools_garden,1,32.7
2017-07-26,electronics,1,10.9
2017-07-26,fashio_female_clothing,1,65.9
2017-07-26,fashion_bags_accessories,1,29.99
2017-07-26,fixed_telephony,1,19.99
2017-07-26,furniture_bedroom,1,79.99
2017-07-26,furniture_decor,11,623.0699999999999
2017-07-26,garden_tools,4,368.5
2017-07-26,health_beauty,7,643.36
2017-07-26,home_appliances,1,19.9
2017-07-26,housewares,15,830.9000000000001
2017-07-26,luggage_accessories,2,169.8
2017-07-26,musical_instruments,4,994.7
2017-07-26,office_furniture,5,680.88
2017-07-26,perfumery,5,364.36
2017-07-26,pet_shop,2,285.4
2017-07-26,sports_leisure,12,634.38
2017-07-26,stationery,4,325.8
2017-07-26,telephony,5,163.38
2017-07-26,toys,7,424.91999999999996
2017-07-26,watches_gifts,3,384.0
2017-07-27,auto,7,352.9
2017-07-27,baby,2,334.9
2017-07-27,bed_bath_table,15,1350.78
2017-07-27,computers_accessories,12,1298.28
2017-07-27,consoles_games,2,453.99
2017-07-27,cool_stuff,6,724.6800000000001
2017-07-27,electronics,3,68.8
2017-07-27,fashion_bags_accessories,2,99.8
2017-07-27,furniture_decor,9,348.04
2017-07-27,furniture_living_room,2,219.8
2017-07-27,garden_tools,4,418.8
2017-07-27,health_beauty,8,2320.6700000000005
2017-07-27,home_appliances,1,87.99
2017-07-27,home_appliances_2,2,318.0
2017-07-27,home_confort,2,179.8
2017-07-27,home_construction,2,93.6
2017-07-27,housewares,8,436.79999999999995
2017-07-27,luggage_accessories,2,143.8
2017-07-27,musical_instruments,3,487.19000000000005
2017-07-27,office_furniture,4,499.47
2017-07-27,perfumery,2,56.4
2017-07-27,signaling_and_security,1,9.9
2017-07-27,small_appliances,2,278.99
2017-07-27,sports_leisure,11,1022.3699999999999
2017-07-27,stationery,4,558.75
2017-07-27,telephony,6,399.65
2017-07-27,toys,3,386.8
2017-07-27,watches_gifts,7,2429.3900000000003
2017-07-28,audio,1,29.9
2017-07-28,auto,3,318.75
2017-07-28,baby,5,646.6
2017-07-28,bed_bath_table,13,1748.2700000000004
2017-07-28,books_technical,1,199.0
2017-07-28,cds_dvds_musicals,1,45.0
2017-07-28,computers_accessories,7,489.65999999999997
2017-07-28,consoles_games,1,12.93
2017-07-28,cool_stuff,5,1253.8700000000001
2017-07-28,electronics,1,10.9
2017-07-28,fashion_bags_accessories,2,78.99
2017-07-28,fashion_male_clothing,1,139.9
2017-07-28,fashion_shoes,2,271.52
2017-07-28,furniture_decor,16,1838.0800000000004
2017-07-28,furniture_living_room,1,103.97
2017-07-28,garden_tools,7,469.5899999999999
2017-07-28,health_beauty,13,4382.6
2017-07-28,home_appliances,2,518.7
2017-07-28,home_confort,1,89.9
2017-07-28,housewares,13,787.73
2017-07-28,kitchen_dining_laundry_garden_furniture,1,469.0
2017-07-28,luggage_accessories,5,491.36
2017-07-28,office_furniture,6,641.9
2017-07-28,perfumery,6,1341.7
2017-07-28,pet_shop,2,104.63
2017-07-28,sports_leisure,18,1762.3200000000004
2017-07-28,stationery,3,189.8
2017-07-28,telephony,2,248.99
2017-07-28,toys,4,294.6
2017-07-28,watches_gifts,4,410.3
2017-07-29,auto,3,153.79
2017-07-29,baby,1,898.0
2017-07-29,bed_bath_table,19,2040.1600000000008
2017-07-29,books_general_interest,1,119.9
2017-07-29,computers_accessories,4,530.8
2017-07-29,consoles_games,2,351.9
2017-07-29,cool_stuff,5,799.86
2017-07-29,electronics,1,154.99
2017-07-29,fashion_bags_accessories,3,129.7
2017-07-29,fashion_underwear_beach,1,155.0
2017-07-29,furniture_decor,13,1045.6
2017-07-29,furniture_living_room,1,79.9
2017-07-29,health_beauty,7,928.45
2017-07-29,home_appliances,2,195.75
2017-07-29,home_confort,1,14.0
2017-07-29,housewares,9,430.3799999999999
2017-07-29,luggage_accessories,3,565.6999999999999
2017-07-29,market_place,1,29.9
2017-07-29,musical_instruments,1,414.0
2017-07-29,office_furniture,6,868.8
2017-07-29,party_supplies,1,69.9
2017-07-29,perfumery,5,706.87
2017-07-29,pet_shop,4,411.79
2017-07-29,small_appliances,1,103.99
2017-07-29,sports_leisure,5,429.37
2017-07-29,telephony,11,1246.7700000000002
2017-07-29,toys,4,652.88
2017-07-29,watches_gifts,6,1404.75
2017-07-30,auto,3,206.70000000000002
2017-07-30,baby,2,115.0
2017-07-30,bed_bath_table,16,1317.9600000000005
2017-07-30,computers_accessories,13,790.0999999999999
2017-07-30,consoles_games,3,260.89
2017-07-30,cool_stuff,5,1121.68
2017-07-30,electronics,1,29.9
2017-07-30,fashion_bags_accessories,4,152.0
2017-07-30,fixed_telephony,1,19.99
2017-07-30,furniture_decor,17,1280.63
2017-07-30,furniture_living_room,1,114.97
2017-07-30,garden_tools,4,239.6
2017-07-30,health_beauty,8,725.66
2017-07-30,home_confort,1,89.9
2017-07-30,housewares,9,686.6800000000001
2017-07-30,luggage_accessories,2,143.8
2017-07-30,office_furniture,3,569.96
2017-07-30,perfumery,1,56.99
2017-07-30,pet_shop,1,35.5
2017-07-30,small_appliances,2,110.97999999999999
2017-07-30,sports_leisure,9,1440.19
2017-07-30,stationery,3,278.39
2017-07-30,telephony,4,475.88
2017-07-30,toys,8,896.5799999999999
2017-07-30,watches_gifts,5,972.9
2017-07-31,air_conditioning,1,226.9
2017-07-31,auto,2,248.1
2017-07-31,baby,5,658.79
2017-07-31,bed_bath_table,12,1079.23
2017-07-31,books_general_interest,1,29.9
2017-07-31,books_technical,1,329.0
2017-07-31,computers_accessories,15,1227.3400000000001
2017-07-31,consoles_games,4,751.9
2017-07-31,cool_stuff,5,480.78
2017-07-31,electronics,6,298.61
2017-07-31,fashio_female_clothing,1,129.9
2017-07-31,fashion_bags_accessories,4,246.99
2017-07-31,fashion_shoes,1,25.9
2017-07-31,furniture_decor,12,659.0899999999999
2017-07-31,furniture_living_room,1,79.9
2017-07-31,garden_tools,8,494.19999999999993
2017-07-31,health_beauty,8,835.35
2017-07-31,home_appliances,2,211.8
2017-07-31,housewares,19,1328.82
2017-07-31,kitchen_dining_laundry_garden_furniture,1,48.0
2017-07-31,la_cuisine,1,129.0
2017-07-31,luggage_accessories,4,274.6
2017-07-31,market_place,1,99.9
2017-07-31,musical_instruments,2,1245.0
2017-07-31,office_furniture,3,356.53
2017-07-31,perfumery,1,56.99
2017-07-31,pet_shop,2,279.89
2017-07-31,sports_leisure,14,1863.0400000000002
2017-07-31,stationery,2,156.9
2017-07-31,telephony,7,202.85999999999999
2017-07-31,toys,10,1573.2800000000002
2017-07-31,watches_gifts,5,1318.7
2017-08-01,air_conditioning,2,398.87
2017-08-01,auto,12,2321.48
2017-08-01,baby,4,1136.2900000000002
2017-08-01,bed_bath_table,11,1151.27
2017-08-01,books_general_interest,1,115.0
2017-08-01,computers_accessories,7,942.96
2017-08-01,consoles_games,3,59.699999999999996
2017-08-01,cool_stuff,15,2364.21
2017-08-01,electronics,3,43.7
2017-08-01,fashion_bags_accessories,2,118.9
2017-08-01,fashion_male_clothing,2,189.8
2017-08-01,fixed_telephony,1,32.99
2017-08-01,food,1,30.0
2017-08-01,furniture_decor,15,1172.68
2017-08-01,furniture_living_room,1,114.97
2017-08-01,garden_tools,6,554.17
2017-08-01,health_beauty,20,3767.63
2017-08-01,home_appliances,2,138.9
2017-08-01,housewares,10,558.7099999999999
2017-08-01,luggage_accessories,4,399.6
2017-08-01,market_place,3,298.9
2017-08-01,office_furniture,1,169.99
2017-08-01,perfumery,6,455.28999999999996
2017-08-01,pet_shop,4,607.6899999999999
2017-08-01,small_appliances,1,299.9
2017-08-01,sports_leisure,17,1418.9400000000003
2017-08-01,stationery,1,95.0
2017-08-01,telephony,6,180.43
2017-08-01,toys,12,1224.7899999999997
2017-08-01,watches_gifts,8,958.39
2017-08-02,auto,4,259.8
2017-08-02,baby,4,335.88
2017-08-02,bed_bath_table,23,3064.860000000001
2017-08-02,books_general_interest,2,282.09000000000003
2017-08-02,computers_accessories,16,2052.1000000000004
2017-08-02,consoles_games,3,425.79999999999995
2017-08-02,construction_tools_construction,1,112.0
2017-08-02,cool_stuff,10,799.63
2017-08-02,electronics,2,55.85
2017-08-02,fashion_bags_accessories,2,123.9
2017-08-02,fashion_male_clothing,1,29.99
2017-08-02,fixed_telephony,1,314.9
2017-08-02,food_drink,1,12.5
2017-08-02,furniture_decor,10,805.39
2017-08-02,furniture_living_room,1,89.9
2017-08-02,garden_tools,6,331.37999999999994
2017-08-02,health_beauty,16,2678.11
2017-08-02,home_appliances,1,629.9
2017-08-02,home_confort,2,96.89
2017-08-02,housewares,13,1206.3000000000002
2017-08-02,kitchen_dining_laundry_garden_furniture,1,35.9
2017-08-02,luggage_accessories,1,84.9
2017-08-02,musical_instruments,2,389.9
2017-08-02,office_furniture,2,286.53999999999996
2017-08-02,perfumery,1,85.9
2017-08-02,pet_shop,1,499.9
2017-08-02,small_appliances,3,49.879999999999995
2017-08-02,sports_leisure,10,795.8
2017-08-02,stationery,1,59.9
2017-08-02,tablets_printing_image,1,99.0
2017-08-02,telephony,5,267.97
2017-08-02,toys,10,444.03
2017-08-02,watches_gifts,7,808.4
2017-08-03,audio,1,29.9
2017-08-03,auto,4,1050.99
2017-08-03,baby,4,673.03
2017-08-03,bed_bath_table,15,2025.8999999999999
2017-08-03,computers_accessories,17,1230.92
2017-08-03,consoles_games,1,102.0
2017-08-03,cool_stuff,10,1428.3400000000001
2017-08-03,costruction_tools_garden,1,194.9
2017-08-03,electronics,3,188.79000000000002
2017-08-03,fashion_bags_accessories,1,109.9
2017-08-03,fixed_telephony,1,90.0
2017-08-03,furniture_decor,19,1084.62
2017-08-03,furniture_living_room,2,148.8
2017-08-03,garden_tools,10,733.79
2017-08-03,health_beauty,11,1807.5300000000004
2017-08-03,home_appliances_2,1,749.0
2017-08-03,home_confort,2,153.8
2017-08-03,housewares,8,414.78999999999996
2017-08-03,perfumery,5,549.1899999999999
2017-08-03,pet_shop,6,1040.6699999999998
2017-08-03,sports_leisure,11,1094.48
2017-08-03,stationery,2,148.0
2017-08-03,telephony,8,872.59
2017-08-03,toys,9,875.1899999999999
2017-08-03,watches_gifts,9,1375.6000000000001
2017-08-04,auto,7,731.39
2017-08-04,baby,5,1296.8
2017-08-04,bed_bath_table,13,1600.9899999999998
2017-08-04,books_general_interest,1,29.9
2017-08-04,books_technical,1,145.0
2017-08-04,computers_accessories,16,1893.7000000000005
2017-08-04,consoles_games,2,364.89
2017-08-04,cool_stuff,11,667.36
2017-08-04,electronics,1,154.99
2017-08-04,fashio_female_clothing,1,49.0
2017-08-04,fashion_bags_accessories,8,322.49
2017-08-04,fashion_shoes,1,169.99
2017-08-04,furniture_decor,15,1353.24
2017-08-04,furniture_living_room,3,234.70000000000002
2017-08-04,garden_tools,3,179.7
2017-08-04,health_beauty,7,598.52
2017-08-04,home_confort,1,89.9
2017-08-04,housewares,11,1199.1300000000003
2017-08-04,luggage_accessories,2,328.79999999999995
2017-08-04,market_place,1,62.8
2017-08-04,office_furniture,4,629.96
2017-08-04,perfumery,1,56.99
2017-08-04,pet_shop,5,1087.79
2017-08-04,signaling_and_security,1,129.0
2017-08-04,sports_leisure,14,1142.49
2017-08-04,stationery,5,376.88
2017-08-04,telephony,7,434.33000000000004
2017-08-04,toys,3,215.4
2017-08-04,watches_gifts,8,2366.69
2017-08-05,auto,7,659.49
2017-08-05,baby,3,169.7
2017-08-05,bed_bath_table,9,886.38
2017-08-05,computers_accessories,8,351.04999999999995
2017-08-05,consoles_games,2,129.99
2017-08-05,cool_stuff,7,531.0999999999999
2017-08-05,fashion_bags_accessories,2,79.89
2017-08-05,fashion_shoes,1,84.9
2017-08-05,food_drink,1,38.99
2017-08-05,furniture_decor,9,496.40999999999997
2017-08-05,furniture_living_room,1,424.0
2017-08-05,garden_tools,5,309.5
2017-08-05,health_beauty,7,396.06000000000006
2017-08-05,home_confort,1,249.0
2017-08-05,housewares,6,256.3
2017-08-05,luggage_accessories,1,109.9
2017-08-05,market_place,1,62.8
2017-08-05,office_furniture,3,639.86
2017-08-05,perfumery,4,227.96
2017-08-05,small_appliances,6,257.58000000000004
2017-08-05,sports_leisure,15,1151.8999999999999
2017-08-05,stationery,3,153.9
2017-08-05,telephony,3,554.89
2017-08-05,toys,7,615.3
2017-08-05,watches_gifts,8,2653.7
2017-08-06,air_conditioning,1,54.9
2017-08-06,audio,1,49.9
2017-08-06,auto,6,370.74
2017-08-06,baby,3,152.77
2017-08-06,bed_bath_table,10,832.4699999999999
2017-08-06,computers_accessories,5,611.88
2017-08-06,construction_tools_lights,1,360.0
2017-08-06,cool_stuff,7,1180.26
2017-08-06,dvds_blu_ray,1,16.9
2017-08-06,electronics,1,38.99
2017-08-06,fashion_bags_accessories,2,109.80000000000001
2017-08-06,fashion_shoes,1,29.9
2017-08-06,food,1,149.9
2017-08-06,furniture_decor,21,1599.7900000000004
2017-08-06,garden_tools,5,299.5
2017-08-06,health_beauty,8,433.61
2017-08-06,housewares,11,492.42999999999995
2017-08-06,luggage_accessories,3,265.70000000000005
2017-08-06,musical_instruments,2,824.8
2017-08-06,perfumery,2,338.8
2017-08-06,small_appliances,1,16.9
2017-08-06,sports_leisure,7,1748.38
2017-08-06,stationery,1,59.9
2017-08-06,telephony,2,270.89
2017-08-06,toys,3,303.7
2017-08-06,watches_gifts,9,2096.3900000000003
2017-08-07,auto,4,144.79
2017-08-07,baby,3,523.8
2017-08-07,bed_bath_table,17,1353.5800000000002
2017-08-07,cds_dvds_musicals,2,90.0
2017-08-07,computers_accessories,11,1132.91
2017-08-07,consoles_games,1,454.0
2017-08-07,cool_stuff,11,2032.12
2017-08-07,dvds_blu_ray,2,36.8
2017-08-07,electronics,2,349.0
2017-08-07,fashion_bags_accessories,6,377.6
2017-08-07,fashion_shoes,2,284.6
2017-08-07,furniture_decor,17,775.7299999999998
2017-08-07,garden_tools,15,2618.880000000001
2017-08-07,health_beauty,13,2740.28
2017-08-07,home_appliances,3,218.14999999999998
2017-08-07,home_confort,4,916.9
2017-08-07,housewares,14,1332.7
2017-08-07,luggage_accessories,2,161.9
2017-08-07,market_place,1,119.9
2017-08-07,musical_instruments,1,299.99
2017-08-07,office_furniture,5,836.25
2017-08-07,perfumery,2,678.0
2017-08-07,pet_shop,2,287.0
2017-08-07,sports_leisure,20,3347.6700000000005
2017-08-07,stationery,2,274.9
2017-08-07,telephony,5,434.87
2017-08-07,toys,4,147.69
2017-08-07,watches_gifts,9,1232.05
2017-08-08,air_conditioning,1,125.9
2017-08-08,art,1,110.0
2017-08-08,auto,3,291.89
2017-08-08,baby,2,70.78
2017-08-08,bed_bath_table,32,3848.5100000000007
2017-08-08,books_general_interest,3,212.8
2017-08-08,computers_accessories,16,2106.8900000000003
2017-08-08,cool_stuff,9,1013.26
2017-08-08,drinks,1,10.0
2017-08-08,electronics,3,217.4
2017-08-08,fashion_bags_accessories,2,74.8
2017-08-08,food,1,15.32
2017-08-08,furniture_decor,13,1658.2800000000002
2017-08-08,furniture_living_room,1,134.97
2017-08-08,garden_tools,3,163.01
2017-08-08,health_beauty,7,1010.67
2017-08-08,home_appliances,1,91.45
2017-08-08,housewares,10,882.1800000000001
2017-08-08,kitchen_dining_laundry_garden_furniture,1,199.0
2017-08-08,luggage_accessories,5,1040.6
2017-08-08,market_place,3,283.92
2017-08-08,office_furniture,1,399.0
2017-08-08,perfumery,5,469.96000000000004
2017-08-08,pet_shop,4,205.6
2017-08-08,small_appliances,1,47.9
2017-08-08,sports_leisure,16,1751.7900000000002
2017-08-08,stationery,3,336.8
2017-08-08,telephony,1,254.9
2017-08-08,toys,3,242.10000000000002
2017-08-08,watches_gifts,5,1292.8
2017-08-09,audio,1,89.0
2017-08-09,auto,7,2935.3399999999997
2017-08-09,baby,4,249.89000000000001
2017-08-09,bed_bath_table,13,1865.3900000000003
2017-08-09,books_general_interest,1,115.0
2017-08-09,computers_accessories,6,440.78999999999996
2017-08-09,consoles_games,4,1112.98
2017-08-09,cool_stuff,12,2109.71
2017-08-09,electronics,2,29.8
2017-08-09,fashion_bags_accessories,4,603.89
2017-08-09,fashion_male_clothing,1,49.9
2017-08-09,fashion_shoes,1,84.9
2017-08-09,fashion_underwear_beach,1,190.0
2017-08-09,food,1,23.99
2017-08-09,food_drink,1,12.5
2017-08-09,furniture_decor,10,1089.23
2017-08-09,furniture_living_room,1,36.5
2017-08-09,garden_tools,6,795.6
2017-08-09,health_beauty,7,439.85
2017-08-09,home_appliances,2,395.85
2017-08-09,home_confort,3,89.69999999999999
2017-08-09,housewares,9,1057.09
2017-08-09,luggage_accessories,3,255.70000000000002
2017-08-09,office_furniture,6,1009.7500000000002
2017-08-09,perfumery,4,416.78999999999996
2017-08-09,pet_shop,3,725.9
2017-08-09,small_appliances,1,239.9
2017-08-09,sports_leisure,23,1440.7600000000002
2017-08-09,stationery,3,218.8
2017-08-09,telephony,4,111.78999999999999
2017-08-09,toys,7,996.39
2017-08-09,watches_gifts,7,856.6899999999999
2017-08-10,air_conditioning,1,144.0
2017-08-10,art,1,44.9
2017-08-10,auto,1,40.0
2017-08-10,baby,6,1318.6
2017-08-10,bed_bath_table,21,2497.04
2017-08-10,books_technical,1,130.0
2017-08-10,computers_accessories,14,1054.26
2017-08-10,cool_stuff,11,1503.46
2017-08-10,electronics,3,136.9
2017-08-10,fashio_female_clothing,1,64.9
2017-08-10,fashion_bags_accessories,1,49.0
2017-08-10,fashion_underwear_beach,1,152.0
2017-08-10,furniture_decor,10,438.37
2017-08-10,garden_tools,11,906.96
2017-08-10,health_beauty,14,2194.5099999999998
2017-08-10,home_appliances,2,79.2
2017-08-10,housewares,13,1097.18
2017-08-10,luggage_accessories,5,497.5
2017-08-10,musical_instruments,1,59.9
2017-08-10,office_furniture,2,379.98
2017-08-10,perfumery,7,543.5799999999999
2017-08-10,pet_shop,1,115.9
2017-08-10,small_appliances,2,85.88
2017-08-10,sports_leisure,15,2656.27
2017-08-10,stationery,8,637.3999999999999
2017-08-10,telephony,6,781.79
2017-08-10,toys,7,661.58
2017-08-10,watches_gifts,8,1526.5900000000001
2017-08-11,auto,3,299.98999999999995
2017-08-11,baby,1,639.99
2017-08-11,bed_bath_table,23,2822.7200000000007
2017-08-11,books_general_interest,2,250.0
2017-08-11,books_technical,1,46.55
2017-08-11,computers_accessories,15,1173.8600000000001
2017-08-11,consoles_games,2,240.0
2017-08-11,construction_tools_construction,1,112.0
2017-08-11,cool_stuff,11,2781.7499999999995
2017-08-11,dvds_blu_ray,1,19.9
2017-08-11,electronics,3,240.8
2017-08-11,fashion_bags_accessories,1,49.0
2017-08-11,fixed_telephony,7,1644.0
2017-08-11,furniture_decor,13,1555.22
2017-08-11,furniture_living_room,1,79.9
2017-08-11,garden_tools,10,514.6999999999999
2017-08-11,health_beauty,8,921.15
2017-08-11,home_appliances_2,1,209.99
2017-08-11,home_confort,1,89.9
2017-08-11,housewares,9,600.9300000000001
2017-08-11,luggage_accessories,3,189.70000000000002
2017-08-11,market_place,1,185.0
2017-08-11,office_furniture,1,219.97
2017-08-11,perfumery,1,84.99
2017-08-11,pet_shop,3,354.78999999999996
2017-08-11,signaling_and_security,1,89.9
2017-08-11,small_appliances,1,93.99
2017-08-11,sports_leisure,11,1334.2800000000002
2017-08-11,stationery,4,180.59
2017-08-11,tablets_printing_image,1,14.9
2017-08-11,telephony,3,63.89
2017-08-11,toys,11,1517.43
2017-08-11,watches_gifts,1,19.9
2017-08-12,air_conditioning,1,109.0
2017-08-12,auto,3,233.89000000000001
2017-08-12,baby,3,173.27
2017-08-12,bed_bath_table,14,1493.34
2017-08-12,books_general_interest,1,115.0
2017-08-12,computers_accessories,4,463.87
2017-08-12,consoles_games,1,34.9
2017-08-12,cool_stuff,6,2006.69
2017-08-12,costruction_tools_garden,1,99.9
2017-08-12,electronics,2,57.89
2017-08-12,fashion_bags_accessories,1,49.9
2017-08-12,fashion_underwear_beach,2,169.9
2017-08-12,fixed_telephony,3,219.79000000000002
2017-08-12,furniture_bedroom,2,389.0
2017-08-12,furniture_decor,9,615.15
2017-08-12,garden_tools,2,343.7
2017-08-12,health_beauty,10,1918.36
2017-08-12,home_appliances,1,193.2
2017-08-12,home_confort,2,358.9
2017-08-12,housewares,1,389.9
2017-08-12,kitchen_dining_laundry_garden_furniture,1,108.0
2017-08-12,la_cuisine,1,174.0
2017-08-12,luggage_accessories,1,48.9
2017-08-12,market_place,1,62.8
2017-08-12,office_furniture,1,99.99
2017-08-12,perfumery,1,56.99
2017-08-12,pet_shop,1,71.99
2017-08-12,small_appliances,1,103.99
2017-08-12,sports_leisure,10,529.78
2017-08-12,stationery,1,44.9
2017-08-12,telephony,5,305.87
2017-08-12,toys,4,224.69000000000003
2017-08-12,watches_gifts,5,1116.72
2017-08-13,audio,1,89.0
2017-08-13,auto,1,143.8
2017-08-13,baby,3,381.99
2017-08-13,bed_bath_table,15,1514.0600000000004
2017-08-13,books_general_interest,1,20.0
2017-08-13,computers_accessories,9,2599.6500000000005
2017-08-13,consoles_games,2,167.99
2017-08-13,cool_stuff,7,1350.94
2017-08-13,electronics,5,562.97
2017-08-13,fashion_bags_accessories,4,82.86999999999999
2017-08-13,fashion_shoes,1,84.9
2017-08-13,furniture_decor,5,229.69
2017-08-13,garden_tools,3,243.41
2017-08-13,health_beauty,8,1541.6499999999999
2017-08-13,home_appliances,2,256.6
2017-08-13,home_appliances_2,1,217.0
2017-08-13,housewares,6,483.38
2017-08-13,kitchen_dining_laundry_garden_furniture,1,129.9
2017-08-13,luggage_accessories,3,211.7
2017-08-13,office_furniture,1,99.99
2017-08-13,perfumery,3,363.5
2017-08-13,pet_shop,9,157.15
2017-08-13,small_appliances_home_oven_and_coffee,1,21.9
2017-08-13,sports_leisure,3,209.89000000000001
2017-08-13,stationery,1,59.9
2017-08-13,telephony,3,113.88
2017-08-13,toys,4,333.78999999999996
2017-08-13,watches_gifts,2,307.9
2017-08-14,auto,6,253.14999999999998
2017-08-14,baby,2,109.9
2017-08-14,bed_bath_table,24,2138.85
2017-08-14,computers_accessories,11,625.1899999999999
2017-08-14,consoles_games,6,254.60000000000002
2017-08-14,cool_stuff,9,946.67
2017-08-14,electronics,2,34.9
2017-08-14,fashion_bags_accessories,7,347.68
2017-08-14,fashion_male_clothing,2,259.98
2017-08-14,fixed_telephony,1,19.99
2017-08-14,food_drink,1,38.99
2017-08-14,furniture_decor,15,1483.96
2017-08-14,garden_tools,7,663.55
2017-08-14,health_beauty,15,2541.04
2017-08-14,home_appliances,1,97.0
2017-08-14,home_appliances_2,3,573.79
2017-08-14,home_confort,1,89.9
2017-08-14,housewares,9,2026.57
2017-08-14,luggage_accessories,1,94.9
2017-08-14,office_furniture,3,556.97
2017-08-14,perfumery,5,507.87
2017-08-14,pet_shop,2,135.9
2017-08-14,small_appliances,1,18.9
2017-08-14,sports_leisure,17,2014.4800000000002
2017-08-14,stationery,3,200.89000000000001
2017-08-14,telephony,1,239.9
2017-08-14,toys,6,549.78
2017-08-14,watches_gifts,10,945.1999999999999
2017-08-15,audio,1,439.0
2017-08-15,auto,3,287.53
2017-08-15,baby,4,607.88
2017-08-15,bed_bath_table,25,3016.4600000000005
2017-08-15,computers_accessories,16,1441.4000000000003
2017-08-15,consoles_games,4,559.6999999999999
2017-08-15,cool_stuff,7,1232.68
2017-08-15,drinks,1,109.9
2017-08-15,electronics,2,54.9
2017-08-15,fashion_bags_accessories,5,478.79999999999995
2017-08-15,fashion_shoes,1,32.9
2017-08-15,fashion_underwear_beach,1,69.9
2017-08-15,furniture_decor,18,1694.55
2017-08-15,furniture_living_room,1,115.97
2017-08-15,garden_tools,16,1092.94
2017-08-15,health_beauty,16,1425.3200000000004
2017-08-15,home_appliances,2,196.45000000000002
2017-08-15,home_appliances_2,2,378.99
2017-08-15,home_confort,1,89.9
2017-08-15,housewares,10,710.27
2017-08-15,industry_commerce_and_business,1,89.9
2017-08-15,kitchen_dining_laundry_garden_furniture,1,225.9
2017-08-15,luggage_accessories,2,343.9
2017-08-15,market_place,1,27.93
2017-08-15,office_furniture,6,815.83
2017-08-15,perfumery,8,1351.9199999999998
2017-08-15,pet_shop,1,81.99
2017-08-15,signaling_and_security,1,129.0
2017-08-15,small_appliances,3,954.6999999999999
2017-08-15,sports_leisure,17,2145.6000000000004
2017-08-15,stationery,4,254.89
2017-08-15,telephony,4,301.78
2017-08-15,toys,8,1175.57
2017-08-15,watches_gifts,4,567.79
2017-08-16,auto,6,1073.6599999999999
2017-08-16,baby,5,1124.19
2017-08-16,bed_bath_table,27,2947.290000000001
2017-08-16,computers_accessories,18,1191.1600000000003
2017-08-16,consoles_games,2,473.9
2017-08-16,cool_stuff,7,831.76
2017-08-16,electronics,1,16.9
2017-08-16,fashion_bags_accessories,5,183.09
2017-08-16,fashion_shoes,3,205.70000000000002
2017-08-16,fashion_underwear_beach,1,49.9
2017-08-16,food_drink,4,114.97
2017-08-16,furniture_decor,13,632.65
2017-08-16,furniture_mattress_and_upholstery,1,109.4
2017-08-16,garden_tools,15,895.7999999999998
2017-08-16,health_beauty,9,1648.6000000000001
2017-08-16,home_appliances,3,361.75
2017-08-16,home_appliances_2,1,229.99
2017-08-16,home_construction,1,124.8
2017-08-16,housewares,10,730.0899999999999
2017-08-16,kitchen_dining_laundry_garden_furniture,1,289.0
2017-08-16,luggage_accessories,2,420.79999999999995
2017-08-16,market_place,2,122.69999999999999
2017-08-16,musical_instruments,2,2049.0
2017-08-16,office_furniture,1,99.99
2017-08-16,perfumery,5,315.69
2017-08-16,pet_shop,2,89.19
2017-08-16,small_appliances,2,116.9
2017-08-16,sports_leisure,18,1541.6800000000005
2017-08-16,stationery,4,170.7
2017-08-16,telephony,9,434.46999999999997
2017-08-16,toys,11,828.17
2017-08-16,watches_gifts,7,894.98
2017-08-17,audio,1,264.9
2017-08-17,auto,9,926.79
2017-08-17,baby,6,1941.9
2017-08-17,bed_bath_table,26,2631.320000000001
2017-08-17,computers_accessories,11,1085.5900000000001
2017-08-17,consoles_games,2,28.9
2017-08-17,cool_stuff,9,1782.75
2017-08-17,dvds_blu_ray,1,19.9
2017-08-17,electronics,2,173.89000000000001
2017-08-17,fashio_female_clothing,2,74.8
2017-08-17,fashion_bags_accessories,3,209.79000000000002
2017-08-17,fashion_male_clothing,3,250.8
2017-08-17,fixed_telephony,2,665.89
2017-08-17,furniture_decor,11,1268.15
2017-08-17,furniture_living_room,1,116.04
2017-08-17,garden_tools,7,349.39
2017-08-17,health_beauty,11,840.3699999999999
2017-08-17,home_appliances,5,355.6
2017-08-17,housewares,6,349.65999999999997
2017-08-17,market_place,1,32.99
2017-08-17,musical_instruments,1,129.9
2017-08-17,office_furniture,3,569.97
2017-08-17,perfumery,3,359.98
2017-08-17,pet_shop,1,39.0
2017-08-17,sports_leisure,18,1641.6800000000005
2017-08-17,stationery,3,198.8
2017-08-17,telephony,5,617.78
2017-08-17,toys,5,401.0
2017-08-17,watches_gifts,5,253.98000000000002
2017-08-18,air_conditioning,1,176.26
2017-08-18,auto,5,388.19
2017-08-18,baby,3,534.79
2017-08-18,bed_bath_table,11,1223.1999999999998
2017-08-18,books_general_interest,1,133.9
2017-08-18,computers_accessories,13,1042.58
2017-08-18,consoles_games,2,257.98
2017-08-18,construction_tools_construction,1,43.62
2017-08-18,cool_stuff,10,1168.63
2017-08-18,electronics,1,14.9
2017-08-18,fashion_bags_accessories,4,176.55
2017-08-18,fashion_shoes,2,102.80000000000001
2017-08-18,fashion_sport,1,59.9
2017-08-18,fixed_telephony,3,197.98
2017-08-18,furniture_decor,11,970.58
2017-08-18,garden_tools,12,3347.66
2017-08-18,health_beauty,14,2153.38
2017-08-18,home_appliances,1,69.9
2017-08-18,housewares,13,761.5699999999999
2017-08-18,luggage_accessories,2,167.8
2017-08-18,market_place,1,62.8
2017-08-18,musical_instruments,1,39.9
2017-08-18,perfumery,5,847.88
2017-08-18,pet_shop,1,42.9
2017-08-18,small_appliances,1,69.0
2017-08-18,sports_leisure,15,754.4999999999999
2017-08-18,stationery,3,628.88
2017-08-18,telephony,4,256.98
2017-08-18,toys,5,428.6
2017-08-18,watches_gifts,7,597.8
2017-08-19,air_conditioning,2,453.8
2017-08-19,auto,4,265.78999999999996
2017-08-19,baby,4,564.9
2017-08-19,bed_bath_table,15,1593.3600000000004
2017-08-19,computers_accessories,10,681.66
2017-08-19,cool_stuff,6,838.96
2017-08-19,fashion_bags_accessories,2,109.8
2017-08-19,fashion_shoes,1,69.9
2017-08-19,furniture_decor,10,1309.42
2017-08-19,garden_tools,10,1178.0800000000002
2017-08-19,health_beauty,10,1263.75
2017-08-19,housewares,8,436.56000000000006
2017-08-19,industry_commerce_and_business,1,748.0
2017-08-19,luggage_accessories,3,132.7
2017-08-19,office_furniture,3,429.92
2017-08-19,perfumery,4,191.69000000000003
2017-08-19,small_appliances,2,113.9
2017-08-19,sports_leisure,12,745.2499999999999
2017-08-19,telephony,3,187.96
2017-08-19,toys,2,144.99
2017-08-19,watches_gifts,6,1271.79
2017-08-20,auto,5,241.70000000000002
2017-08-20,baby,4,228.38000000000002
2017-08-20,bed_bath_table,12,1588.6300000000003
2017-08-20,books_general_interest,1,68.0
2017-08-20,computers_accessories,6,383.59999999999997
2017-08-20,consoles_games,5,355.88
2017-08-20,construction_tools_construction,2,444.38
2017-08-20,cool_stuff,4,463.69
2017-08-20,fashion_bags_accessories,6,508.88
2017-08-20,fashion_underwear_beach,1,79.9
2017-08-20,food,1,19.9
2017-08-20,furniture_decor,20,1273.21
2017-08-20,furniture_living_room,2,39.8
2017-08-20,garden_tools,4,195.87
2017-08-20,health_beauty,9,3893.52
2017-08-20,home_comfort_2,1,12.9
2017-08-20,housewares,4,358.99
2017-08-20,luggage_accessories,1,114.9
2017-08-20,musical_instruments,1,81.9
2017-08-20,perfumery,3,184.88
2017-08-20,pet_shop,1,159.0
2017-08-20,sports_leisure,6,406.12
2017-08-20,stationery,2,224.0
2017-08-20,telephony,5,278.86
2017-08-20,toys,6,546.19
2017-08-20,watches_gifts,4,670.9
2017-08-21,air_conditioning,2,1589.96
2017-08-21,art,1,44.9
2017-08-21,auto,2,93.9
2017-08-21,baby,5,856.8
2017-08-21,bed_bath_table,17,2248.1400000000003
2017-08-21,books_general_interest,3,270.4
2017-08-21,books_imported,1,61.0
2017-08-21,books_technical,1,384.93
2017-08-21,computers_accessories,14,1552.85
2017-08-21,consoles_games,4,206.70000000000002
2017-08-21,construction_tools_safety,1,8.9
2017-08-21,cool_stuff,11,1225.9799999999998
2017-08-21,costruction_tools_garden,5,753.8
2017-08-21,electronics,4,83.6
2017-08-21,fashion_bags_accessories,6,301.5
2017-08-21,fashion_male_clothing,3,274.79
2017-08-21,fashion_shoes,5,143.5
2017-08-21,fashion_underwear_beach,2,139.8
2017-08-21,furniture_decor,22,1782.6900000000003
2017-08-21,furniture_living_room,1,54.9
2017-08-21,garden_tools,8,838.42
2017-08-21,health_beauty,17,1760.5300000000002
2017-08-21,housewares,4,113.69999999999999
2017-08-21,industry_commerce_and_business,1,119.0
2017-08-21,luggage_accessories,3,235.70000000000002
2017-08-21,musical_instruments,2,93.5
2017-08-21,office_furniture,1,159.99
2017-08-21,perfumery,4,166.69000000000003
2017-08-21,pet_shop,7,1607.58
2017-08-21,signaling_and_security,1,29.9
2017-08-21,sports_leisure,10,1050.3600000000001
2017-08-21,stationery,7,626.6899999999999
2017-08-21,tablets_printing_image,1,29.99
2017-08-21,telephony,4,491.99
2017-08-21,toys,5,381.49
2017-08-21,watches_gifts,18,1433.48
2017-08-22,auto,2,179.99
2017-08-22,baby,11,946.39
2017-08-22,bed_bath_table,7,580.6999999999999
2017-08-22,books_general_interest,2,60.82
2017-08-22,cds_dvds_musicals,1,45.0
2017-08-22,computers_accessories,7,286.57
2017-08-22,consoles_games,5,754.94
2017-08-22,cool_stuff,9,2202.59
2017-08-22,electronics,1,14.9
2017-08-22,fashion_bags_accessories,1,29.99
2017-08-22,fashion_male_clothing,1,49.9
2017-08-22,fashion_shoes,1,27.9
2017-08-22,furniture_decor,20,918.71
2017-08-22,furniture_living_room,1,79.9
2017-08-22,garden_tools,4,249.04000000000002
2017-08-22,health_beauty,12,1679.6699999999998
2017-08-22,home_appliances_2,3,778.0
2017-08-22,home_confort,1,89.9
2017-08-22,housewares,8,510.4799999999999
2017-08-22,luggage_accessories,4,249.6
2017-08-22,market_place,1,257.57
2017-08-22,office_furniture,3,503.97
2017-08-22,perfumery,6,904.3399999999999
2017-08-22,pet_shop,1,159.99
2017-08-22,small_appliances,3,451.79999999999995
2017-08-22,sports_leisure,21,1712.9399999999996
2017-08-22,stationery,4,175.70000000000002
2017-08-22,telephony,8,501.84000000000003
2017-08-22,toys,4,514.6
2017-08-22,watches_gifts,3,1258.89
2017-08-23,auto,25,2231.2000000000007
2017-08-23,baby,5,474.64000000000004
2017-08-23,bed_bath_table,9,768.48
2017-08-23,computers_accessories,19,3186.6000000000004
2017-08-23,consoles_games,6,329.68
2017-08-23,cool_stuff,4,545.96
2017-08-23,electronics,2,169.89000000000001
2017-08-23,fashion_bags_accessories,3,249.9
2017-08-23,food_drink,2,118.49
2017-08-23,furniture_decor,20,1538.06
2017-08-23,furniture_living_room,1,179.99
2017-08-23,garden_tools,5,693.8
2017-08-23,health_beauty,4,307.89
2017-08-23,home_appliances,1,35.7
2017-08-23,housewares,4,184.6
2017-08-23,luggage_accessories,2,155.8
2017-08-23,market_place,2,178.5
2017-08-23,musical_instruments,1,189.9
2017-08-23,office_furniture,1,159.98
2017-08-23,perfumery,6,764.21
2017-08-23,small_appliances,2,107.0
2017-08-23,sports_leisure,18,1544.9800000000002
2017-08-23,tablets_printing_image,1,99.0
2017-08-23,telephony,2,46.98
2017-08-23,toys,5,355.5
2017-08-23,watches_gifts,5,971.99
2017-08-24,auto,6,459.47999999999996
2017-08-24,baby,4,294.79
2017-08-24,bed_bath_table,14,1349.93
2017-08-24,books_technical,1,180.0
2017-08-24,computers_accessories,9,753.89
2017-08-24,consoles_games,8,219.29000000000002
2017-08-24,cool_stuff,5,829.86
2017-08-24,costruction_tools_garden,1,58.9
2017-08-24,electronics,2,29.8
2017-08-24,fashion_bags_accessories,2,94.9
2017-08-24,food,1,42.0
2017-08-24,furniture_decor,11,628.23
2017-08-24,furniture_living_room,2,241.94
2017-08-24,garden_tools,4,224.7
2017-08-24,health_beauty,12,2135.19
2017-08-24,home_appliances,1,26.7
2017-08-24,home_confort,1,89.9
2017-08-24,housewares,7,324.29
2017-08-24,market_place,2,86.99
2017-08-24,office_furniture,1,399.0
2017-08-24,perfumery,6,441.77
2017-08-24,pet_shop,6,555.18
2017-08-24,sports_leisure,14,1296.03
2017-08-24,stationery,4,262.8
2017-08-24,telephony,4,509.99
2017-08-24,toys,5,539.87
2017-08-24,watches_gifts,5,925.79
2017-08-25,audio,1,89.0
2017-08-25,auto,6,645.68
2017-08-25,baby,3,277.71000000000004
2017-08-25,bed_bath_table,23,2651.2700000000004
2017-08-25,christmas_supplies,1,58.9
2017-08-25,computers_accessories,9,1068.79
2017-08-25,construction_tools_construction,1,79.0
2017-08-25,cool_stuff,5,889.87
2017-08-25,costruction_tools_garden,1,145.99
2017-08-25,electronics,1,18.9
2017-08-25,fashion_bags_accessories,2,92.9
2017-08-25,fashion_underwear_beach,1,49.9
2017-08-25,furniture_decor,10,829.32
2017-08-25,garden_tools,2,66.25
2017-08-25,health_beauty,12,1717.43
2017-08-25,housewares,13,810.65
2017-08-25,luggage_accessories,2,208.8
2017-08-25,market_place,1,62.8
2017-08-25,musical_instruments,2,691.4499999999999
2017-08-25,perfumery,4,326.56000000000006
2017-08-25,pet_shop,4,310.74
2017-08-25,small_appliances,2,100.0
2017-08-25,sports_leisure,7,571.7
2017-08-25,stationery,3,374.9
2017-08-25,telephony,4,366.97
2017-08-25,toys,2,565.89
2017-08-25,watches_gifts,6,1262.8799999999999
2017-08-26,auto,2,507.99
2017-08-26,baby,2,137.84
2017-08-26,bed_bath_table,16,1756.1000000000001
2017-08-26,books_technical,1,102.0
2017-08-26,computers_accessories,6,313.61999999999995
2017-08-26,consoles_games,2,109.9
2017-08-26,cool_stuff,3,428.89
2017-08-26,dvds_blu_ray,1,19.9
2017-08-26,fashion_bags_accessories,2,69.8
2017-08-26,fixed_telephony,1,158.0
2017-08-26,food,1,63.49
2017-08-26,food_drink,1,26.7
2017-08-26,furniture_decor,8,830.01
2017-08-26,garden_tools,4,1118.7
2017-08-26,health_beauty,5,407.28
2017-08-26,home_appliances,1,43.0
2017-08-26,home_confort,1,599.0
2017-08-26,housewares,8,618.04
2017-08-26,musical_instruments,1,16.9
2017-08-26,perfumery,2,186.89000000000001
2017-08-26,pet_shop,3,201.8
2017-08-26,small_appliances,1,99.99
2017-08-26,sports_leisure,5,360.18
2017-08-26,stationery,2,238.9
2017-08-26,telephony,3,54.98
2017-08-26,toys,6,339.6
2017-08-26,watches_gifts,5,838.5999999999999
2017-08-27,auto,1,21.99
2017-08-27,baby,4,704.89
2017-08-27,bed_bath_table,11,848.6399999999999
2017-08-27,books_general_interest,1,43.3
2017-08-27,computers_accessories,9,1119.58
2017-08-27,consoles_games,4,240.87
2017-08-27,cool_stuff,13,1620.8000000000002
2017-08-27,electronics,1,16.9
2017-08-27,fashion_bags_accessories,2,520.7
2017-08-27,fashion_underwear_beach,1,59.9
2017-08-27,food,1,19.9
2017-08-27,furniture_decor,14,929.68
2017-08-27,furniture_living_room,1,125.9
2017-08-27,garden_tools,7,675.9899999999999
2017-08-27,health_beauty,12,835.64
2017-08-27,home_appliances,1,26.0
2017-08-27,home_appliances_2,1,205.99
2017-08-27,home_confort,2,58.0
2017-08-27,housewares,6,349.28
2017-08-27,perfumery,6,528.6899999999999
2017-08-27,pet_shop,5,315.09
2017-08-27,sports_leisure,17,1848.5499999999997
2017-08-27,stationery,1,10.99
2017-08-27,tablets_printing_image,1,99.0
2017-08-27,telephony,3,59.379999999999995
2017-08-27,toys,3,328.3
2017-08-27,watches_gifts,7,1090.69
2017-08-28,air_conditioning,1,89.0
2017-08-28,auto,4,327.79
2017-08-28,baby,4,379.78999999999996
2017-08-28,bed_bath_table,14,1241.27
2017-08-28,books_general_interest,1,135.0
2017-08-28,books_technical,1,89.0
2017-08-28,computers,4,4700.0
2017-08-28,computers_accessories,14,592.18
2017-08-28,consoles_games,3,199.79000000000002
2017-08-28,cool_stuff,6,1125.8700000000001
2017-08-28,costruction_tools_garden,1,32.7
2017-08-28,fashion_bags_accessories,3,104.97999999999999
2017-08-28,fashion_underwear_beach,1,79.9
2017-08-28,furniture_decor,15,1195.4000000000003
2017-08-28,furniture_living_room,1,79.9
2017-08-28,furniture_mattress_and_upholstery,1,399.99
2017-08-28,garden_tools,15,1405.98
2017-08-28,health_beauty,13,1269.35
2017-08-28,home_appliances,3,154.5
2017-08-28,home_appliances_2,1,154.0
2017-08-28,home_confort,1,599.0
2017-08-28,housewares,14,1616.8200000000002
2017-08-28,la_cuisine,1,139.0
2017-08-28,luggage_accessories,2,408.79999999999995
2017-08-28,musical_instruments,1,65.0
2017-08-28,office_furniture,1,135.9
2017-08-28,perfumery,4,296.6
2017-08-28,pet_shop,6,331.22999999999996
2017-08-28,small_appliances,2,1068.9
2017-08-28,sports_leisure,16,1292.6100000000001
2017-08-28,telephony,3,126.89
2017-08-28,toys,4,677.9
2017-08-28,watches_gifts,5,734.69
2017-08-29,art,1,44.9
2017-08-29,auto,4,691.97
2017-08-29,baby,6,937.6999999999999
2017-08-29,bed_bath_table,13,1836.29
2017-08-29,books_general_interest,1,32.0
2017-08-29,computers,15,17000.0
2017-08-29,computers_accessories,2,310.9
2017-08-29,consoles_games,5,754.69
2017-08-29,construction_tools_construction,1,389.0
2017-08-29,construction_tools_lights,1,229.0
2017-08-29,cool_stuff,3,419.9
2017-08-29,electronics,3,47.8
2017-08-29,fashion_bags_accessories,1,79.9
2017-08-29,fashion_male_clothing,1,69.9
2017-08-29,fashion_shoes,2,169.8
2017-08-29,food_drink,3,104.97
2017-08-29,furniture_decor,20,1360.5500000000006
2017-08-29,garden_tools,5,247.09
2017-08-29,health_beauty,15,1531.39
2017-08-29,home_appliances,1,68.75
2017-08-29,home_confort,1,69.9
2017-08-29,housewares,8,427.52
2017-08-29,office_furniture,3,475.88
2017-08-29,perfumery,4,311.85
2017-08-29,pet_shop,3,335.70000000000005
2017-08-29,sports_leisure,12,1225.67
2017-08-29,tablets_printing_image,1,109.0
2017-08-29,telephony,3,453.99
2017-08-29,toys,5,923.98
2017-08-29,watches_gifts,7,2422.79
2017-08-30,agro_industry_and_commerce,4,88.0
2017-08-30,auto,5,498.32
2017-08-30,baby,6,1423.69
2017-08-30,bed_bath_table,18,1951.8700000000001
2017-08-30,books_general_interest,4,261.89
2017-08-30,books_technical,1,89.0
2017-08-30,computers,8,9500.0
2017-08-30,computers_accessories,10,1292.5800000000002
2017-08-30,consoles_games,2,69.89
2017-08-30,cool_stuff,11,1564.4299999999998
2017-08-30,electronics,1,24.9
2017-08-30,fashion_sport,1,205.9
2017-08-30,food_drink,1,26.7
2017-08-30,furniture_decor,11,1118.3799999999999
2017-08-30,furniture_living_room,1,179.99
2017-08-30,garden_tools,16,1174.5500000000002
2017-08-30,health_beauty,19,1859.1800000000003
2017-08-30,home_appliances,4,411.1499999999999
2017-08-30,home_confort,2,179.8
2017-08-30,housewares,9,925.5300000000001
2017-08-30,luggage_accessories,2,148.8
2017-08-30,musical_instruments,3,1024.6100000000001
2017-08-30,office_furniture,1,118.9
2017-08-30,perfumery,5,518.77
2017-08-30,pet_shop,4,577.52
2017-08-30,sports_leisure,9,788.2299999999999
2017-08-30,stationery,3,221.0
2017-08-30,telephony,5,521.5
2017-08-30,toys,11,728.9699999999999
2017-08-30,watches_gifts,10,1075.5
2017-08-31,air_conditioning,3,1130.04
2017-08-31,auto,4,343.9
2017-08-31,baby,4,491.13
2017-08-31,bed_bath_table,8,1252.32
2017-08-31,books_general_interest,1,129.9
2017-08-31,books_technical,1,29.9
2017-08-31,computers,1,1200.0
2017-08-31,computers_accessories,13,842.89
2017-08-31,consoles_games,3,145.79
2017-08-31,cool_stuff,7,376.38999999999993
2017-08-31,electronics,3,74.89
2017-08-31,fashion_bags_accessories,5,727.79
2017-08-31,fashion_underwear_beach,1,69.9
2017-08-31,furniture_bedroom,1,229.0
2017-08-31,furniture_decor,11,958.5399999999998
2017-08-31,garden_tools,7,508.82
2017-08-31,health_beauty,11,1312.77
2017-08-31,home_appliances,4,71.60000000000001
2017-08-31,home_appliances_2,1,189.8
2017-08-31,home_comfort_2,2,25.8
2017-08-31,home_confort,1,89.9
2017-08-31,housewares,18,2202.2
2017-08-31,kitchen_dining_laundry_garden_furniture,1,18.5
2017-08-31,luggage_accessories,3,255.70000000000002
2017-08-31,market_place,1,28.99
2017-08-31,musical_instruments,2,1132.9
2017-08-31,office_furniture,4,679.78
2017-08-31,perfumery,5,550.88
2017-08-31,pet_shop,3,328.6
2017-08-31,sports_leisure,13,1061.78
2017-08-31,stationery,2,130.9
2017-08-31,telephony,4,452.98
2017-08-31,toys,5,442.89
2017-08-31,watches_gifts,11,2341.3900000000003
2017-09-01,auto,2,189.8
2017-09-01,baby,8,1431.79
2017-09-01,bed_bath_table,9,724.0400000000001
2017-09-01,computers,7,8800.0
2017-09-01,computers_accessories,8,1056.9699999999998
2017-09-01,consoles_games,5,239.67999999999998
2017-09-01,cool_stuff,5,1141.8
2017-09-01,dvds_blu_ray,1,19.9
2017-09-01,electronics,2,107.9
2017-09-01,fashion_bags_accessories,3,94.89
2017-09-01,fixed_telephony,1,32.99
2017-09-01,furniture_decor,25,1556.6699999999998
2017-09-01,furniture_living_room,1,179.99
2017-09-01,garden_tools,9,617.3
2017-09-01,health_beauty,15,1170.2
2017-09-01,home_confort,2,358.9
2017-09-01,housewares,8,557.16
2017-09-01,luggage_accessories,1,45.9
2017-09-01,market_place,2,360.74
2017-09-01,musical_instruments,3,1491.9
2017-09-01,office_furniture,3,456.97
2017-09-01,perfumery,4,222.77999999999997
2017-09-01,small_appliances,2,182.98
2017-09-01,sports_leisure,22,2135.88
2017-09-01,stationery,3,193.0
2017-09-01,telephony,6,912.99
2017-09-01,toys,8,1059.47
2017-09-01,watches_gifts,10,2524.2599999999998
2017-09-02,auto,2,239.9
2017-09-02,baby,5,1063.73
2017-09-02,bed_bath_table,15,1451.3600000000004
2017-09-02,books_general_interest,1,129.9
2017-09-02,computers,5,5600.0
2017-09-02,computers_accessories,5,346.49999999999994
2017-09-02,consoles_games,2,521.0
2017-09-02,construction_tools_construction,1,199.0
2017-09-02,cool_stuff,4,842.88
2017-09-02,electronics,2,37.8
2017-09-02,fashion_bags_accessories,2,108.9
2017-09-02,furniture_decor,9,533.27
2017-09-02,garden_tools,9,610.23
2017-09-02,health_beauty,8,1279.3600000000001
2017-09-02,home_appliances,1,42.9
2017-09-02,home_confort,1,89.9
2017-09-02,housewares,11,568.66
2017-09-02,luggage_accessories,1,141.93
2017-09-02,musical_instruments,2,868.9
2017-09-02,perfumery,2,220.98000000000002
2017-09-02,pet_shop,5,372.09999999999997
2017-09-02,small_appliances,1,129.0
2017-09-02,sports_leisure,7,850.59
2017-09-02,stationery,1,36.9
2017-09-02,telephony,6,284.77000000000004
2017-09-02,toys,5,1098.5
2017-09-02,watches_gifts,2,157.9
2017-09-03,auto,2,43.989999999999995
2017-09-03,baby,5,1461.6999999999998
2017-09-03,bed_bath_table,13,2165.9800000000005
2017-09-03,books_general_interest,2,150.9
2017-09-03,books_imported,1,61.0
2017-09-03,computers,3,3800.0
2017-09-03,computers_accessories,5,332.09999999999997
2017-09-03,consoles_games,3,76.56
2017-09-03,cool_stuff,9,2738.76
2017-09-03,costruction_tools_garden,1,58.9
2017-09-03,electronics,3,231.8
2017-09-03,fashio_female_clothing,1,47.0
2017-09-03,fashion_bags_accessories,3,607.8
2017-09-03,fixed_telephony,1,16.99
2017-09-03,furniture_decor,5,455.94999999999993
2017-09-03,garden_tools,4,646.9
2017-09-03,health_beauty,8,707.07
2017-09-03,home_appliances,3,903.9
2017-09-03,home_confort,1,89.9
2017-09-03,housewares,9,996.9399999999999
2017-09-03,kitchen_dining_laundry_garden_furniture,1,129.9
2017-09-03,luggage_accessories,1,98.9
2017-09-03,office_furniture,5,1326.5
2017-09-03,perfumery,2,396.89
2017-09-03,pet_shop,3,2090.54
2017-09-03,small_appliances,1,99.99
2017-09-03,sports_leisure,8,946.47
2017-09-03,stationery,1,79.0
2017-09-03,telephony,8,507.84000000000003
2017-09-03,toys,2,363.9
2017-09-03,watches_gifts,20,5309.959999999998
2017-09-04,art,1,299.99
2017-09-04,audio,1,89.0
2017-09-04,auto,2,159.9
2017-09-04,baby,13,934.52
2017-09-04,bed_bath_table,13,1531.1500000000003
2017-09-04,computers,5,6049.6
2017-09-04,computers_accessories,8,652.1500000000001
2017-09-04,consoles_games,2,79.8
2017-09-04,construction_tools_construction,1,299.0
2017-09-04,cool_stuff,3,195.70000000000002
2017-09-04,electronics,3,189.9
2017-09-04,fashion_bags_accessories,1,449.0
2017-09-04,fashion_underwear_beach,1,59.9
2017-09-04,furniture_decor,14,1457.1200000000003
2017-09-04,garden_tools,8,642.1999999999999
2017-09-04,health_beauty,13,2840.6000000000004
2017-09-04,housewares,2,33.8
2017-09-04,luggage_accessories,1,54.9
2017-09-04,market_place,1,32.99
2017-09-04,perfumery,8,888.98
2017-09-04,pet_shop,6,595.37
2017-09-04,small_appliances,1,69.0
2017-09-04,sports_leisure,12,1409.5499999999997
2017-09-04,stationery,3,174.8
2017-09-04,telephony,10,1472.99
2017-09-04,toys,8,582.29
2017-09-04,watches_gifts,15,3299.2800000000007
2017-09-05,agro_industry_and_commerce,1,398.0
2017-09-05,auto,4,359.5
2017-09-05,baby,3,1179.79
2017-09-05,bed_bath_table,19,2384.52
2017-09-05,computers,1,1199.9
2017-09-05,computers_accessories,8,658.5899999999999
2017-09-05,consoles_games,4,372.87
2017-09-05,cool_stuff,6,895.68
2017-09-05,costruction_tools_tools,1,167.9
2017-09-05,electronics,5,560.3
2017-09-05,fashion_bags_accessories,4,206.99
2017-09-05,fashion_male_clothing,1,69.9
2017-09-05,fashion_underwear_beach,1,89.9
2017-09-05,furniture_decor,12,1094.3
2017-09-05,garden_tools,7,704.39
2017-09-05,health_beauty,17,1680.6600000000003
2017-09-05,housewares,16,1829.090000000001
2017-09-05,luggage_accessories,3,354.20000000000005
2017-09-05,office_furniture,2,382.89
2017-09-05,perfumery,9,408.18999999999994
2017-09-05,pet_shop,4,281.88
2017-09-05,small_appliances,1,93.99
2017-09-05,small_appliances_home_oven_and_coffee,1,640.99
2017-09-05,sports_leisure,14,1577.8700000000001
2017-09-05,stationery,3,276.37
2017-09-05,telephony,7,1074.3799999999999
2017-09-05,toys,14,750.5899999999999
2017-09-05,watches_gifts,6,602.79
2017-09-06,air_conditioning,1,99.0
2017-09-06,auto,4,1472.8
2017-09-06,baby,6,538.43
2017-09-06,bed_bath_table,17,1658.8400000000001
2017-09-06,books_general_interest,2,44.64
2017-09-06,christmas_supplies,1,57.0
2017-09-06,computers,6,7449.5
2017-09-06,computers_accessories,6,970.84
2017-09-06,cool_stuff,7,580.78
2017-09-06,fashion_bags_accessories,1,129.9
2017-09-06,fashion_shoes,1,27.9
2017-09-06,furniture_decor,12,780.4999999999999
2017-09-06,garden_tools,5,558.07
2017-09-06,health_beauty,15,910.97
2017-09-06,housewares,5,1360.8
2017-09-06,luggage_accessories,1,108.9
2017-09-06,office_furniture,2,599.89
2017-09-06,perfumery,4,697.7
2017-09-06,small_appliances,1,51.2
2017-09-06,sports_leisure,23,3413.0100000000007
2017-09-06,stationery,1,73.9
2017-09-06,tablets_printing_image,1,35.9
2017-09-06,telephony,13,1824.3600000000001
2017-09-06,toys,7,469.69000000000005
2017-09-06,watches_gifts,10,968.6999999999999
2017-09-07,air_conditioning,1,176.26
2017-09-07,baby,1,270.0
2017-09-07,bed_bath_table,11,843.6500000000001
2017-09-07,books_general_interest,1,53.9
2017-09-07,computers,3,3949.9799999999996
2017-09-07,computers_accessories,8,525.62
2017-09-07,consoles_games,2,519.9
2017-09-07,cool_stuff,7,1789.18
2017-09-07,fashion_bags_accessories,3,254.89000000000001
2017-09-07,furniture_decor,12,968.1899999999999
2017-09-07,garden_tools,10,616.0999999999999
2017-09-07,health_beauty,6,1349.17
2017-09-07,home_appliances_2,1,419.8
2017-09-07,home_comfort_2,1,12.9
2017-09-07,housewares,5,624.9399999999999
2017-09-07,luggage_accessories,2,157.8
2017-09-07,musical_instruments,1,1146.0
2017-09-07,office_furniture,4,639.96
2017-09-07,perfumery,4,363.41
2017-09-07,pet_shop,2,131.98
2017-09-07,small_appliances,1,15.9
2017-09-07,sports_leisure,3,538.6999999999999
2017-09-07,stationery,4,477.79999999999995
2017-09-07,telephony,4,99.69
2017-09-07,toys,3,233.89
2017-09-07,watches_gifts,3,433.9
2017-09-08,auto,3,483.8
2017-09-08,baby,3,235.23000000000002
2017-09-08,bed_bath_table,7,751.5999999999999
2017-09-08,computers_accessories,11,994.01
2017-09-08,consoles_games,7,254.8
2017-09-08,construction_tools_construction,3,419.70000000000005
2017-09-08,cool_stuff,8,1008.4999999999999
2017-09-08,drinks,1,30.0
2017-09-08,electronics,1,17.9
2017-09-08,fashion_bags_accessories,4,179.79000000000002
2017-09-08,food,1,56.97
2017-09-08,furniture_decor,8,647.5999999999999
2017-09-08,furniture_living_room,1,139.9
2017-09-08,garden_tools,7,531.6999999999999
2017-09-08,health_beauty,12,1418.2700000000002
2017-09-08,home_confort,5,492.95
2017-09-08,home_construction,1,120.0
2017-09-08,housewares,8,597.9
2017-09-08,musical_instruments,2,131.8
2017-09-08,perfumery,1,56.99
2017-09-08,pet_shop,3,255.26999999999998
2017-09-08,sports_leisure,10,994.27
2017-09-08,stationery,3,243.0
2017-09-08,telephony,5,114.78
2017-09-08,toys,8,676.9899999999999
2017-09-08,watches_gifts,5,590.98
2017-09-09,air_conditioning,1,99.0
2017-09-09,auto,3,179.89
2017-09-09,baby,2,114.7
2017-09-09,bed_bath_table,13,1346.9800000000002
2017-09-09,computers_accessories,4,57.88
2017-09-09,consoles_games,2,48.9
2017-09-09,cool_stuff,3,784.95
2017-09-09,electronics,1,17.9
2017-09-09,fashion_bags_accessories,2,399.0
2017-09-09,food_drink,1,40.5
2017-09-09,furniture_decor,17,1490.2300000000002
2017-09-09,furniture_living_room,1,54.9
2017-09-09,garden_tools,3,179.7
2017-09-09,health_beauty,12,3159.8199999999997
2017-09-09,home_appliances,1,498.8
2017-09-09,home_appliances_2,1,497.0
2017-09-09,housewares,3,184.36
2017-09-09,musical_instruments,1,35.0
2017-09-09,office_furniture,1,79.99
2017-09-09,perfumery,2,78.9
2017-09-09,pet_shop,3,206.73999999999998
2017-09-09,sports_leisure,8,791.5899999999999
2017-09-09,stationery,2,158.9
2017-09-09,telephony,9,1557.95
2017-09-09,toys,11,1000.5799999999999
2017-09-09,watches_gifts,5,1347.79
2017-09-10,audio,2,308.99
2017-09-10,auto,2,229.9
2017-09-10,baby,3,559.98
2017-09-10,bed_bath_table,15,1217.98
2017-09-10,computers_accessories,11,2071.42
2017-09-10,consoles_games,1,79.99
2017-09-10,construction_tools_construction,1,169.0
2017-09-10,cool_stuff,8,1443.49
2017-09-10,costruction_tools_tools,1,729.0
2017-09-10,drinks,2,30.98
2017-09-10,electronics,1,27.9
2017-09-10,fashion_bags_accessories,9,549.8
2017-09-10,fashion_male_clothing,3,209.70000000000002
2017-09-10,furniture_bedroom,1,79.9
2017-09-10,furniture_decor,10,1186.9499999999998
2017-09-10,furniture_living_room,1,123.0
2017-09-10,garden_tools,9,1335.8999999999999
2017-09-10,health_beauty,10,1261.3300000000002
2017-09-10,home_appliances_2,1,149.0
2017-09-10,housewares,8,289.87
2017-09-10,luggage_accessories,2,98.8
2017-09-10,market_place,1,71.9
2017-09-10,office_furniture,1,159.94
2017-09-10,perfumery,5,665.9
2017-09-10,pet_shop,2,112.88999999999999
2017-09-10,sports_leisure,18,1720.9900000000002
2017-09-10,stationery,2,81.8
2017-09-10,telephony,4,282.90000000000003
2017-09-10,toys,4,277.4
2017-09-10,watches_gifts,10,1580.77
2017-09-11,auto,4,224.22
2017-09-11,baby,9,873.1899999999999
2017-09-11,bed_bath_table,21,2016.5900000000006
2017-09-11,books_technical,2,230.35
2017-09-11,computers_accessories,12,1237.9499999999998
2017-09-11,consoles_games,3,358.79999999999995
2017-09-11,cool_stuff,7,792.76
2017-09-11,drinks,1,87.0
2017-09-11,electronics,1,18.9
2017-09-11,fashion_bags_accessories,3,294.8
2017-09-11,fashion_shoes,1,84.9
2017-09-11,fashion_underwear_beach,1,110.0
2017-09-11,food_drink,1,39.0
2017-09-11,furniture_decor,12,2159.5699999999997
2017-09-11,furniture_living_room,1,42.9
2017-09-11,garden_tools,10,507.97999999999996
2017-09-11,health_beauty,18,4018.7400000000002
2017-09-11,home_confort,1,599.0
2017-09-11,housewares,16,976.4399999999998
2017-09-11,industry_commerce_and_business,1,109.99
2017-09-11,luggage_accessories,1,289.99
2017-09-11,market_place,1,62.8
2017-09-11,musical_instruments,2,712.9
2017-09-11,office_furniture,2,265.84000000000003
2017-09-11,perfumery,7,666.29
2017-09-11,pet_shop,4,402.68999999999994
2017-09-11,small_appliances,1,890.0
2017-09-11,sports_leisure,21,1951.2700000000004
2017-09-11,stationery,3,285.70000000000005
2017-09-11,telephony,4,464.87
2017-09-11,toys,12,1307.68
2017-09-11,watches_gifts,7,1025.9
2017-09-12,air_conditioning,1,99.0
2017-09-12,audio,1,89.0
2017-09-12,auto,4,402.70000000000005
2017-09-12,baby,8,987.1199999999999
2017-09-12,bed_bath_table,26,2031.4200000000008
2017-09-12,books_general_interest,2,152.4
2017-09-12,computers,1,1549.99
2017-09-12,computers_accessories,22,2945.620000000001
2017-09-12,consoles_games,2,59.9
2017-09-12,construction_tools_lights,1,229.0
2017-09-12,cool_stuff,11,1566.7500000000002
2017-09-12,electronics,3,246.7
2017-09-12,fashion_bags_accessories,11,1508.1800000000005
2017-09-12,fashion_shoes,1,149.9
2017-09-12,food,2,42.98
2017-09-12,furniture_decor,17,2044.46
2017-09-12,garden_tools,19,1326.1000000000001
2017-09-12,health_beauty,21,2128.77
2017-09-12,housewares,5,318.58000000000004
2017-09-12,kitchen_dining_laundry_garden_furniture,1,179.9
2017-09-12,luggage_accessories,3,598.6999999999999
2017-09-12,musical_instruments,2,131.8
2017-09-12,office_furniture,1,229.99
2017-09-12,perfumery,9,553.5699999999999
2017-09-12,pet_shop,6,930.0
2017-09-12,small_appliances,2,474.0
2017-09-12,sports_leisure,15,1434.3799999999999
2017-09-12,stationery,5,310.68
2017-09-12,telephony,14,1680.5900000000004
2017-09-12,toys,13,1225.4700000000003
2017-09-12,watches_gifts,11,803.89
2017-09-13,agro_industry_and_commerce,1,799.99
2017-09-13,auto,1,80.0
2017-09-13,baby,12,1951.19
2017-09-13,bed_bath_table,28,1772.4100000000005
2017-09-13,books_general_interest,2,177.3
2017-09-13,books_technical,1,99.0
2017-09-13,computers_accessories,8,477.4
2017-09-13,consoles_games,2,37.9
2017-09-13,construction_tools_construction,1,54.9
2017-09-13,construction_tools_safety,2,285.8
2017-09-13,cool_stuff,7,1916.77
2017-09-13,electronics,6,348.7
2017-09-13,fashion_bags_accessories,7,1210.3
2017-09-13,fashion_male_clothing,1,199.0
2017-09-13,fashion_shoes,2,169.8
2017-09-13,fashion_underwear_beach,1,59.9
2017-09-13,food,1,56.97
2017-09-13,food_drink,1,16.0
2017-09-13,furniture_decor,8,1209.1100000000001
2017-09-13,garden_tools,9,2307.9
2017-09-13,health_beauty,18,1420.32
2017-09-13,home_construction,2,435.7
2017-09-13,housewares,15,1203.04
2017-09-13,kitchen_dining_laundry_garden_furniture,1,55.9
2017-09-13,luggage_accessories,3,182.79
2017-09-13,office_furniture,1,199.9
2017-09-13,perfumery,11,1038.85
2017-09-13,signaling_and_security,1,42.9
2017-09-13,small_appliances,4,2200.7
2017-09-13,sports_leisure,22,2047.5100000000004
2017-09-13,stationery,3,77.19000000000001
2017-09-13,telephony,10,1372.45
2017-09-13,toys,16,1195.8400000000001
2017-09-13,watches_gifts,12,1990.45
2017-09-14,air_conditioning,1,236.9
2017-09-14,auto,6,447.23
2017-09-14,baby,8,1869.77
2017-09-14,bed_bath_table,20,2012.8800000000006
2017-09-14,books_general_interest,1,115.0
2017-09-14,christmas_supplies,3,197.70000000000002
2017-09-14,computers,1,1649.99
2017-09-14,computers_accessories,11,941.7900000000001
2017-09-14,consoles_games,2,739.0
2017-09-14,cool_stuff,8,1353.76
2017-09-14,electronics,1,38.99
2017-09-14,fashion_bags_accessories,5,169.40000000000003
2017-09-14,fashion_male_clothing,1,69.9
2017-09-14,fashion_shoes,1,84.9
2017-09-14,fashion_underwear_beach,2,366.0
2017-09-14,furniture_decor,16,1035.7999999999997
2017-09-14,garden_tools,7,617.04
2017-09-14,health_beauty,16,2661.2300000000005
2017-09-14,home_confort,3,447.9
2017-09-14,home_construction,3,266.22
2017-09-14,housewares,14,807.6899999999999
2017-09-14,musical_instruments,1,94.9
2017-09-14,party_supplies,2,269.8
2017-09-14,perfumery,3,243.97000000000003
2017-09-14,pet_shop,3,252.64
2017-09-14,small_appliances,3,230.6
2017-09-14,sports_leisure,22,1724.7900000000002
2017-09-14,tablets_printing_image,1,99.0
2017-09-14,telephony,6,654.49
2017-09-14,toys,12,955.1799999999998
2017-09-14,watches_gifts,8,1323.68
2017-09-15,auto,4,480.2
2017-09-15,baby,5,674.8
2017-09-15,bed_bath_table,25,2602.0200000000004
2017-09-15,books_imported,1,63.0
2017-09-15,books_technical,1,79.0
2017-09-15,cine_photo,1,69.0
2017-09-15,computers,1,730.0
2017-09-15,computers_accessories,8,654.28
2017-09-15,construction_tools_construction,1,38.9
2017-09-15,construction_tools_safety,1,21.9
2017-09-15,cool_stuff,1,69.99
2017-09-15,drinks,1,10.0
2017-09-15,electronics,2,438.9
2017-09-15,fashion_bags_accessories,5,298.89
2017-09-15,furniture_decor,8,656.9899999999999
2017-09-15,furniture_living_room,1,54.9
2017-09-15,garden_tools,9,2616.3800000000006
2017-09-15,health_beauty,8,721.9699999999999
2017-09-15,home_confort,1,299.0
2017-09-15,home_construction,1,89.99
2017-09-15,housewares,16,580.07
2017-09-15,luggage_accessories,1,85.4
2017-09-15,market_place,1,94.99
2017-09-15,musical_instruments,1,81.9
2017-09-15,office_furniture,2,209.98000000000002
2017-09-15,perfumery,4,833.78
2017-09-15,pet_shop,2,160.89
2017-09-15,signaling_and_security,1,116.0
2017-09-15,small_appliances,1,419.9
2017-09-15,sports_leisure,14,1237.83
2017-09-15,stationery,5,371.9
2017-09-15,telephony,9,948.85
2017-09-15,toys,7,697.59
2017-09-15,watches_gifts,7,1045.69
2017-09-16,audio,1,129.9
2017-09-16,auto,1,40.0
2017-09-16,baby,7,1260.1000000000001
2017-09-16,bed_bath_table,23,2628.28
2017-09-16,books_technical,1,90.0
2017-09-16,computers_accessories,4,370.81
2017-09-16,consoles_games,2,49.8
2017-09-16,cool_stuff,8,989.8
2017-09-16,drinks,1,87.0
2017-09-16,electronics,4,536.6999999999999
2017-09-16,fashion_bags_accessories,4,588.8
2017-09-16,fashion_male_clothing,1,24.9
2017-09-16,fashion_shoes,4,382.6
2017-09-16,furniture_decor,6,1398.3799999999999
2017-09-16,furniture_living_room,1,92.99
2017-09-16,furniture_mattress_and_upholstery,1,86.5
2017-09-16,garden_tools,4,204.52
2017-09-16,health_beauty,13,2031.72
2017-09-16,housewares,3,142.02
2017-09-16,office_furniture,1,159.99
2017-09-16,perfumery,4,223.88000000000002
2017-09-16,pet_shop,1,42.99
2017-09-16,small_appliances,2,2889.99
2017-09-16,sports_leisure,18,1819.96
2017-09-16,telephony,2,66.8
2017-09-16,toys,6,531.7199999999999
2017-09-16,watches_gifts,7,1651.8899999999999
2017-09-17,auto,2,267.2
2017-09-17,baby,1,399.9
2017-09-17,bed_bath_table,21,2370.5400000000004
2017-09-17,books_technical,1,125.0
2017-09-17,computers,2,2699.98
2017-09-17,computers_accessories,7,390.48999999999995
2017-09-17,cool_stuff,7,1715.79
2017-09-17,fashio_female_clothing,2,109.8
2017-09-17,fashion_bags_accessories,4,288.79
2017-09-17,food,4,139.84
2017-09-17,furniture_decor,9,696.28
2017-09-17,furniture_living_room,1,54.9
2017-09-17,garden_tools,2,119.8
2017-09-17,health_beauty,12,2304.2200000000003
2017-09-17,home_confort,1,89.9
2017-09-17,home_construction,1,85.9
2017-09-17,housewares,11,807.65
2017-09-17,luggage_accessories,2,165.8
2017-09-17,market_place,2,114.89
2017-09-17,office_furniture,1,274.0
2017-09-17,perfumery,3,127.97
2017-09-17,pet_shop,2,155.0
2017-09-17,security_and_services,1,100.0
2017-09-17,small_appliances,1,119.0
2017-09-17,sports_leisure,11,1035.45
2017-09-17,stationery,1,52.9
2017-09-17,telephony,1,246.62
2017-09-17,toys,7,959.66
2017-09-17,watches_gifts,12,3823.4599999999996
2017-09-18,auto,6,269.88
2017-09-18,baby,11,1004.16
2017-09-18,bed_bath_table,36,2837.8200000000006
2017-09-18,books_imported,2,166.0
2017-09-18,computers,1,1349.99
2017-09-18,computers_accessories,17,3453.82
2017-09-18,construction_tools_safety,1,436.9
2017-09-18,cool_stuff,8,1371.6100000000001
2017-09-18,electronics,2,97.9
2017-09-18,fashio_female_clothing,1,198.9
2017-09-18,fashion_bags_accessories,3,51.099999999999994
2017-09-18,fashion_shoes,1,29.9
2017-09-18,fashion_underwear_beach,1,59.9
2017-09-18,food,1,56.97
2017-09-18,furniture_decor,8,1015.27
2017-09-18,garden_tools,8,531.1999999999999
2017-09-18,health_beauty,14,1796.1700000000003
2017-09-18,home_confort,6,628.4999999999999
2017-09-18,housewares,14,694.17
2017-09-18,musical_instruments,1,39.9
2017-09-18,office_furniture,6,1029.8500000000001
2017-09-18,perfumery,9,1238.17
2017-09-18,pet_shop,5,560.53
2017-09-18,small_appliances,1,78.99
2017-09-18,sports_leisure,21,4199.700000000001
2017-09-18,stationery,1,99.0
2017-09-18,toys,20,2583.0099999999998
2017-09-18,watches_gifts,7,1179.9
2017-09-19,art,1,48.65
2017-09-19,auto,4,139.6
2017-09-19,baby,6,812.3100000000001
2017-09-19,bed_bath_table,17,1494.93
2017-09-19,books_technical,1,269.0
2017-09-19,computers_accessories,10,2344.13
2017-09-19,cool_stuff,8,2892.76
2017-09-19,electronics,4,299.79
2017-09-19,fashion_bags_accessories,7,687.6899999999999
2017-09-19,food_drink,4,139.96
2017-09-19,furniture_decor,17,1272.15
2017-09-19,garden_tools,14,1410.28
2017-09-19,health_beauty,9,825.65
2017-09-19,housewares,6,377.28999999999996
2017-09-19,luggage_accessories,4,255.78000000000003
2017-09-19,office_furniture,7,649.84
2017-09-19,perfumery,3,112.96999999999998
2017-09-19,pet_shop,3,96.34
2017-09-19,sports_leisure,16,1892.3600000000001
2017-09-19,stationery,4,396.9
2017-09-19,telephony,9,1043.66
2017-09-19,toys,7,744.37
2017-09-19,watches_gifts,9,1220.79
2017-09-20,audio,2,187.0
2017-09-20,auto,6,1023.5
2017-09-20,baby,4,349.87
2017-09-20,bed_bath_table,29,3424.2400000000002
2017-09-20,computers_accessories,9,584.6899999999999
2017-09-20,cool_stuff,7,2280.87
2017-09-20,electronics,1,18.9
2017-09-20,fashion_bags_accessories,3,128.99
2017-09-20,fashion_underwear_beach,1,79.9
2017-09-20,fixed_telephony,2,52.980000000000004
2017-09-20,food,1,274.99
2017-09-20,food_drink,1,23.4
2017-09-20,furniture_bedroom,2,469.8
2017-09-20,furniture_decor,20,1655.1900000000003
2017-09-20,garden_tools,3,751.6999999999999
2017-09-20,health_beauty,12,1428.72
2017-09-20,housewares,5,554.49
2017-09-20,luggage_accessories,3,182.70000000000002
2017-09-20,musical_instruments,2,331.9
2017-09-20,perfumery,8,453.95000000000005
2017-09-20,pet_shop,4,726.6899999999999
2017-09-20,signaling_and_security,5,47.5
2017-09-20,small_appliances,1,103.8
2017-09-20,sports_leisure,17,2693.6500000000005
2017-09-20,stationery,4,345.9
2017-09-20,telephony,2,335.0
2017-09-20,toys,19,1831.94
2017-09-20,watches_gifts,8,829.6999999999999
2017-09-21,auto,3,310.33
2017-09-21,baby,3,189.79
2017-09-21,bed_bath_table,28,2926.41
2017-09-21,computers_accessories,2,193.89000000000001
2017-09-21,consoles_games,1,500.0
2017-09-21,cool_stuff,4,1093.7
2017-09-21,costruction_tools_tools,1,19.99
2017-09-21,electronics,2,31.89
2017-09-21,fashion_bags_accessories,1,20.3
2017-09-21,fashion_male_clothing,2,99.8
2017-09-21,fashion_underwear_beach,3,179.7
2017-09-21,food,1,56.97
2017-09-21,furniture_decor,17,1337.95
2017-09-21,garden_tools,6,423.68999999999994
2017-09-21,health_beauty,18,2247.4500000000003
2017-09-21,home_appliances,1,69.9
2017-09-21,home_appliances_2,1,154.0
2017-09-21,home_confort,4,471.68999999999994
2017-09-21,housewares,5,844.6999999999999
2017-09-21,luggage_accessories,2,340.59000000000003
2017-09-21,perfumery,5,614.78
2017-09-21,pet_shop,3,375.89
2017-09-21,sports_leisure,27,2849.8400000000006
2017-09-21,stationery,3,205.89
2017-09-21,telephony,4,146.79000000000002
2017-09-21,toys,9,708.4599999999998
2017-09-21,watches_gifts,14,1837.6
2017-09-22,auto,3,322.23
2017-09-22,baby,3,290.13
2017-09-22,bed_bath_table,16,1596.94
2017-09-22,computers_accessories,6,942.12
2017-09-22,cool_stuff,11,817.72
2017-09-22,costruction_tools_garden,1,74.9
2017-09-22,electronics,2,54.8
2017-09-22,fashion_bags_accessories,1,41.3
2017-09-22,fashion_underwear_beach,2,271.9
2017-09-22,food,1,56.97
2017-09-22,furniture_decor,8,474.48999999999995
2017-09-22,furniture_living_room,1,22.5
2017-09-22,garden_tools,11,1175.18
2017-09-22,health_beauty,9,805.9499999999999
2017-09-22,home_confort,1,269.0
2017-09-22,housewares,9,561.3800000000001
2017-09-22,luggage_accessories,2,121.30000000000001
2017-09-22,office_furniture,8,791.37
2017-09-22,perfumery,9,503.28
2017-09-22,pet_shop,1,139.0
2017-09-22,signaling_and_security,1,116.0
2017-09-22,sports_leisure,14,1316.42
2017-09-22,stationery,2,158.9
2017-09-22,telephony,5,531.81
2017-09-22,toys,9,1082.57
2017-09-22,watches_gifts,14,2849.96
2017-09-23,agro_industry_and_commerce,2,796.0
2017-09-23,auto,4,491.07
2017-09-23,baby,3,299.8
2017-09-23,bed_bath_table,10,661.41
2017-09-23,computers_accessories,4,296.51
2017-09-23,cool_stuff,6,768.5899999999999
2017-09-23,electronics,1,17.9
2017-09-23,fashion_bags_accessories,2,79.99
2017-09-23,food,3,136.32
2017-09-23,furniture_decor,10,339.59
2017-09-23,health_beauty,8,1164.3000000000002
2017-09-23,home_appliances_2,2,408.0
2017-09-23,home_construction,1,29.1
2017-09-23,housewares,3,197.8
2017-09-23,market_place,1,130.0
2017-09-23,office_furniture,4,391.96000000000004
2017-09-23,perfumery,3,132.88
2017-09-23,sports_leisure,13,1168.3700000000003
2017-09-23,stationery,1,24.9
2017-09-23,telephony,3,351.87
2017-09-23,toys,6,1216.5700000000002
2017-09-23,watches_gifts,4,570.8
2017-09-24,auto,2,207.8
2017-09-24,baby,4,439.29999999999995
2017-09-24,bed_bath_table,18,1618.0300000000002
2017-09-24,computers_accessories,2,188.9
2017-09-24,consoles_games,2,638.0
2017-09-24,cool_stuff,2,685.0
2017-09-24,costruction_tools_garden,1,58.9
2017-09-24,dvds_blu_ray,1,19.9
2017-09-24,electronics,3,338.7
2017-09-24,fashion_bags_accessories,12,1219.29
2017-09-24,fashion_male_clothing,1,69.9
2017-09-24,furniture_decor,8,1037.26
2017-09-24,garden_tools,3,216.7
2017-09-24,health_beauty,13,1233.4000000000003
2017-09-24,home_appliances,2,139.8
2017-09-24,home_confort,2,338.9
2017-09-24,housewares,6,419.69000000000005
2017-09-24,kitchen_dining_laundry_garden_furniture,1,43.9
2017-09-24,luggage_accessories,2,119.8
2017-09-24,market_place,1,219.0
2017-09-24,perfumery,6,752.22
2017-09-24,pet_shop,1,144.9
2017-09-24,sports_leisure,10,791.65
2017-09-24,stationery,1,36.9
2017-09-24,telephony,2,37.989999999999995
2017-09-24,toys,4,416.68
2017-09-24,watches_gifts,11,1336.6999999999998
2017-09-25,auto,3,335.1
2017-09-25,baby,5,537.8
2017-09-25,bed_bath_table,18,1455.1700000000005
2017-09-25,computers,1,1599.99
2017-09-25,computers_accessories,11,1308.27
2017-09-25,consoles_games,2,109.9
2017-09-25,cool_stuff,11,1738.2900000000002
2017-09-25,electronics,5,136.59
2017-09-25,fashion_bags_accessories,1,12.99
2017-09-25,fashion_male_clothing,3,74.69999999999999
2017-09-25,fashion_shoes,1,84.9
2017-09-25,fashion_underwear_beach,1,79.9
2017-09-25,food_drink,1,52.0
2017-09-25,furniture_decor,12,734.3599999999999
2017-09-25,garden_tools,6,296.6
2017-09-25,health_beauty,14,2516.54
2017-09-25,housewares,6,257.61
2017-09-25,luggage_accessories,1,92.0
2017-09-25,musical_instruments,1,499.0
2017-09-25,perfumery,6,383.07000000000005
2017-09-25,sports_leisure,13,1346.3700000000001
2017-09-25,stationery,5,521.0
2017-09-25,telephony,3,33.9
2017-09-25,toys,11,2016.73
2017-09-25,watches_gifts,9,1279.79
2017-09-26,air_conditioning,1,199.0
2017-09-26,audio,2,118.80000000000001
2017-09-26,auto,2,291.82
2017-09-26,baby,11,1279.33
2017-09-26,bed_bath_table,16,1926.9
2017-09-26,computers_accessories,7,496.75
2017-09-26,consoles_games,4,1542.71
2017-09-26,cool_stuff,9,1170.58
2017-09-26,electronics,2,85.9
2017-09-26,fashion_bags_accessories,4,365.9
2017-09-26,fashion_shoes,1,84.9
2017-09-26,fashion_sport,1,225.0
2017-09-26,furniture_bedroom,1,159.9
2017-09-26,furniture_decor,18,1136.71
2017-09-26,garden_tools,12,1088.0900000000001
2017-09-26,health_beauty,16,1329.7700000000002
2017-09-26,home_confort,1,89.9
2017-09-26,housewares,5,518.5
2017-09-26,luggage_accessories,2,129.9
2017-09-26,musical_instruments,2,366.9
2017-09-26,perfumery,10,636.63
2017-09-26,pet_shop,3,274.70000000000005
2017-09-26,small_appliances,3,1281.0
2017-09-26,sports_leisure,17,2022.14
2017-09-26,stationery,3,207.9
2017-09-26,tablets_printing_image,1,99.0
2017-09-26,telephony,9,596.88
2017-09-26,toys,17,1558.8200000000002
2017-09-26,watches_gifts,9,1769.5900000000001
2017-09-27,auto,12,1598.3600000000001
2017-09-27,baby,4,1064.8799999999999
2017-09-27,bed_bath_table,8,1335.3600000000001
2017-09-27,books_general_interest,2,64.9
2017-09-27,computers,1,1599.99
2017-09-27,computers_accessories,14,1893.1000000000008
2017-09-27,consoles_games,5,1433.6900000000003
2017-09-27,cool_stuff,6,571.58
2017-09-27,costruction_tools_garden,2,58.9
2017-09-27,electronics,3,257.9
2017-09-27,fashion_bags_accessories,4,522.1
2017-09-27,fixed_telephony,1,149.95
2017-09-27,food,1,56.97
2017-09-27,furniture_decor,9,826.61
2017-09-27,garden_tools,11,687.9999999999999
2017-09-27,health_beauty,12,1826.6
2017-09-27,home_confort,1,89.9
2017-09-27,home_construction,1,239.9
2017-09-27,housewares,9,748.66
2017-09-27,luggage_accessories,1,54.9
2017-09-27,office_furniture,5,599.94
2017-09-27,perfumery,2,141.98
2017-09-27,pet_shop,1,110.0
2017-09-27,sports_leisure,18,1741.4
2017-09-27,stationery,4,205.79
2017-09-27,telephony,4,76.69
2017-09-27,toys,13,1466.57
2017-09-27,watches_gifts,12,856.9499999999999
2017-09-28,air_conditioning,1,719.99
2017-09-28,auto,6,1719.78
2017-09-28,baby,10,643.46
2017-09-28,bed_bath_table,14,1132.6100000000001
2017-09-28,books_general_interest,1,43.3
2017-09-28,computers,1,1599.99
2017-09-28,computers_accessories,8,379.38
2017-09-28,consoles_games,3,89.80000000000001
2017-09-28,construction_tools_construction,2,59.8
2017-09-28,construction_tools_safety,1,379.94
2017-09-28,cool_stuff,11,1962.8700000000003
2017-09-28,electronics,1,39.0
2017-09-28,fashion_bags_accessories,2,447.0
2017-09-28,fashion_male_clothing,3,359.70000000000005
2017-09-28,fashion_sport,4,159.6
2017-09-28,fashion_underwear_beach,2,262.9
2017-09-28,furniture_decor,6,466.43
2017-09-28,furniture_living_room,1,329.9
2017-09-28,garden_tools,3,148.79
2017-09-28,health_beauty,19,3178.3299999999995
2017-09-28,home_confort,1,179.0
2017-09-28,housewares,10,1385.57
2017-09-28,industry_commerce_and_business,1,109.99
2017-09-28,luggage_accessories,2,158.8
2017-09-28,musical_instruments,4,1679.6
2017-09-28,office_furniture,1,169.99
2017-09-28,perfumery,3,622.1500000000001
2017-09-28,pet_shop,1,15.0
2017-09-28,small_appliances,1,489.9
2017-09-28,sports_leisure,11,1174.5
2017-09-28,stationery,3,281.8
2017-09-28,telephony,3,540.6
2017-09-28,toys,10,742.17
2017-09-28,watches_gifts,12,1275.49
2017-09-29,audio,1,119.9
2017-09-29,auto,7,1850.89
2017-09-29,baby,2,129.9
2017-09-29,bed_bath_table,16,1755.98
2017-09-29,computers_accessories,6,753.99
2017-09-29,consoles_games,3,55.79
2017-09-29,cool_stuff,8,1974.6700000000003
2017-09-29,electronics,3,71.69999999999999
2017-09-29,fashion_bags_accessories,4,552.99
2017-09-29,fixed_telephony,8,13440.0
2017-09-29,furniture_decor,4,326.3
2017-09-29,garden_tools,5,378.6
2017-09-29,health_beauty,5,684.89
2017-09-29,home_appliances,1,34.9
2017-09-29,home_confort,2,58.0
2017-09-29,home_construction,1,91.0
2017-09-29,housewares,4,654.9
2017-09-29,luggage_accessories,1,45.6
2017-09-29,market_place,1,59.9
2017-09-29,office_furniture,3,499.88
2017-09-29,perfumery,2,141.98
2017-09-29,pet_shop,1,42.99
2017-09-29,signaling_and_security,1,116.0
2017-09-29,small_appliances,1,193.0
2017-09-29,sports_leisure,9,771.37
2017-09-29,stationery,3,387.9
2017-09-29,telephony,9,982.87
2017-09-29,toys,12,1099.31
2017-09-29,watches_gifts,4,1100.5
2017-09-30,art,1,39.9
2017-09-30,auto,3,265.38
2017-09-30,baby,5,385.78
2017-09-30,bed_bath_table,6,429.56999999999994
2017-09-30,books_technical,1,109.0
2017-09-30,computers,1,1599.99
2017-09-30,computers_accessories,5,520.68
2017-09-30,consoles_games,4,341.78
2017-09-30,cool_stuff,3,391.89
2017-09-30,electronics,3,67.69999999999999
2017-09-30,fashion_bags_accessories,7,308.48
2017-09-30,fashion_childrens_clothes,1,89.99
2017-09-30,food,1,56.97
2017-09-30,furniture_decor,6,561.2399999999999
2017-09-30,furniture_living_room,1,179.99
2017-09-30,garden_tools,9,777.39
2017-09-30,health_beauty,5,546.97
2017-09-30,home_appliances,1,129.99
2017-09-30,housewares,12,847.79
2017-09-30,musical_instruments,1,895.0
2017-09-30,perfumery,5,628.21
2017-09-30,pet_shop,2,57.9
2017-09-30,small_appliances,1,17.8
2017-09-30,sports_leisure,19,1374.23
2017-09-30,stationery,1,84.9
2017-09-30,telephony,2,32.989999999999995
2017-09-30,toys,9,753.1899999999999
2017-09-30,watches_gifts,1,159.9
2017-10-01,auto,4,871.1999999999999
2017-10-01,baby,2,343.89
2017-10-01,bed_bath_table,19,2153.95
2017-10-01,books_general_interest,4,180.0
2017-10-01,books_technical,1,35.0
2017-10-01,computers,1,1599.99
2017-10-01,computers_accessories,4,148.9
2017-10-01,consoles_games,1,19.9
2017-10-01,construction_tools_safety,1,140.89
2017-10-01,cool_stuff,7,475.39
2017-10-01,electronics,2,48.8
2017-10-01,fashion_bags_accessories,1,29.99
2017-10-01,food,2,206.87
2017-10-01,furniture_decor,8,604.1999999999999
2017-10-01,garden_tools,12,2728.9900000000007
2017-10-01,health_beauty,7,736.97
2017-10-01,home_confort,1,229.0
2017-10-01,housewares,3,338.38
2017-10-01,office_furniture,2,511.89
2017-10-01,perfumery,6,590.87
2017-10-01,pet_shop,5,360.85
2017-10-01,signaling_and_security,1,116.0
2017-10-01,sports_leisure,14,1086.08
2017-10-01,stationery,6,604.9
2017-10-01,telephony,5,207.68
2017-10-01,toys,13,1602.92
2017-10-01,watches_gifts,8,2084.98
2017-10-02,audio,1,98.9
2017-10-02,auto,3,139.8
2017-10-02,baby,9,997.73
2017-10-02,bed_bath_table,17,1172.2600000000002
2017-10-02,computers,1,1599.99
2017-10-02,computers_accessories,5,779.06
2017-10-02,consoles_games,5,169.59
2017-10-02,construction_tools_construction,1,169.0
2017-10-02,cool_stuff,7,1442.76
2017-10-02,costruction_tools_tools,1,729.0
2017-10-02,dvds_blu_ray,1,24.9
2017-10-02,electronics,1,54.9
2017-10-02,fashion_bags_accessories,2,119.9
2017-10-02,furniture_decor,4,504.89
2017-10-02,garden_tools,13,995.8999999999999
2017-10-02,health_beauty,8,1339.67
2017-10-02,home_appliances,2,144.8
2017-10-02,home_construction,1,39.83
2017-10-02,housewares,10,679.3299999999998
2017-10-02,la_cuisine,1,137.0
2017-10-02,luggage_accessories,1,89.99
2017-10-02,office_furniture,12,2199.88
2017-10-02,perfumery,7,758.77
2017-10-02,signaling_and_security,1,116.0
2017-10-02,small_appliances,1,845.0
2017-10-02,sports_leisure,24,2138.2100000000005
2017-10-02,stationery,3,197.0
2017-10-02,telephony,7,858.25
2017-10-02,toys,8,1324.67
2017-10-02,watches_gifts,7,1683.6799999999998
2017-10-03,auto,10,2277.88
2017-10-03,baby,6,818.18
2017-10-03,bed_bath_table,22,1564.2300000000002
2017-10-03,books_technical,1,49.0
2017-10-03,computers,1,1599.99
2017-10-03,computers_accessories,9,579.4899999999999
2017-10-03,consoles_games,1,89.99
2017-10-03,construction_tools_safety,1,122.9
2017-10-03,cool_stuff,4,687.89
2017-10-03,costruction_tools_garden,1,39.9
2017-10-03,electronics,2,38.8
2017-10-03,fashion_bags_accessories,4,184.5
2017-10-03,fashion_male_clothing,4,397.6
2017-10-03,fashion_underwear_beach,1,49.9
2017-10-03,fixed_telephony,1,1156.99
2017-10-03,furniture_bedroom,1,254.0
2017-10-03,furniture_decor,17,932.1799999999998
2017-10-03,garden_tools,14,1174.19
2017-10-03,health_beauty,12,2001.6299999999999
2017-10-03,home_confort,1,179.0
2017-10-03,housewares,6,218.4
2017-10-03,kitchen_dining_laundry_garden_furniture,3,168.0
2017-10-03,luggage_accessories,4,577.69
2017-10-03,musical_instruments,1,69.9
2017-10-03,office_furniture,2,404.89
2017-10-03,perfumery,8,833.6800000000001
2017-10-03,pet_shop,3,186.8
2017-10-03,small_appliances,2,155.9
2017-10-03,sports_leisure,20,1781.0300000000002
2017-10-03,stationery,2,228.0
2017-10-03,telephony,11,825.7699999999999
2017-10-03,toys,28,3470.3100000000004
2017-10-03,watches_gifts,7,2192.88
2017-10-04,audio,1,19.9
2017-10-04,auto,3,391.32
2017-10-04,baby,4,478.78999999999996
2017-10-04,bed_bath_table,12,1099.3600000000001
2017-10-04,christmas_supplies,1,8.68
2017-10-04,computers_accessories,11,2005.6600000000005
2017-10-04,consoles_games,5,221.70000000000002
2017-10-04,construction_tools_construction,1,32.0
2017-10-04,construction_tools_safety,1,109.9
2017-10-04,cool_stuff,13,2279.23
2017-10-04,electronics,2,98.98
2017-10-04,fashion_bags_accessories,6,246.06000000000003
2017-10-04,fashion_shoes,1,199.7
2017-10-04,food,1,56.97
2017-10-04,food_drink,1,42.0
2017-10-04,furniture_decor,10,849.4999999999999
2017-10-04,furniture_living_room,3,233.88
2017-10-04,garden_tools,17,2647.7900000000004
2017-10-04,health_beauty,11,607.43
2017-10-04,home_appliances_2,1,599.5
2017-10-04,home_confort,2,428.0
2017-10-04,housewares,7,415.49999999999994
2017-10-04,luggage_accessories,2,171.3
2017-10-04,office_furniture,2,224.92000000000002
2017-10-04,perfumery,5,628.89
2017-10-04,pet_shop,1,59.9
2017-10-04,signaling_and_security,1,116.0
2017-10-04,small_appliances,1,10.0
2017-10-04,sports_leisure,11,1872.6700000000003
2017-10-04,stationery,3,207.3
2017-10-04,tablets_printing_image,1,99.0
2017-10-04,telephony,9,1013.8
2017-10-04,toys,13,1277.78
2017-10-04,watches_gifts,5,1376.79
2017-10-05,agro_industry_and_commerce,1,35.0
2017-10-05,art,1,40.0
2017-10-05,auto,5,407.78999999999996
2017-10-05,baby,2,109.9
2017-10-05,bed_bath_table,17,2084.82
2017-10-05,books_general_interest,1,108.9
2017-10-05,computers,3,6199.969999999999
2017-10-05,computers_accessories,15,1940.7800000000002
2017-10-05,construction_tools_construction,1,41.4
2017-10-05,cool_stuff,6,569.86
2017-10-05,costruction_tools_garden,1,39.9
2017-10-05,fashion_bags_accessories,1,49.0
2017-10-05,furniture_decor,9,942.4
2017-10-05,furniture_living_room,2,85.8
2017-10-05,garden_tools,8,479.19999999999993
2017-10-05,health_beauty,12,1469.42
2017-10-05,home_confort,2,369.79999999999995
2017-10-05,housewares,2,94.88000000000001
2017-10-05,kitchen_dining_laundry_garden_furniture,2,163.8
2017-10-05,luggage_accessories,2,160.8
2017-10-05,market_place,1,62.8
2017-10-05,office_furniture,2,239.87
2017-10-05,perfumery,8,362.65999999999997
2017-10-05,pet_shop,7,1439.4
2017-10-05,sports_leisure,18,3012.65
2017-10-05,stationery,4,418.79999999999995
2017-10-05,telephony,5,444.78
2017-10-05,toys,13,985.6599999999999
2017-10-05,watches_gifts,12,1301.5900000000001
2017-10-06,air_conditioning,4,890.52
2017-10-06,audio,2,35.8
2017-10-06,auto,3,372.0
2017-10-06,baby,3,277.76
2017-10-06,bed_bath_table,14,856.2
2017-10-06,computers_accessories,3,123.7
2017-10-06,consoles_games,1,139.99
2017-10-06,construction_tools_construction,1,109.9
2017-10-06,construction_tools_safety,4,563.56
2017-10-06,cool_stuff,8,2109.77
2017-10-06,electronics,1,19.9
2017-10-06,fashion_bags_accessories,3,140.9
2017-10-06,food,2,113.94
2017-10-06,food_drink,2,104.0
2017-10-06,furniture_bedroom,1,179.9
2017-10-06,furniture_decor,9,621.4
2017-10-06,garden_tools,10,1045.1
2017-10-06,health_beauty,12,1461.9
2017-10-06,home_construction,3,197.70000000000002
2017-10-06,housewares,10,814.16
2017-10-06,industry_commerce_and_business,1,1699.99
2017-10-06,luggage_accessories,4,466.7
2017-10-06,perfumery,2,79.89
2017-10-06,pet_shop,2,254.9
2017-10-06,sports_leisure,18,1718.1500000000003
2017-10-06,stationery,4,172.01999999999998
2017-10-06,telephony,2,52.89
2017-10-06,toys,11,1144.9699999999998
2017-10-06,watches_gifts,6,859.6
2017-10-07,audio,1,98.9
2017-10-07,auto,3,769.48
2017-10-07,baby,2,328.99
2017-10-07,bed_bath_table,8,431.48
2017-10-07,christmas_supplies,1,116.9
2017-10-07,computers,1,1599.99
2017-10-07,computers_accessories,11,2359.7999999999997
2017-10-07,consoles_games,2,169.99
2017-10-07,construction_tools_construction,1,112.0
2017-10-07,cool_stuff,8,824.66
2017-10-07,drinks,1,65.0
2017-10-07,electronics,2,73.8
2017-10-07,fashion_bags_accessories,3,298.98
2017-10-07,food,1,56.97
2017-10-07,food_drink,1,18.6
2017-10-07,furniture_decor,9,1185.1100000000001
2017-10-07,garden_tools,7,938.4899999999999
2017-10-07,health_beauty,8,1158.67
2017-10-07,home_confort,1,229.0
2017-10-07,housewares,8,730.79
2017-10-07,luggage_accessories,2,169.3
2017-10-07,office_furniture,1,159.94
2017-10-07,perfumery,1,53.99
2017-10-07,pet_shop,2,594.8
2017-10-07,small_appliances,1,68.7
2017-10-07,sports_leisure,5,415.5
2017-10-07,telephony,8,346.56000000000006
2017-10-07,toys,5,638.79
2017-10-07,watches_gifts,7,525.88
2017-10-08,art,1,189.05
2017-10-08,auto,6,1438.8200000000002
2017-10-08,baby,6,558.37
2017-10-08,bed_bath_table,7,564.79
2017-10-08,computers_accessories,8,447.97
2017-10-08,construction_tools_safety,1,21.9
2017-10-08,cool_stuff,4,589.78
2017-10-08,costruction_tools_tools,1,29.9
2017-10-08,fashion_bags_accessories,4,217.88
2017-10-08,fashion_childrens_clothes,1,39.99
2017-10-08,fixed_telephony,1,34.9
2017-10-08,food,1,56.97
2017-10-08,food_drink,1,52.0
2017-10-08,furniture_decor,9,715.27
2017-10-08,garden_tools,11,1006.2899999999998
2017-10-08,health_beauty,11,1061.3999999999999
2017-10-08,home_construction,1,452.6
2017-10-08,housewares,5,377.79999999999995
2017-10-08,luggage_accessories,1,84.9
2017-10-08,musical_instruments,1,34.99
2017-10-08,perfumery,2,286.0
2017-10-08,pet_shop,5,751.9
2017-10-08,signaling_and_security,1,116.0
2017-10-08,small_appliances,1,193.0
2017-10-08,sports_leisure,20,2397.8500000000004
2017-10-08,telephony,6,787.97
2017-10-08,toys,8,535.9399999999999
2017-10-08,watches_gifts,10,3306.78
2017-10-09,art,1,120.0
2017-10-09,audio,3,248.70000000000002
2017-10-09,auto,5,970.45
2017-10-09,baby,8,755.48
2017-10-09,bed_bath_table,19,1917.1000000000004
2017-10-09,christmas_supplies,2,76.83
2017-10-09,computers,2,1460.0
2017-10-09,computers_accessories,9,1177.17
2017-10-09,consoles_games,4,303.39
2017-10-09,construction_tools_construction,1,499.0
2017-10-09,cool_stuff,12,1899.63
2017-10-09,costruction_tools_tools,1,29.9
2017-10-09,fashion_bags_accessories,4,387.79999999999995
2017-10-09,food_drink,1,52.0
2017-10-09,furniture_bedroom,1,510.0
2017-10-09,furniture_decor,10,852.0899999999999
2017-10-09,furniture_living_room,2,359.0
2017-10-09,garden_tools,14,1145.1000000000001
2017-10-09,health_beauty,12,1870.69
2017-10-09,home_appliances,1,699.0
2017-10-09,home_confort,2,358.9
2017-10-09,home_construction,2,179.98
2017-10-09,housewares,23,965.5999999999999
2017-10-09,luggage_accessories,1,147.9
2017-10-09,musical_instruments,1,565.0
2017-10-09,office_furniture,4,879.68
2017-10-09,perfumery,11,922.3100000000001
2017-10-09,pet_shop,1,89.9
2017-10-09,small_appliances,4,583.69
2017-10-09,sports_leisure,22,2037.9600000000005
2017-10-09,stationery,1,79.0
2017-10-09,telephony,15,812.41
2017-10-09,toys,10,1746.0500000000002
2017-10-09,watches_gifts,7,1399.78
2017-10-10,agro_industry_and_commerce,1,22.0
2017-10-10,audio,2,144.8
2017-10-10,auto,6,1176.45
2017-10-10,baby,5,458.9
2017-10-10,bed_bath_table,21,1171.1200000000001
2017-10-10,computers,2,4436.99
2017-10-10,computers_accessories,13,1494.04
2017-10-10,consoles_games,4,275.21999999999997
2017-10-10,construction_tools_construction,1,169.0
2017-10-10,cool_stuff,13,1420.44
2017-10-10,drinks,1,33.0
2017-10-10,electronics,2,489.79999999999995
2017-10-10,fashion_bags_accessories,3,128.6
2017-10-10,fashion_male_clothing,1,139.9
2017-10-10,fashion_sport,1,59.9
2017-10-10,food,1,56.97
2017-10-10,food_drink,1,69.99
2017-10-10,furniture_decor,9,829.05
2017-10-10,furniture_living_room,1,139.9
2017-10-10,garden_tools,5,249.5
2017-10-10,health_beauty,11,1456.3700000000001
2017-10-10,home_appliances_2,1,229.99
2017-10-10,home_confort,1,89.9
2017-10-10,home_construction,1,120.0
2017-10-10,housewares,2,69.9
2017-10-10,luggage_accessories,4,250.60000000000002
2017-10-10,musical_instruments,1,59.9
2017-10-10,perfumery,7,856.02
2017-10-10,pet_shop,5,733.79
2017-10-10,sports_leisure,30,2564.390000000001
2017-10-10,stationery,3,113.8
2017-10-10,telephony,8,649.6899999999999
2017-10-10,toys,17,1342.3600000000001
2017-10-10,watches_gifts,11,5037.4400000000005
2017-10-11,auto,5,643.8599999999999
2017-10-11,baby,5,335.77
2017-10-11,bed_bath_table,17,1300.6700000000003
2017-10-11,books_general_interest,1,22.9
2017-10-11,computers,1,1340.0
2017-10-11,computers_accessories,16,1646.4799999999998
2017-10-11,consoles_games,2,703.0
2017-10-11,construction_tools_construction,1,56.9
2017-10-11,cool_stuff,5,1318.96
2017-10-11,costruction_tools_garden,1,53.9
2017-10-11,electronics,2,38.8
2017-10-11,fashion_bags_accessories,3,248.8
2017-10-11,fashion_male_clothing,1,147.5
2017-10-11,furniture_decor,11,838.8499999999999
2017-10-11,garden_tools,6,398.49999999999994
2017-10-11,health_beauty,15,1028.8100000000002
2017-10-11,home_confort,3,45.8
2017-10-11,housewares,6,300.79
2017-10-11,luggage_accessories,2,312.9
2017-10-11,market_place,3,361.03
2017-10-11,office_furniture,1,159.99
2017-10-11,perfumery,4,282.78
2017-10-11,pet_shop,2,119.88999999999999
2017-10-11,signaling_and_security,1,146.0
2017-10-11,small_appliances,1,68.7
2017-10-11,sports_leisure,14,1153.77
2017-10-11,stationery,4,247.89000000000001
2017-10-11,telephony,11,932.65
2017-10-11,toys,13,2365.94
2017-10-11,watches_gifts,13,2021.4700000000003
2017-10-12,air_conditioning,1,269.9
2017-10-12,audio,2,165.89
2017-10-12,auto,9,762.0999999999999
2017-10-12,baby,8,656.45
2017-10-12,bed_bath_table,10,1196.3
2017-10-12,computers_accessories,3,227.54000000000002
2017-10-12,consoles_games,6,214.69
2017-10-12,construction_tools_lights,1,250.0
2017-10-12,cool_stuff,5,740.6800000000001
2017-10-12,costruction_tools_tools,1,199.9
2017-10-12,dvds_blu_ray,1,109.9
2017-10-12,electronics,1,30.0
2017-10-12,fashion_bags_accessories,3,227.0
2017-10-12,fashion_male_clothing,1,139.9
2017-10-12,furniture_decor,10,823.7399999999999
2017-10-12,furniture_living_room,2,159.8
2017-10-12,garden_tools,8,565.9399999999999
2017-10-12,health_beauty,9,683.76
2017-10-12,home_confort,1,89.9
2017-10-12,home_construction,1,424.2
2017-10-12,housewares,4,354.89
2017-10-12,luggage_accessories,4,617.8
2017-10-12,office_furniture,10,1701.8500000000001
2017-10-12,perfumery,8,744.85
2017-10-12,pet_shop,3,437.89
2017-10-12,small_appliances,1,895.0
2017-10-12,sports_leisure,7,698.27
2017-10-12,stationery,2,62.89
2017-10-12,telephony,6,325.59000000000003
2017-10-12,toys,10,1103.58
2017-10-12,watches_gifts,11,2986.57
2017-10-13,auto,7,669.0
2017-10-13,baby,10,1118.55
2017-10-13,bed_bath_table,14,1211.39
2017-10-13,books_general_interest,1,38.9
2017-10-13,computers_accessories,16,1661.4
2017-10-13,consoles_games,4,1152.89
2017-10-13,construction_tools_construction,4,884.79
2017-10-13,cool_stuff,8,1610.8899999999999
2017-10-13,electronics,2,114.8
2017-10-13,fashion_bags_accessories,5,1076.69
2017-10-13,fashion_shoes,1,84.9
2017-10-13,fixed_telephony,1,1380.0
2017-10-13,furniture_decor,10,1527.23
2017-10-13,garden_tools,6,599.5799999999999
2017-10-13,health_beauty,7,1161.13
2017-10-13,home_confort,2,260.0
2017-10-13,housewares,3,167.70000000000002
2017-10-13,industry_commerce_and_business,2,448.9
2017-10-13,market_place,1,35.9
2017-10-13,musical_instruments,1,79.9
2017-10-13,office_furniture,3,476.97
2017-10-13,perfumery,5,486.99
2017-10-13,pet_shop,2,199.8
2017-10-13,sports_leisure,12,1231.68
2017-10-13,stationery,3,289.8
2017-10-13,telephony,8,274.57
2017-10-13,toys,14,1835.27
2017-10-13,watches_gifts,9,1942.77
2017-10-14,auto,5,527.5899999999999
2017-10-14,baby,2,168.89
2017-10-14,bed_bath_table,10,966.1599999999999
2017-10-14,computers_accessories,9,1549.1600000000003
2017-10-14,consoles_games,5,177.51000000000002
2017-10-14,cool_stuff,8,2023.5800000000002
2017-10-14,drinks,1,33.0
2017-10-14,electronics,2,39.8
2017-10-14,fashion_bags_accessories,6,298.68
2017-10-14,fashion_shoes,1,84.9
2017-10-14,furniture_decor,18,1139.2699999999998
2017-10-14,garden_tools,1,60.0
2017-10-14,health_beauty,6,472.65999999999997
2017-10-14,home_construction,1,978.0
2017-10-14,housewares,10,554.89
2017-10-14,market_place,1,32.99
2017-10-14,office_furniture,2,393.98
2017-10-14,party_supplies,1,67.9
2017-10-14,perfumery,6,413.86
2017-10-14,small_appliances,1,20.59
2017-10-14,sports_leisure,9,1024.17
2017-10-14,stationery,1,59.0
2017-10-14,telephony,5,168.78
2017-10-14,toys,6,676.95
2017-10-14,watches_gifts,6,668.68
2017-10-15,air_conditioning,3,875.0
2017-10-15,audio,1,89.0
2017-10-15,auto,4,663.0
2017-10-15,baby,1,50.0
2017-10-15,bed_bath_table,29,2149.540000000001
2017-10-15,computers,1,1437.0
2017-10-15,computers_accessories,5,2503.69
2017-10-15,consoles_games,3,79.69999999999999
2017-10-15,cool_stuff,10,1214.68
2017-10-15,electronics,1,69.9
2017-10-15,fashion_bags_accessories,3,467.89
2017-10-15,fashion_shoes,1,119.4
2017-10-15,fixed_telephony,1,799.99
2017-10-15,furniture_decor,8,814.79
2017-10-15,garden_tools,5,377.7
2017-10-15,health_beauty,8,1454.4900000000002
2017-10-15,home_construction,2,160.0
2017-10-15,housewares,11,812.1999999999999
2017-10-15,musical_instruments,1,39.9
2017-10-15,office_furniture,1,112.99
2017-10-15,perfumery,3,142.88
2017-10-15,pet_shop,1,19.99
2017-10-15,small_appliances,4,594.6
2017-10-15,sports_leisure,11,1655.95
2017-10-15,stationery,1,79.0
2017-10-15,telephony,4,412.40999999999997
2017-10-15,toys,1,38.89
2017-10-15,watches_gifts,7,1013.69
2017-10-16,audio,4,389.6
2017-10-16,auto,5,1812.0900000000001
2017-10-16,baby,8,922.83
2017-10-16,bed_bath_table,19,2175.2000000000003
2017-10-16,christmas_supplies,1,59.9
2017-10-16,computers,2,2167.0
2017-10-16,computers_accessories,11,1270.45
2017-10-16,consoles_games,2,1042.99
2017-10-16,cool_stuff,13,3157.65
2017-10-16,electronics,4,355.89
2017-10-16,fashion_bags_accessories,2,225.89000000000001
2017-10-16,fashion_shoes,4,419.4
2017-10-16,food_drink,1,215.56
2017-10-16,furniture_decor,18,845.53
2017-10-16,garden_tools,12,750.4399999999999
2017-10-16,health_beauty,22,2532.8399999999997
2017-10-16,home_comfort_2,1,12.9
2017-10-16,housewares,5,587.59
2017-10-16,kitchen_dining_laundry_garden_furniture,1,279.0
2017-10-16,luggage_accessories,1,299.9
2017-10-16,market_place,1,109.9
2017-10-16,music,1,54.9
2017-10-16,musical_instruments,1,59.9
2017-10-16,office_furniture,4,669.96
2017-10-16,perfumery,6,504.87
2017-10-16,pet_shop,4,221.70000000000002
2017-10-16,signaling_and_security,4,18.0
2017-10-16,small_appliances,1,193.0
2017-10-16,sports_leisure,19,1916.2700000000002
2017-10-16,stationery,1,14.99
2017-10-16,telephony,10,1309.69
2017-10-16,toys,9,1039.56
2017-10-16,watches_gifts,21,4404.59
2017-10-17,agro_industry_and_commerce,1,849.98
2017-10-17,audio,1,19.9
2017-10-17,auto,13,968.08
2017-10-17,baby,9,1508.74
2017-10-17,bed_bath_table,32,2298.7200000000007
2017-10-17,books_general_interest,1,115.0
2017-10-17,computers_accessories,25,2967.29
2017-10-17,consoles_games,5,1164.5900000000001
2017-10-17,construction_tools_safety,1,149.9
2017-10-17,cool_stuff,9,2199.4800000000005
2017-10-17,costruction_tools_garden,1,33.6
2017-10-17,costruction_tools_tools,1,29.9
2017-10-17,drinks,3,195.0
2017-10-17,electronics,6,258.64
2017-10-17,fashion_bags_accessories,4,188.9
2017-10-17,food_drink,1,215.56
2017-10-17,furniture_decor,22,1554.1900000000003
2017-10-17,furniture_living_room,5,284.63
2017-10-17,garden_tools,9,585.16
2017-10-17,health_beauty,13,2810.66
2017-10-17,home_appliances_2,1,497.0
2017-10-17,home_comfort_2,1,12.9
2017-10-17,home_confort,2,77.0
2017-10-17,home_construction,1,241.0
2017-10-17,housewares,11,1140.0900000000001
2017-10-17,industry_commerce_and_business,1,27.9
2017-10-17,luggage_accessories,1,294.99
2017-10-17,musical_instruments,2,127.9
2017-10-17,office_furniture,5,1365.87
2017-10-17,perfumery,7,495.67
2017-10-17,pet_shop,6,397.79999999999995
2017-10-17,sports_leisure,18,1711.7200000000003
2017-10-17,stationery,1,79.0
2017-10-17,telephony,8,468.06
2017-10-17,toys,5,410.89
2017-10-17,watches_gifts,19,3600.170000000001
2017-10-18,air_conditioning,2,158.0
2017-10-18,auto,9,1636.5700000000002
2017-10-18,baby,7,408.77
2017-10-18,bed_bath_table,19,1253.8600000000001
2017-10-18,books_general_interest,1,108.9
2017-10-18,cine_photo,1,69.0
2017-10-18,computers_accessories,6,726.68
2017-10-18,consoles_games,4,368.78999999999996
2017-10-18,cool_stuff,11,1195.1799999999998
2017-10-18,costruction_tools_garden,1,24.0
2017-10-18,drinks,2,66.0
2017-10-18,electronics,3,536.99
2017-10-18,fashion_bags_accessories,12,822.48
2017-10-18,fashion_shoes,1,27.0
2017-10-18,food,1,56.97
2017-10-18,furniture_decor,17,1097.69
2017-10-18,garden_tools,5,252.42000000000002
2017-10-18,health_beauty,14,1800.2600000000002
2017-10-18,home_appliances,1,129.99
2017-10-18,home_confort,2,316.0
2017-10-18,housewares,7,246.20000000000005
2017-10-18,luggage_accessories,4,342.6
2017-10-18,musical_instruments,1,799.0
2017-10-18,office_furniture,3,461.92
2017-10-18,perfumery,6,386.57000000000005
2017-10-18,pet_shop,2,239.94
2017-10-18,small_appliances,1,895.0
2017-10-18,sports_leisure,25,2569.08
2017-10-18,stationery,6,442.78999999999996
2017-10-18,telephony,17,2107.88
2017-10-18,toys,17,2504.18
2017-10-18,watches_gifts,13,2938.09
2017-10-19,audio,1,19.9
2017-10-19,auto,3,525.98
2017-10-19,baby,3,293.89
2017-10-19,bed_bath_table,26,2207.3000000000006
2017-10-19,computers_accessories,10,1355.25
2017-10-19,consoles_games,3,413.79999999999995
2017-10-19,construction_tools_safety,1,199.9
2017-10-19,cool_stuff,8,1676.99
2017-10-19,electronics,1,54.9
2017-10-19,fashion_bags_accessories,2,310.0
2017-10-19,fashion_shoes,1,84.9
2017-10-19,furniture_decor,10,1000.1
2017-10-19,garden_tools,10,716.6899999999999
2017-10-19,health_beauty,20,1782.5100000000004
2017-10-19,home_appliances,1,34.9
2017-10-19,home_confort,3,448.79999999999995
2017-10-19,housewares,12,800.65
2017-10-19,luggage_accessories,3,253.70000000000002
2017-10-19,musical_instruments,1,34.99
2017-10-19,office_furniture,5,893.95
2017-10-19,perfumery,7,536.51
2017-10-19,small_appliances,2,149.8
2017-10-19,sports_leisure,17,2057.8200000000006
2017-10-19,stationery,6,478.4
2017-10-19,telephony,10,600.0400000000001
2017-10-19,toys,6,1077.79
2017-10-19,watches_gifts,16,4889.219999999999
2017-10-20,auto,4,696.9
2017-10-20,baby,2,557.0
2017-10-20,bed_bath_table,13,804.21
2017-10-20,books_technical,1,70.0
2017-10-20,computers_accessories,3,389.97
2017-10-20,consoles_games,5,289.77
2017-10-20,construction_tools_safety,1,160.0
2017-10-20,cool_stuff,10,1566.6599999999999
2017-10-20,electronics,1,38.99
2017-10-20,fixed_telephony,2,278.0
2017-10-20,food_drink,2,431.12
2017-10-20,furniture_decor,9,984.9899999999999
2017-10-20,garden_tools,5,378.7
2017-10-20,health_beauty,7,941.87
2017-10-20,home_appliances,1,699.0
2017-10-20,home_appliances_2,1,209.99
2017-10-20,home_confort,1,89.9
2017-10-20,housewares,2,635.99
2017-10-20,kitchen_dining_laundry_garden_furniture,1,228.0
2017-10-20,luggage_accessories,4,337.6
2017-10-20,musical_instruments,3,1561.99
2017-10-20,office_furniture,2,336.98
2017-10-20,perfumery,11,1204.45
2017-10-20,pet_shop,4,301.89
2017-10-20,sports_leisure,7,1146.1999999999998
2017-10-20,stationery,5,606.26
2017-10-20,telephony,10,509.16999999999996
2017-10-20,toys,4,833.75
2017-10-20,watches_gifts,7,2150.6000000000004
2017-10-21,air_conditioning,2,369.0
2017-10-21,audio,2,219.8
2017-10-21,auto,1,139.0
2017-10-21,baby,1,169.9
2017-10-21,bed_bath_table,8,450.46000000000004
2017-10-21,computers_accessories,10,1206.52
2017-10-21,consoles_games,3,239.79000000000002
2017-10-21,cool_stuff,7,1192.57
2017-10-21,fashion_bags_accessories,3,152.69
2017-10-21,fashion_shoes,2,169.8
2017-10-21,fixed_telephony,1,102.0
2017-10-21,food_drink,1,215.56
2017-10-21,furniture_decor,9,1759.78
2017-10-21,furniture_living_room,2,49.98
2017-10-21,garden_tools,10,1107.4
2017-10-21,health_beauty,13,2187.02
2017-10-21,home_construction,1,346.32
2017-10-21,housewares,5,405.7
2017-10-21,luggage_accessories,1,84.9
2017-10-21,musical_instruments,1,23.99
2017-10-21,office_furniture,1,114.99
2017-10-21,perfumery,5,225.59000000000003
2017-10-21,pet_shop,1,56.85
2017-10-21,small_appliances,2,102.74
2017-10-21,sports_leisure,6,886.5
2017-10-21,stationery,4,189.88
2017-10-21,telephony,3,76.97
2017-10-21,toys,4,332.29
2017-10-21,watches_gifts,9,1754.8700000000001
2017-10-22,audio,1,89.0
2017-10-22,auto,3,220.89000000000001
2017-10-22,baby,5,882.6999999999999
2017-10-22,bed_bath_table,23,2310.71
2017-10-22,computers,1,1437.0
2017-10-22,computers_accessories,5,207.73
2017-10-22,consoles_games,5,564.8499999999999
2017-10-22,construction_tools_construction,1,74.69
2017-10-22,cool_stuff,4,435.78999999999996
2017-10-22,costruction_tools_garden,1,30.0
2017-10-22,fashion_bags_accessories,4,188.89
2017-10-22,fashion_shoes,1,199.7
2017-10-22,food_drink,1,215.56
2017-10-22,furniture_decor,15,1180.2800000000002
2017-10-22,furniture_living_room,1,139.9
2017-10-22,garden_tools,6,518.5899999999999
2017-10-22,health_beauty,13,2013.5200000000004
2017-10-22,home_appliances_2,1,119.99
2017-10-22,home_confort,1,89.9
2017-10-22,housewares,18,811.2200000000001
2017-10-22,kitchen_dining_laundry_garden_furniture,2,334.0
2017-10-22,musical_instruments,1,525.0
2017-10-22,office_furniture,1,269.9
2017-10-22,perfumery,6,322.78000000000003
2017-10-22,pet_shop,3,159.1
2017-10-22,small_appliances,1,72.34
2017-10-22,sports_leisure,18,1814.48
2017-10-22,stationery,1,97.47
2017-10-22,telephony,13,1649.8100000000002
2017-10-22,toys,7,536.59
2017-10-22,watches_gifts,14,1682.9000000000003
2017-10-23,agro_industry_and_commerce,1,44.3
2017-10-23,auto,3,469.0
2017-10-23,baby,2,219.8
2017-10-23,bed_bath_table,24,2054.7000000000003
2017-10-23,books_technical,1,188.0
2017-10-23,computers,1,1437.0
2017-10-23,computers_accessories,13,1872.8300000000004
2017-10-23,consoles_games,3,84.3
2017-10-23,cool_stuff,8,1392.75
2017-10-23,electronics,2,44.8
2017-10-23,fashion_bags_accessories,5,198.0
2017-10-23,furniture_decor,19,1093.41
2017-10-23,garden_tools,6,362.67999999999995
2017-10-23,health_beauty,9,923.48
2017-10-23,home_construction,1,74.99
2017-10-23,housewares,9,755.98
2017-10-23,luggage_accessories,4,191.70000000000002
2017-10-23,musical_instruments,1,301.0
2017-10-23,office_furniture,6,1124.89
2017-10-23,party_supplies,1,69.9
2017-10-23,perfumery,6,869.78
2017-10-23,pet_shop,1,89.9
2017-10-23,sports_leisure,21,1958.0400000000002
2017-10-23,stationery,5,441.97
2017-10-23,telephony,9,208.64000000000001
2017-10-23,toys,7,1083.79
2017-10-23,watches_gifts,11,2137.58
2017-10-24,auto,4,215.79
2017-10-24,baby,2,214.96
2017-10-24,bed_bath_table,23,2029.9200000000008
2017-10-24,cds_dvds_musicals,1,45.0
2017-10-24,computers,1,1437.0
2017-10-24,computers_accessories,22,3249.6500000000005
2017-10-24,consoles_games,6,623.4399999999999
2017-10-24,cool_stuff,9,2215.4800000000005
2017-10-24,electronics,2,48.9
2017-10-24,fashion_bags_accessories,2,189.8
2017-10-24,food,6,122.93999999999998
2017-10-24,food_drink,1,215.56
2017-10-24,furniture_decor,11,557.06
2017-10-24,furniture_living_room,1,79.9
2017-10-24,garden_tools,8,751.5799999999999
2017-10-24,health_beauty,12,917.0699999999999
2017-10-24,home_appliances_2,1,89.9
2017-10-24,housewares,9,560.35
2017-10-24,kitchen_dining_laundry_garden_furniture,1,58.9
2017-10-24,luggage_accessories,3,209.89000000000001
2017-10-24,market_place,1,27.93
2017-10-24,office_furniture,1,78.99
2017-10-24,perfumery,10,1069.77
2017-10-24,pet_shop,7,852.1899999999999
2017-10-24,small_appliances,2,370.0
2017-10-24,sports_leisure,13,1418.0400000000002
2017-10-24,stationery,2,138.9
2017-10-24,telephony,9,775.85
2017-10-24,toys,7,528.77
2017-10-24,watches_gifts,9,2625.77
2017-10-25,audio,2,178.0
2017-10-25,auto,4,304.03
2017-10-25,baby,7,837.79
2017-10-25,bed_bath_table,15,1150.18
2017-10-25,christmas_supplies,1,55.9
2017-10-25,computers_accessories,6,520.51
2017-10-25,consoles_games,5,268.48
2017-10-25,cool_stuff,11,1907.5700000000002
2017-10-25,costruction_tools_garden,2,510.0
2017-10-25,drinks,2,60.49
2017-10-25,electronics,4,106.6
2017-10-25,fashion_bags_accessories,5,295.8
2017-10-25,food_drink,2,431.12
2017-10-25,furniture_decor,7,309.6
2017-10-25,garden_tools,6,470.58
2017-10-25,health_beauty,10,1001.16
2017-10-25,home_appliances,1,129.99
2017-10-25,home_appliances_2,1,159.0
2017-10-25,home_construction,3,986.5500000000001
2017-10-25,housewares,7,642.76
2017-10-25,kitchen_dining_laundry_garden_furniture,2,365.0
2017-10-25,office_furniture,7,1192.83
2017-10-25,perfumery,7,657.6999999999999
2017-10-25,pet_shop,2,93.9
2017-10-25,signaling_and_security,1,116.0
2017-10-25,sports_leisure,18,1668.3100000000004
2017-10-25,stationery,4,293.8
2017-10-25,telephony,8,597.94
2017-10-25,toys,6,898.87
2017-10-25,watches_gifts,13,1186.7
2017-10-26,audio,2,39.8
2017-10-26,auto,5,524.28
2017-10-26,baby,3,249.89000000000001
2017-10-26,bed_bath_table,20,1959.9900000000007
2017-10-26,computers,1,1437.0
2017-10-26,computers_accessories,11,661.5899999999999
2017-10-26,consoles_games,1,38.0
2017-10-26,cool_stuff,9,2214.84
2017-10-26,dvds_blu_ray,1,19.9
2017-10-26,electronics,2,64.9
2017-10-26,fashion_bags_accessories,2,55.2
2017-10-26,furniture_decor,16,1001.4799999999999
2017-10-26,garden_tools,14,1093.3
2017-10-26,health_beauty,16,949.7000000000002
2017-10-26,housewares,4,387.68999999999994
2017-10-26,luggage_accessories,2,145.8
2017-10-26,market_place,1,28.99
2017-10-26,office_furniture,8,1333.92
2017-10-26,perfumery,9,1092.3600000000001
2017-10-26,pet_shop,1,25.9
2017-10-26,small_appliances,2,727.0
2017-10-26,sports_leisure,11,1159.6900000000003
2017-10-26,stationery,6,417.99
2017-10-26,telephony,5,445.97
2017-10-26,toys,9,840.9399999999999
2017-10-26,watches_gifts,9,1963.89
2017-10-27,audio,2,284.9
2017-10-27,auto,4,609.29
2017-10-27,baby,1,48.9
2017-10-27,bed_bath_table,18,1728.9600000000005
2017-10-27,computers,2,2777.0
2017-10-27,computers_accessories,11,3241.15
2017-10-27,consoles_games,1,39.9
2017-10-27,cool_stuff,11,1728.2300000000002
2017-10-27,costruction_tools_garden,1,15.6
2017-10-27,electronics,1,18.9
2017-10-27,fashion_bags_accessories,7,378.49
2017-10-27,food,1,20.49
2017-10-27,food_drink,1,18.6
2017-10-27,furniture_decor,14,970.7999999999998
2017-10-27,garden_tools,5,968.78
2017-10-27,health_beauty,7,798.6800000000001
2017-10-27,home_appliances_2,1,39.9
2017-10-27,housewares,10,718.9900000000001
2017-10-27,luggage_accessories,1,82.9
2017-10-27,market_place,2,360.0
2017-10-27,office_furniture,4,724.94
2017-10-27,perfumery,5,284.17
2017-10-27,pet_shop,1,139.0
2017-10-27,small_appliances,2,90.89
2017-10-27,sports_leisure,9,577.98
2017-10-27,stationery,2,96.99
2017-10-27,telephony,5,357.87
2017-10-27,toys,9,1138.5900000000001
2017-10-27,watches_gifts,17,2057.6899999999996
2017-10-28,agro_industry_and_commerce,1,2399.0
2017-10-28,audio,1,89.0
2017-10-28,auto,3,358.95
2017-10-28,baby,1,39.9
2017-10-28,bed_bath_table,12,982.4699999999999
2017-10-28,computers_accessories,4,410.67999999999995
2017-10-28,consoles_games,4,626.79
2017-10-28,cool_stuff,3,440.97
2017-10-28,fashion_shoes,2,271.52
2017-10-28,furniture_decor,7,740.9999999999999
2017-10-28,garden_tools,7,514.36
2017-10-28,health_beauty,12,1484.24
2017-10-28,home_comfort_2,3,38.7
2017-10-28,housewares,4,199.79000000000002
2017-10-28,kitchen_dining_laundry_garden_furniture,3,1692.0
2017-10-28,musical_instruments,2,2045.9
2017-10-28,office_furniture,1,119.99
2017-10-28,perfumery,4,224.78
2017-10-28,pet_shop,1,29.9
2017-10-28,sports_leisure,3,635.13
2017-10-28,stationery,2,238.0
2017-10-28,telephony,8,1168.97
2017-10-28,toys,5,381.5899999999999
2017-10-28,watches_gifts,2,1199.98
2017-10-29,auto,4,360.61
2017-10-29,baby,4,1135.65
2017-10-29,bed_bath_table,20,1534.8800000000003
2017-10-29,books_technical,1,269.0
2017-10-29,computers,1,1340.0
2017-10-29,computers_accessories,5,519.8
2017-10-29,consoles_games,3,171.88
2017-10-29,construction_tools_safety,1,199.9
2017-10-29,cool_stuff,6,802.77
2017-10-29,dvds_blu_ray,1,19.9
2017-10-29,electronics,2,66.98
2017-10-29,fashion_bags_accessories,7,390.96000000000004
2017-10-29,fashion_underwear_beach,1,27.9
2017-10-29,furniture_decor,21,1347.0800000000002
2017-10-29,garden_tools,16,1171.1799999999998
2017-10-29,health_beauty,17,1676.3600000000004
2017-10-29,housewares,3,158.7
2017-10-29,luggage_accessories,3,601.88
2017-10-29,office_furniture,2,254.93
2017-10-29,perfumery,3,569.39
2017-10-29,pet_shop,1,120.0
2017-10-29,sports_leisure,12,956.4399999999999
2017-10-29,stationery,3,139.41
2017-10-29,telephony,5,603.89
2017-10-29,toys,8,897.4699999999999
2017-10-29,watches_gifts,9,1711.79
2017-10-30,auto,1,94.0
2017-10-30,baby,5,812.79
2017-10-30,bed_bath_table,15,1695.8300000000004
2017-10-30,books_general_interest,1,44.9
2017-10-30,christmas_supplies,6,69.84
2017-10-30,computers,1,1437.0
2017-10-30,computers_accessories,12,2046.8900000000003
2017-10-30,consoles_games,6,472.5
2017-10-30,construction_tools_lights,1,250.0
2017-10-30,cool_stuff,14,2589.129999999999
2017-10-30,drinks,2,144.49
2017-10-30,electronics,6,442.17999999999995
2017-10-30,fashion_shoes,1,29.9
2017-10-30,fashion_underwear_beach,1,110.0
2017-10-30,food,1,56.97
2017-10-30,furniture_decor,13,1255.89
2017-10-30,garden_tools,11,828.3799999999999
2017-10-30,health_beauty,7,629.84
2017-10-30,home_confort,1,229.0
2017-10-30,housewares,5,479.78999999999996
2017-10-30,industry_commerce_and_business,1,79.9
2017-10-30,luggage_accessories,1,299.0
2017-10-30,office_furniture,1,114.94
2017-10-30,perfumery,1,56.99
2017-10-30,pet_shop,1,125.9
2017-10-30,small_appliances,1,40.0
2017-10-30,sports_leisure,14,1519.9499999999998
2017-10-30,stationery,5,805.6999999999999
2017-10-30,telephony,8,930.95
2017-10-30,toys,6,474.59
2017-10-30,watches_gifts,9,1119.3200000000002
2017-10-31,audio,2,96.78999999999999
2017-10-31,auto,4,403.18999999999994
2017-10-31,baby,5,736.3399999999999
2017-10-31,bed_bath_table,19,1530.94
2017-10-31,books_general_interest,1,115.0
2017-10-31,books_technical,1,269.0
2017-10-31,computers,4,5651.0
2017-10-31,computers_accessories,18,2717.5500000000006
2017-10-31,consoles_games,6,253.29
2017-10-31,construction_tools_construction,6,427.4999999999999
2017-10-31,cool_stuff,3,423.97
2017-10-31,electronics,8,219.40000000000003
2017-10-31,fashion_bags_accessories,2,64.89
2017-10-31,fashion_male_clothing,3,147.0
2017-10-31,fashion_shoes,2,169.8
2017-10-31,furniture_decor,16,1130.89
2017-10-31,garden_tools,13,916.2399999999999
2017-10-31,health_beauty,9,284.78
2017-10-31,home_appliances_2,1,159.0
2017-10-31,home_confort,1,89.9
2017-10-31,housewares,8,456.98
2017-10-31,kitchen_dining_laundry_garden_furniture,1,139.9
2017-10-31,luggage_accessories,1,45.6
2017-10-31,office_furniture,9,1364.98
2017-10-31,perfumery,11,932.0
2017-10-31,pet_shop,2,139.8
2017-10-31,small_appliances,1,388.9
2017-10-31,sports_leisure,16,1785.0000000000002
2017-10-31,stationery,6,456.22
2017-10-31,telephony,6,933.68
2017-10-31,toys,4,254.68000000000004
2017-10-31,watches_gifts,4,1048.8899999999999
2017-11-01,air_conditioning,1,75.9
2017-11-01,auto,2,154.2
2017-11-01,baby,5,555.7
2017-11-01,bed_bath_table,13,1093.9399999999998
2017-11-01,books_general_interest,3,173.8
2017-11-01,cds_dvds_musicals,1,65.0
2017-11-01,christmas_supplies,1,58.9
2017-11-01,computers,1,1340.0
2017-11-01,computers_accessories,13,1312.78
2017-11-01,consoles_games,2,1044.99
2017-11-01,cool_stuff,6,1221.8700000000001
2017-11-01,electronics,3,360.0
2017-11-01,fashion_bags_accessories,4,154.8
2017-11-01,fashion_male_clothing,2,379.8
2017-11-01,furniture_decor,3,287.8
2017-11-01,furniture_living_room,1,95.0
2017-11-01,garden_tools,9,1365.77
2017-11-01,health_beauty,9,1553.2500000000002
2017-11-01,home_confort,1,89.9
2017-11-01,housewares,1,85.0
2017-11-01,luggage_accessories,3,269.3
2017-11-01,market_place,1,79.9
2017-11-01,musical_instruments,1,39.9
2017-11-01,perfumery,2,437.9
2017-11-01,pet_shop,1,179.9
2017-11-01,small_appliances,1,7.5
2017-11-01,sports_leisure,12,1809.07
2017-11-01,stationery,2,238.0
2017-11-01,telephony,7,797.6700000000001
2017-11-01,toys,3,260.7
2017-11-01,watches_gifts,12,3775.4700000000003
2017-11-02,air_conditioning,1,100.0
2017-11-02,auto,3,213.29000000000002
2017-11-02,baby,4,537.8
2017-11-02,bed_bath_table,22,2269.95
2017-11-02,computers,2,2874.0
2017-11-02,computers_accessories,5,580.1
2017-11-02,consoles_games,4,133.49
2017-11-02,cool_stuff,9,1923.74
2017-11-02,electronics,2,486.0
2017-11-02,fashion_bags_accessories,1,49.0
2017-11-02,fashion_shoes,2,111.9
2017-11-02,food_drink,1,215.56
2017-11-02,furniture_decor,10,653.5799999999999
2017-11-02,furniture_living_room,1,109.9
2017-11-02,garden_tools,6,359.4
2017-11-02,health_beauty,7,1230.3400000000001
2017-11-02,home_confort,1,89.9
2017-11-02,housewares,8,581.4999999999999
2017-11-02,kitchen_dining_laundry_garden_furniture,1,228.0
2017-11-02,luggage_accessories,3,214.88
2017-11-02,market_place,3,381.79
2017-11-02,office_furniture,5,812.95
2017-11-02,perfumery,2,113.98
2017-11-02,sports_leisure,16,2049.6200000000003
2017-11-02,stationery,2,268.9
2017-11-02,telephony,6,515.98
2017-11-02,toys,5,1228.59
2017-11-02,watches_gifts,9,2740.79
2017-11-03,audio,1,19.9
2017-11-03,auto,6,577.5
2017-11-03,baby,7,743.78
2017-11-03,bed_bath_table,21,1560.95
2017-11-03,books_imported,2,170.0
2017-11-03,computers,1,1437.0
2017-11-03,computers_accessories,10,1180.52
2017-11-03,consoles_games,3,430.39
2017-11-03,cool_stuff,6,1565.68
2017-11-03,costruction_tools_garden,1,44.9
2017-11-03,costruction_tools_tools,2,59.8
2017-11-03,dvds_blu_ray,1,19.9
2017-11-03,fashion_bags_accessories,4,308.7
2017-11-03,fashion_male_clothing,1,24.9
2017-11-03,fashion_shoes,1,84.9
2017-11-03,food_drink,1,215.56
2017-11-03,furniture_decor,11,1389.7
2017-11-03,furniture_living_room,1,83.9
2017-11-03,garden_tools,11,1193.5400000000002
2017-11-03,health_beauty,12,1898.4400000000003
2017-11-03,home_confort,3,269.70000000000005
2017-11-03,housewares,5,1135.65
2017-11-03,luggage_accessories,2,165.9
2017-11-03,musical_instruments,2,1633.02
2017-11-03,office_furniture,6,609.89
2017-11-03,perfumery,6,585.88
2017-11-03,sports_leisure,14,2077.7000000000003
2017-11-03,stationery,3,126.5
2017-11-03,tablets_printing_image,1,89.9
2017-11-03,telephony,6,414.45
2017-11-03,toys,4,791.8299999999999
2017-11-03,watches_gifts,11,1634.83
2017-11-04,audio,1,76.89
2017-11-04,auto,3,2158.8900000000003
2017-11-04,baby,3,244.89000000000001
2017-11-04,bed_bath_table,15,1273.2700000000002
2017-11-04,cds_dvds_musicals,1,65.0
2017-11-04,computers,1,1437.0
2017-11-04,computers_accessories,2,181.77
2017-11-04,consoles_games,1,38.0
2017-11-04,construction_tools_safety,2,281.8
2017-11-04,cool_stuff,10,1772.0
2017-11-04,costruction_tools_tools,1,29.9
2017-11-04,electronics,2,55.89
2017-11-04,fashion_bags_accessories,1,34.9
2017-11-04,fashion_male_clothing,2,109.8
2017-11-04,food_drink,1,215.56
2017-11-04,furniture_decor,6,649.35
2017-11-04,garden_tools,9,1279.1900000000003
2017-11-04,health_beauty,10,766.56
2017-11-04,home_appliances_2,1,559.9
2017-11-04,home_confort,1,499.0
2017-11-04,housewares,12,1142.75
2017-11-04,musical_instruments,1,179.9
2017-11-04,office_furniture,9,1678.82
2017-11-04,perfumery,4,541.27
2017-11-04,sports_leisure,8,959.3999999999999
2017-11-04,stationery,2,299.0
2017-11-04,telephony,4,167.88000000000002
2017-11-04,toys,7,672.31
2017-11-04,watches_gifts,8,1558.48
2017-11-05,auto,3,759.0
2017-11-05,baby,2,119.9
2017-11-05,bed_bath_table,21,2136.51
2017-11-05,computers_accessories,7,615.7
2017-11-05,consoles_games,5,392.28000000000003
2017-11-05,construction_tools_construction,1,379.0
2017-11-05,construction_tools_lights,1,250.0
2017-11-05,cool_stuff,10,2048.4300000000003
2017-11-05,electronics,1,19.9
2017-11-05,fashion_bags_accessories,5,171.9
2017-11-05,food_drink,4,193.39999999999998
2017-11-05,furniture_decor,11,340.67999999999995
2017-11-05,furniture_living_room,1,46.99
2017-11-05,garden_tools,12,761.7199999999999
2017-11-05,health_beauty,10,829.3799999999999
2017-11-05,home_construction,1,65.9
2017-11-05,housewares,13,565.68
2017-11-05,luggage_accessories,2,232.8
2017-11-05,office_furniture,5,682.9300000000001
2017-11-05,perfumery,2,127.9
2017-11-05,pet_shop,4,1008.06
2017-11-05,sports_leisure,14,930.56
2017-11-05,stationery,5,354.78999999999996
2017-11-05,telephony,5,136.76999999999998
2017-11-05,toys,6,1784.78
2017-11-05,watches_gifts,7,1368.8
2017-11-06,agro_industry_and_commerce,1,415.0
2017-11-06,auto,7,767.6
2017-11-06,baby,6,881.5899999999999
2017-11-06,bed_bath_table,23,1741.8400000000001
2017-11-06,books_general_interest,1,74.0
2017-11-06,christmas_supplies,1,195.5
2017-11-06,computers_accessories,14,2861.3999999999996
2017-11-06,consoles_games,2,224.98
2017-11-06,construction_tools_construction,1,38.9
2017-11-06,construction_tools_safety,1,83.9
2017-11-06,cool_stuff,10,2622.74
2017-11-06,electronics,5,176.5
2017-11-06,fashion_bags_accessories,2,76.3
2017-11-06,fashion_male_clothing,1,24.9
2017-11-06,flowers,1,22.8
2017-11-06,furniture_decor,22,1296.2700000000002
2017-11-06,furniture_living_room,1,45.99
2017-11-06,garden_tools,9,918.3799999999999
2017-11-06,health_beauty,7,505.22
2017-11-06,home_appliances_2,1,59.99
2017-11-06,housewares,5,421.70000000000005
2017-11-06,kitchen_dining_laundry_garden_furniture,2,287.9
2017-11-06,luggage_accessories,2,218.4
2017-11-06,office_furniture,7,1191.88
2017-11-06,perfumery,5,907.29
2017-11-06,pet_shop,4,996.74
2017-11-06,sports_leisure,10,1183.9900000000002
2017-11-06,stationery,4,272.88
2017-11-06,telephony,15,1365.8200000000002
2017-11-06,toys,11,1307.17
2017-11-06,watches_gifts,14,4089.7900000000004
2017-11-07,auto,5,633.28
2017-11-07,baby,6,529.25
2017-11-07,bed_bath_table,29,2346.2200000000007
2017-11-07,books_general_interest,1,108.9
2017-11-07,christmas_supplies,1,31.62
2017-11-07,computers_accessories,10,651.8199999999999
2017-11-07,consoles_games,2,364.4
2017-11-07,cool_stuff,6,1488.77
2017-11-07,electronics,2,51.89
2017-11-07,fashion_bags_accessories,6,444.8
2017-11-07,flowers,1,49.9
2017-11-07,food,1,56.97
2017-11-07,furniture_decor,8,630.04
2017-11-07,furniture_living_room,1,36.99
2017-11-07,garden_tools,18,1650.98
2017-11-07,health_beauty,16,2878.75
2017-11-07,home_confort,1,299.0
2017-11-07,housewares,7,477.6
2017-11-07,kitchen_dining_laundry_garden_furniture,2,195.89000000000001
2017-11-07,office_furniture,3,477.97
2017-11-07,perfumery,4,37.96
2017-11-07,sports_leisure,14,1320.96
2017-11-07,stationery,5,550.9
2017-11-07,telephony,5,140.85999999999999
2017-11-07,toys,4,590.69
2017-11-07,watches_gifts,16,3665.3
2017-11-08,auto,4,199.77
2017-11-08,baby,1,52.0
2017-11-08,bed_bath_table,41,4197.34
2017-11-08,computers_accessories,11,1768.5399999999997
2017-11-08,consoles_games,2,374.99
2017-11-08,construction_tools_construction,1,89.9
2017-11-08,construction_tools_lights,1,250.0
2017-11-08,cool_stuff,8,1574.77
2017-11-08,electronics,5,252.45000000000002
2017-11-08,fashion_bags_accessories,7,318.69999999999993
2017-11-08,fashion_underwear_beach,1,59.9
2017-11-08,furniture_decor,24,1420.8200000000006
2017-11-08,garden_tools,6,341.4
2017-11-08,health_beauty,15,1177.21
2017-11-08,home_appliances,1,41.29
2017-11-08,home_confort,2,179.8
2017-11-08,housewares,6,574.6899999999999
2017-11-08,industry_commerce_and_business,1,64.9
2017-11-08,luggage_accessories,5,667.5899999999999
2017-11-08,musical_instruments,1,34.99
2017-11-08,office_furniture,1,146.99
2017-11-08,perfumery,3,146.3
2017-11-08,pet_shop,1,78.9
2017-11-08,sports_leisure,8,544.28
2017-11-08,stationery,5,620.0
2017-11-08,telephony,13,941.53
2017-11-08,toys,10,824.1200000000001
2017-11-08,watches_gifts,8,1513.98
2017-11-09,air_conditioning,2,339.79999999999995
2017-11-09,audio,4,434.96000000000004
2017-11-09,auto,14,1753.6800000000003
2017-11-09,baby,13,986.5699999999999
2017-11-09,bed_bath_table,19,1838.2600000000002
2017-11-09,books_general_interest,1,10.9
2017-11-09,christmas_supplies,1,9.56
2017-11-09,computers,2,2680.0
2017-11-09,computers_accessories,10,884.6899999999999
2017-11-09,consoles_games,2,34.480000000000004
2017-11-09,cool_stuff,8,827.68
2017-11-09,electronics,4,86.94999999999999
2017-11-09,fashion_bags_accessories,4,171.9
2017-11-09,flowers,1,15.6
2017-11-09,food,3,125.47
2017-11-09,furniture_decor,13,955.2799999999999
2017-11-09,garden_tools,16,1026.6699999999998
2017-11-09,health_beauty,12,1329.53
2017-11-09,home_construction,1,84.0
2017-11-09,housewares,13,1683.4500000000003
2017-11-09,luggage_accessories,1,299.9
2017-11-09,musical_instruments,4,587.8
2017-11-09,office_furniture,3,624.98
2017-11-09,perfumery,6,518.68
2017-11-09,pet_shop,4,558.79
2017-11-09,signaling_and_security,3,354.0
2017-11-09,sports_leisure,18,1535.0600000000006
2017-11-09,stationery,6,534.0
2017-11-09,telephony,8,595.87
2017-11-09,toys,6,749.4
2017-11-09,watches_gifts,13,2619.87
2017-11-10,air_conditioning,1,229.99
2017-11-10,audio,2,108.9
2017-11-10,auto,6,273.18
2017-11-10,baby,1,130.0
2017-11-10,bed_bath_table,8,688.67
2017-11-10,computers_accessories,12,777.55
2017-11-10,consoles_games,5,120.5
2017-11-10,construction_tools_construction,1,49.9
2017-11-10,cool_stuff,9,1162.68
2017-11-10,costruction_tools_garden,1,67.9
2017-11-10,drinks,1,38.49
2017-11-10,electronics,3,73.89
2017-11-10,fashion_bags_accessories,5,207.00000000000003
2017-11-10,furniture_bedroom,1,510.0
2017-11-10,furniture_decor,23,2023.6700000000005
2017-11-10,garden_tools,10,883.9
2017-11-10,health_beauty,17,1655.39
2017-11-10,home_construction,1,29.9
2017-11-10,housewares,5,149.29999999999998
2017-11-10,kitchen_dining_laundry_garden_furniture,3,467.9
2017-11-10,luggage_accessories,1,89.99
2017-11-10,market_place,1,119.9
2017-11-10,office_furniture,1,196.99
2017-11-10,perfumery,10,2012.86
2017-11-10,signaling_and_security,1,205.0
2017-11-10,small_appliances,1,59.99
2017-11-10,sports_leisure,16,2175.99
2017-11-10,stationery,4,366.9
2017-11-10,telephony,9,609.73
2017-11-10,toys,9,1292.76
2017-11-10,watches_gifts,12,1931.8500000000001
2017-11-11,auto,6,555.1800000000001
2017-11-11,baby,7,858.9999999999999
2017-11-11,bed_bath_table,20,1755.0900000000001
2017-11-11,books_general_interest,1,39.9
2017-11-11,christmas_supplies,1,88.9
2017-11-11,computers_accessories,12,1025.6599999999999
2017-11-11,consoles_games,2,129.89000000000001
2017-11-11,construction_tools_safety,1,177.9
2017-11-11,cool_stuff,12,2447.4399999999996
2017-11-11,electronics,2,58.89
2017-11-11,fashion_bags_accessories,2,129.98
2017-11-11,furniture_decor,10,710.3799999999999
2017-11-11,furniture_living_room,1,698.9
2017-11-11,garden_tools,8,1952.1300000000003
2017-11-11,health_beauty,9,1562.86
2017-11-11,home_comfort_2,1,12.9
2017-11-11,home_construction,1,120.0
2017-11-11,housewares,12,707.8999999999999
2017-11-11,industry_commerce_and_business,1,990.0
2017-11-11,luggage_accessories,3,149.7
2017-11-11,musical_instruments,2,114.9
2017-11-11,office_furniture,2,616.89
2017-11-11,perfumery,1,53.99
2017-11-11,pet_shop,7,210.92999999999998
2017-11-11,small_appliances,1,388.5
2017-11-11,sports_leisure,14,1531.69
2017-11-11,stationery,8,1270.7
2017-11-11,telephony,3,188.98000000000002
2017-11-11,toys,6,396.09000000000003
2017-11-11,watches_gifts,10,2793.46
2017-11-12,agro_industry_and_commerce,1,919.99
2017-11-12,audio,1,190.9
2017-11-12,auto,4,312.0
2017-11-12,baby,3,221.1
2017-11-12,bed_bath_table,10,860.41
2017-11-12,computers_accessories,12,1848.7800000000002
2017-11-12,construction_tools_construction,2,79.0
2017-11-12,construction_tools_safety,1,349.9
2017-11-12,cool_stuff,10,2113.729999999999
2017-11-12,costruction_tools_garden,2,57.7
2017-11-12,electronics,4,244.00000000000003
2017-11-12,fashion_bags_accessories,1,27.3
2017-11-12,fashion_shoes,2,221.9
2017-11-12,food,1,56.97
2017-11-12,furniture_decor,14,1341.18
2017-11-12,garden_tools,5,696.5999999999999
2017-11-12,health_beauty,9,755.5699999999999
2017-11-12,housewares,14,1050.6799999999998
2017-11-12,industry_commerce_and_business,1,109.99
2017-11-12,kitchen_dining_laundry_garden_furniture,1,145.0
2017-11-12,luggage_accessories,2,156.8
2017-11-12,musical_instruments,1,59.9
2017-11-12,office_furniture,1,196.99
2017-11-12,perfumery,7,296.05
2017-11-12,pet_shop,1,56.85
2017-11-12,sports_leisure,21,3167.03
2017-11-12,stationery,3,408.0
2017-11-12,telephony,12,575.6800000000001
2017-11-12,toys,10,1246.8500000000001
2017-11-12,watches_gifts,25,4500.379999999999
2017-11-13,auto,10,882.6500000000001
2017-11-13,baby,3,319.89
2017-11-13,bed_bath_table,19,1507.77
2017-11-13,books_general_interest,1,129.99
2017-11-13,christmas_supplies,2,250.8
2017-11-13,computers_accessories,16,1786.6300000000003
2017-11-13,consoles_games,3,174.89
2017-11-13,construction_tools_construction,1,89.0
2017-11-13,cool_stuff,8,2086.75
2017-11-13,costruction_tools_garden,2,73.2
2017-11-13,drinks,4,178.49
2017-11-13,electronics,6,124.4
2017-11-13,fashion_bags_accessories,6,747.09
2017-11-13,fashion_shoes,1,84.9
2017-11-13,furniture_decor,15,1079.9499999999998
2017-11-13,furniture_living_room,2,311.89
2017-11-13,garden_tools,9,809.4799999999999
2017-11-13,health_beauty,16,1533.53
2017-11-13,housewares,16,1124.68
2017-11-13,luggage_accessories,1,43.9
2017-11-13,market_place,1,25.99
2017-11-13,musical_instruments,1,79.9
2017-11-13,office_furniture,8,1324.69
2017-11-13,party_supplies,1,257.6
2017-11-13,perfumery,5,948.79
2017-11-13,small_appliances,1,48.0
2017-11-13,sports_leisure,15,1202.0700000000002
2017-11-13,stationery,12,990.12
2017-11-13,telephony,10,492.81000000000006
2017-11-13,toys,11,836.8699999999999
2017-11-13,watches_gifts,17,3822.18
2017-11-14,agro_industry_and_commerce,3,1211.0
2017-11-14,air_conditioning,1,359.9
2017-11-14,audio,1,190.9
2017-11-14,auto,4,336.16
2017-11-14,baby,10,698.53
2017-11-14,bed_bath_table,27,3855.36
2017-11-14,christmas_supplies,1,195.5
2017-11-14,computers_accessories,17,1390.14
2017-11-14,consoles_games,4,464.89
2017-11-14,cool_stuff,6,842.1899999999999
2017-11-14,costruction_tools_garden,5,221.4
2017-11-14,electronics,2,207.89000000000001
2017-11-14,fashion_bags_accessories,3,325.9
2017-11-14,flowers,2,82.7
2017-11-14,food_drink,3,218.19
2017-11-14,furniture_decor,30,2404.39
2017-11-14,garden_tools,4,357.16
2017-11-14,health_beauty,12,2998.28
2017-11-14,home_appliances_2,1,159.0
2017-11-14,home_confort,1,8.0
2017-11-14,home_construction,2,165.0
2017-11-14,housewares,8,451.59999999999997
2017-11-14,kitchen_dining_laundry_garden_furniture,1,35.9
2017-11-14,luggage_accessories,2,391.49
2017-11-14,office_furniture,5,639.74
2017-11-14,perfumery,5,263.78000000000003
2017-11-14,pet_shop,2,164.8
2017-11-14,small_appliances,1,208.0
2017-11-14,sports_leisure,9,845.89
2017-11-14,stationery,8,736.55
2017-11-14,telephony,9,763.65
2017-11-14,toys,9,1642.18
2017-11-14,watches_gifts,10,1744.6999999999998
2017-11-15,air_conditioning,2,258.0
2017-11-15,auto,8,1478.98
2017-11-15,baby,3,109.80000000000001
2017-11-15,bed_bath_table,20,1601.0600000000004
2017-11-15,computers_accessories,12,1235.16
2017-11-15,consoles_games,2,164.49
2017-11-15,construction_tools_lights,2,49.98
2017-11-15,cool_stuff,12,2147.85
2017-11-15,drinks,1,15.49
2017-11-15,electronics,2,78.8
2017-11-15,fashion_bags_accessories,5,499.87000000000006
2017-11-15,fashion_sport,1,59.9
2017-11-15,fashion_underwear_beach,1,183.0
2017-11-15,flowers,1,16.8
2017-11-15,furniture_decor,15,1517.6100000000004
2017-11-15,furniture_living_room,1,45.99
2017-11-15,furniture_mattress_and_upholstery,1,85.0
2017-11-15,garden_tools,14,1317.0100000000002
2017-11-15,health_beauty,7,967.9899999999999
2017-11-15,home_confort,3,229.70000000000002
2017-11-15,home_construction,2,328.0
2017-11-15,housewares,8,597.6599999999999
2017-11-15,luggage_accessories,4,771.6899999999999
2017-11-15,musical_instruments,2,1187.0
2017-11-15,office_furniture,5,989.9000000000001
2017-11-15,perfumery,13,1318.61
2017-11-15,pet_shop,3,300.0
2017-11-15,sports_leisure,16,1242.63
2017-11-15,stationery,6,381.78999999999996
2017-11-15,tablets_printing_image,1,14.9
2017-11-15,telephony,6,520.95
2017-11-15,toys,9,551.58
2017-11-15,watches_gifts,19,2324.21
2017-11-16,audio,1,190.9
2017-11-16,auto,10,1218.68
2017-11-16,baby,5,407.87
2017-11-16,bed_bath_table,23,2283.8500000000004
2017-11-16,books_general_interest,2,248.9
2017-11-16,cds_dvds_musicals,1,65.0
2017-11-16,computers_accessories,18,1717.9099999999999
2017-11-16,consoles_games,1,79.99
2017-11-16,construction_tools_construction,4,155.6
2017-11-16,construction_tools_safety,1,173.9
2017-11-16,cool_stuff,9,751.27
2017-11-16,electronics,4,113.44
2017-11-16,fashion_bags_accessories,5,239.38
2017-11-16,fashion_underwear_beach,1,155.0
2017-11-16,food_drink,2,75.6
2017-11-16,furniture_decor,25,1307.2800000000002
2017-11-16,garden_tools,28,4072.3099999999995
2017-11-16,health_beauty,9,673.36
2017-11-16,home_appliances,1,23.89
2017-11-16,home_construction,2,254.5
2017-11-16,housewares,9,754.5
2017-11-16,kitchen_dining_laundry_garden_furniture,1,35.9
2017-11-16,luggage_accessories,6,1205.5900000000004
2017-11-16,market_place,1,29.9
2017-11-16,office_furniture,1,169.99
2017-11-16,perfumery,14,1445.1600000000003
2017-11-16,pet_shop,5,1198.85
2017-11-16,small_appliances,2,1101.4
2017-11-16,sports_leisure,15,2773.6099999999997
2017-11-16,stationery,5,581.6999999999999
2017-11-16,telephony,7,272.86
2017-11-16,toys,11,1499.65
2017-11-16,watches_gifts,13,1441.6200000000001
2017-11-17,audio,3,404.70000000000005
2017-11-17,auto,4,454.6
2017-11-17,baby,16,1476.42
2017-11-17,bed_bath_table,21,2073.19
2017-11-17,books_general_interest,1,108.9
2017-11-17,christmas_supplies,2,25.4
2017-11-17,computers_accessories,13,3652.98
2017-11-17,construction_tools_construction,4,1150.0
2017-11-17,cool_stuff,8,1565.65
2017-11-17,drinks,3,99.98
2017-11-17,electronics,3,247.39999999999998
2017-11-17,fashion_bags_accessories,9,478.8
2017-11-17,fashion_male_clothing,1,40.9
2017-11-17,food,1,23.99
2017-11-17,furniture_bedroom,1,204.0
2017-11-17,furniture_decor,23,2061.67
2017-11-17,garden_tools,8,415.7099999999999
2017-11-17,health_beauty,11,1572.0800000000002
2017-11-17,home_appliances_2,2,1162.4
2017-11-17,housewares,9,425.99
2017-11-17,industry_commerce_and_business,1,699.99
2017-11-17,kitchen_dining_laundry_garden_furniture,1,35.9
2017-11-17,luggage_accessories,3,331.79999999999995
2017-11-17,office_furniture,5,1166.72
2017-11-17,party_supplies,1,21.9
2017-11-17,perfumery,7,643.6
2017-11-17,pet_shop,3,188.98000000000002
2017-11-17,small_appliances,1,178.0
2017-11-17,sports_leisure,16,1580.3600000000001
2017-11-17,stationery,1,179.9
2017-11-17,telephony,5,123.94999999999999
2017-11-17,toys,11,2244.93
2017-11-17,watches_gifts,17,3117.51
2017-11-18,agro_industry_and_commerce,1,399.0
2017-11-18,audio,1,190.9
2017-11-18,auto,2,111.4
2017-11-18,baby,10,1068.63
2017-11-18,bed_bath_table,14,1370.8400000000004
2017-11-18,christmas_supplies,1,9.56
2017-11-18,computers_accessories,14,1769.3
2017-11-18,construction_tools_construction,2,317.9
2017-11-18,construction_tools_safety,1,76.9
2017-11-18,cool_stuff,8,2057.5699999999997
2017-11-18,drinks,4,77.2
2017-11-18,electronics,2,336.7
2017-11-18,fashion_bags_accessories,3,248.0
2017-11-18,furniture_decor,13,1091.3
2017-11-18,garden_tools,10,714.81
2017-11-18,health_beauty,12,2804.4300000000003
2017-11-18,home_construction,1,369.99
2017-11-18,housewares,10,2004.06
2017-11-18,luggage_accessories,2,336.79999999999995
2017-11-18,market_place,2,24.0
2017-11-18,musical_instruments,1,150.0
2017-11-18,office_furniture,5,1087.9
2017-11-18,perfumery,6,458.49
2017-11-18,pet_shop,3,194.89
2017-11-18,sports_leisure,10,1297.43
2017-11-18,stationery,4,421.9
2017-11-18,telephony,5,122.85999999999999
2017-11-18,toys,10,2108.73
2017-11-18,watches_gifts,8,1476.5200000000002
2017-11-19,air_conditioning,3,408.98
2017-11-19,auto,3,293.21000000000004
2017-11-19,baby,1,429.9
2017-11-19,bed_bath_table,12,1053.27
2017-11-19,books_general_interest,2,240.0
2017-11-19,computers_accessories,4,429.67
2017-11-19,consoles_games,4,388.5
2017-11-19,construction_tools_safety,1,1106.99
2017-11-19,cool_stuff,6,1103.77
2017-11-19,electronics,6,121.4
2017-11-19,fashion_bags_accessories,2,259.89
2017-11-19,food_drink,1,39.0
2017-11-19,furniture_decor,18,1393.6800000000003
2017-11-19,garden_tools,11,792.5699999999998
2017-11-19,health_beauty,18,2400.3700000000003
2017-11-19,home_appliances_2,1,689.9
2017-11-19,home_confort,2,164.9
2017-11-19,home_construction,1,311.25
2017-11-19,housewares,8,399.34999999999997
2017-11-19,kitchen_dining_laundry_garden_furniture,1,109.0
2017-11-19,luggage_accessories,2,221.5
2017-11-19,musical_instruments,1,301.0
2017-11-19,office_furniture,1,78.99
2017-11-19,perfumery,7,421.27
2017-11-19,pet_shop,2,261.9
2017-11-19,small_appliances,1,91.89
2017-11-19,sports_leisure,13,1397.7099999999998
2017-11-19,stationery,5,401.5
2017-11-19,telephony,10,932.46
2017-11-19,toys,13,2686.26
2017-11-19,watches_gifts,10,606.8
2017-11-20,agro_industry_and_commerce,1,2990.0
2017-11-20,auto,12,1872.7900000000002
2017-11-20,baby,8,1172.59
2017-11-20,bed_bath_table,21,1946.21
2017-11-20,books_general_interest,1,108.9
2017-11-20,computers_accessories,18,3004.37
2017-11-20,consoles_games,7,1039.37
2017-11-20,construction_tools_construction,2,67.8
2017-11-20,construction_tools_safety,4,868.6
2017-11-20,cool_stuff,8,4675.78
2017-11-20,costruction_tools_garden,1,15.6
2017-11-20,electronics,4,687.9
2017-11-20,fashion_bags_accessories,3,144.19
2017-11-20,fashion_shoes,2,169.8
2017-11-20,fixed_telephony,1,577.99
2017-11-20,furniture_decor,20,2292.4900000000002
2017-11-20,garden_tools,6,408.98999999999995
2017-11-20,health_beauty,17,5121.15
2017-11-20,home_comfort_2,1,12.9
2017-11-20,housewares,16,1336.45
2017-11-20,kitchen_dining_laundry_garden_furniture,2,265.0
2017-11-20,luggage_accessories,5,199.95000000000002
2017-11-20,musical_instruments,2,1614.0
2017-11-20,office_furniture,4,879.97
2017-11-20,perfumery,12,919.4499999999999
2017-11-20,pet_shop,1,120.0
2017-11-20,small_appliances,1,450.0
2017-11-20,sports_leisure,18,1669.3600000000004
2017-11-20,stationery,7,628.88
2017-11-20,telephony,13,965.97
2017-11-20,toys,17,3111.3799999999997
2017-11-20,watches_gifts,14,3912.9799999999996
2017-11-21,auto,10,2406.4600000000005
2017-11-21,baby,6,343.6
2017-11-21,bed_bath_table,23,2140.94
2017-11-21,books_general_interest,2,144.9
2017-11-21,computers_accessories,15,3517.43
2017-11-21,consoles_games,3,87.0
2017-11-21,construction_tools_construction,1,299.9
2017-11-21,cool_stuff,9,1899.5700000000002
2017-11-21,drinks,1,38.49
2017-11-21,electronics,6,167.15
2017-11-21,fashion_bags_accessories,10,652.5799999999999
2017-11-21,fashion_shoes,2,284.6
2017-11-21,furniture_decor,23,2389.8700000000003
2017-11-21,furniture_living_room,2,899.8
2017-11-21,garden_tools,14,1409.47
2017-11-21,health_beauty,18,3398.109999999999
2017-11-21,home_appliances_2,1,522.5
2017-11-21,home_confort,1,89.9
2017-11-21,home_construction,2,80.0
2017-11-21,housewares,16,962.42
2017-11-21,kitchen_dining_laundry_garden_furniture,2,81.8
2017-11-21,luggage_accessories,1,55.9
2017-11-21,office_furniture,1,139.99
2017-11-21,perfumery,7,1037.49
2017-11-21,pet_shop,8,661.4899999999999
2017-11-21,small_appliances,1,57.39
2017-11-21,sports_leisure,19,1871.5300000000002
2017-11-21,stationery,7,697.4399999999999
2017-11-21,telephony,10,723.98
2017-11-21,toys,11,2147.9299999999994
2017-11-21,watches_gifts,15,3937.8900000000003
2017-11-22,agro_industry_and_commerce,1,398.0
2017-11-22,air_conditioning,1,129.0
2017-11-22,audio,1,19.9
2017-11-22,auto,8,1135.48
2017-11-22,baby,6,832.59
2017-11-22,bed_bath_table,16,1331.4499999999998
2017-11-22,books_general_interest,1,29.9
2017-11-22,computers_accessories,17,2182.1800000000003
2017-11-22,consoles_games,4,602.9
2017-11-22,construction_tools_construction,2,311.11
2017-11-22,construction_tools_lights,1,250.0
2017-11-22,cool_stuff,7,1158.85
2017-11-22,costruction_tools_garden,1,118.0
2017-11-22,electronics,4,180.9
2017-11-22,fashion_bags_accessories,6,326.37
2017-11-22,fixed_telephony,1,249.0
2017-11-22,food,1,50.0
2017-11-22,food_drink,3,96.6
2017-11-22,furniture_decor,16,867.3599999999999
2017-11-22,garden_tools,18,1068.0099999999998
2017-11-22,health_beauty,21,1806.7900000000002
2017-11-22,home_appliances,1,26.1
2017-11-22,home_confort,1,230.0
2017-11-22,housewares,21,1936.9400000000003
2017-11-22,kitchen_dining_laundry_garden_furniture,3,1307.0
2017-11-22,luggage_accessories,2,259.8
2017-11-22,musical_instruments,1,54.9
2017-11-22,perfumery,8,815.4
2017-11-22,pet_shop,6,504.88
2017-11-22,sports_leisure,13,736.13
2017-11-22,stationery,2,250.9
2017-11-22,telephony,3,114.99
2017-11-22,toys,15,1781.9899999999998
2017-11-22,watches_gifts,14,2345.79
2017-11-23,agro_industry_and_commerce,2,830.0
2017-11-23,air_conditioning,1,236.9
2017-11-23,audio,2,210.8
2017-11-23,auto,4,144.88
2017-11-23,baby,5,1150.77
2017-11-23,bed_bath_table,34,3022.530000000001
2017-11-23,books_general_interest,2,43.8
2017-11-23,books_technical,1,127.0
2017-11-23,computers_accessories,20,4212.55
2017-11-23,consoles_games,6,642.4
2017-11-23,construction_tools_construction,3,1289.6
2017-11-23,cool_stuff,12,2569.74
2017-11-23,electronics,5,214.25000000000003
2017-11-23,fashion_bags_accessories,3,1131.29
2017-11-23,fashion_shoes,1,84.9
2017-11-23,fashion_underwear_beach,1,152.0
2017-11-23,fixed_telephony,1,10.0
2017-11-23,food,4,81.96
2017-11-23,food_drink,1,54.0
2017-11-23,furniture_bedroom,1,159.0
2017-11-23,furniture_decor,45,2560.08
2017-11-23,furniture_living_room,1,32.99
2017-11-23,garden_tools,23,1225.5900000000001
2017-11-23,health_beauty,26,4637.909999999997
2017-11-23,home_appliances,1,156.25
2017-11-23,home_confort,3,289.70000000000005
2017-11-23,home_construction,2,188.9
2017-11-23,housewares,6,452.65000000000003
2017-11-23,kitchen_dining_laundry_garden_furniture,1,209.9
2017-11-23,luggage_accessories,2,287.8
2017-11-23,musical_instruments,3,2218.89
2017-11-23,office_furniture,3,759.6999999999999
2017-11-23,perfumery,13,1343.6200000000001
2017-11-23,pet_shop,4,514.9
2017-11-23,small_appliances,2,553.0
2017-11-23,sports_leisure,23,1931.6000000000008
2017-11-23,stationery,3,416.3
2017-11-23,tablets_printing_image,1,35.9
2017-11-23,telephony,9,489.74
2017-11-23,toys,22,3280.6800000000003
2017-11-23,watches_gifts,17,4614.5599999999995
2017-11-24,agro_industry_and_commerce,7,6331.6
2017-11-24,audio,6,329.5
2017-11-24,auto,46,4794.17
2017-11-24,baby,23,3249.4500000000007
2017-11-24,bed_bath_table,192,17585.239999999983
2017-11-24,books_general_interest,6,377.49
2017-11-24,books_technical,1,127.0
2017-11-24,christmas_supplies,1,124.9
2017-11-24,cine_photo,1,242.0
2017-11-24,computers_accessories,70,10859.21999999999
2017-11-24,consoles_games,27,2315.5900000000006
2017-11-24,construction_tools_construction,1,19.97
2017-11-24,construction_tools_lights,3,750.0
2017-11-24,construction_tools_safety,1,130.9
2017-11-24,cool_stuff,30,5724.529999999998
2017-11-24,costruction_tools_garden,1,67.9
2017-11-24,drinks,2,164.49
2017-11-24,electronics,18,1693.2600000000007
2017-11-24,fashion_bags_accessories,41,2165.5600000000004
2017-11-24,fashion_shoes,2,284.6
2017-11-24,fixed_telephony,1,16.99
2017-11-24,food_drink,3,198.8
2017-11-24,furniture_decor,134,11534.219999999985
2017-11-24,furniture_living_room,8,1664.3700000000001
2017-11-24,garden_tools,102,6190.319999999999
2017-11-24,health_beauty,88,11719.61999999999
2017-11-24,home_appliances,3,1010.8
2017-11-24,home_appliances_2,2,748.9
2017-11-24,home_confort,9,830.1999999999998
2017-11-24,home_construction,9,1052.7
2017-11-24,housewares,55,4373.759999999998
2017-11-24,kitchen_dining_laundry_garden_furniture,4,173.8
2017-11-24,luggage_accessories,5,348.59000000000003
2017-11-24,market_place,5,149.5
2017-11-24,musical_instruments,9,2170.2900000000004
2017-11-24,office_furniture,5,1022.78
2017-11-24,perfumery,62,7498.909999999994
2017-11-24,pet_shop,10,829.1999999999999
2017-11-24,small_appliances,5,944.19
2017-11-24,sports_leisure,90,8513.879999999994
2017-11-24,stationery,17,1569.2900000000002
2017-11-24,tablets_printing_image,3,209.70000000000002
2017-11-24,telephony,79,3729.6399999999962
2017-11-24,toys,71,7836.839999999993
2017-11-24,watches_gifts,75,17667.019999999997
2017-11-25,audio,4,311.79
2017-11-25,auto,9,1425.95
2017-11-25,baby,9,1149.3799999999999
2017-11-25,bed_bath_table,90,7363.809999999992
2017-11-25,books_imported,1,77.0
2017-11-25,books_technical,2,343.0
2017-11-25,christmas_supplies,3,91.5
2017-11-25,computers_accessories,29,3189.7600000000007
2017-11-25,consoles_games,15,983.38
2017-11-25,construction_tools_construction,5,783.71
2017-11-25,cool_stuff,14,1866.2300000000002
2017-11-25,electronics,18,1098.7499999999998
2017-11-25,fashion_bags_accessories,13,666.55
2017-11-25,fashion_shoes,1,84.9
2017-11-25,food_drink,5,45.0
2017-11-25,furniture_decor,67,4688.559999999998
2017-11-25,furniture_living_room,3,141.88
2017-11-25,garden_tools,66,4069.4900000000002
2017-11-25,health_beauty,32,5740.079999999999
2017-11-25,home_appliances,3,873.99
2017-11-25,home_confort,3,239.70000000000002
2017-11-25,home_construction,1,79.9
2017-11-25,housewares,25,2487.7800000000007
2017-11-25,luggage_accessories,3,314.70000000000005
2017-11-25,musical_instruments,3,2568.8
2017-11-25,perfumery,18,2563.76
2017-11-25,pet_shop,4,328.44
2017-11-25,small_appliances,2,409.48999999999995
2017-11-25,sports_leisure,37,5345.9699999999975
2017-11-25,stationery,8,562.99
2017-11-25,telephony,25,3499.93
2017-11-25,toys,27,2490.890000000001
2017-11-25,watches_gifts,16,3589.09
2017-11-26,air_conditioning,3,1546.2
2017-11-26,audio,1,369.0
2017-11-26,auto,14,1777.53
2017-11-26,baby,8,608.5799999999999
2017-11-26,bed_bath_table,54,5417.579999999997
2017-11-26,books_general_interest,1,84.9
2017-11-26,christmas_supplies,1,135.9
2017-11-26,computers_accessories,29,3641.100000000001
2017-11-26,consoles_games,6,537.0
2017-11-26,construction_tools_construction,5,391.31
2017-11-26,cool_stuff,11,1212.52
2017-11-26,costruction_tools_garden,1,495.0
2017-11-26,electronics,8,136.64000000000001
2017-11-26,fashio_female_clothing,1,29.99
2017-11-26,fashion_bags_accessories,12,617.4399999999999
2017-11-26,fashion_male_clothing,1,59.9
2017-11-26,fashion_shoes,2,169.8
2017-11-26,food_drink,1,119.9
2017-11-26,furniture_decor,46,2720.2
2017-11-26,furniture_living_room,1,329.9
2017-11-26,garden_tools,39,2284.7700000000004
2017-11-26,health_beauty,36,3738.13
2017-11-26,home_appliances,2,777.09
2017-11-26,home_appliances_2,1,499.9
2017-11-26,home_comfort_2,1,12.9
2017-11-26,home_confort,1,89.9
2017-11-26,home_construction,5,548.19
2017-11-26,housewares,28,2401.020000000001
2017-11-26,kitchen_dining_laundry_garden_furniture,4,495.6
2017-11-26,luggage_accessories,1,248.99
2017-11-26,market_place,1,365.0
2017-11-26,musical_instruments,1,79.9
2017-11-26,perfumery,10,905.28
2017-11-26,pet_shop,3,295.89
2017-11-26,small_appliances,4,360.29
2017-11-26,sports_leisure,22,1763.0500000000006
2017-11-26,stationery,6,610.99
2017-11-26,telephony,20,1367.3600000000001
2017-11-26,toys,41,4033.9999999999986
2017-11-26,watches_gifts,12,1765.6699999999998
2017-11-27,art,1,75.0
2017-11-27,audio,2,299.8
2017-11-27,auto,17,2187.58
2017-11-27,baby,11,895.54
2017-11-27,bed_bath_table,56,4832.249999999997
2017-11-27,books_general_interest,4,210.70000000000002
2017-11-27,christmas_supplies,1,29.99
2017-11-27,computers_accessories,40,6645.629999999999
2017-11-27,consoles_games,7,398.20000000000005
2017-11-27,construction_tools_construction,3,258.8
2017-11-27,construction_tools_lights,1,399.5
2017-11-27,cool_stuff,15,1958.8500000000001
2017-11-27,costruction_tools_garden,2,56.9
2017-11-27,costruction_tools_tools,1,29.9
2017-11-27,drinks,1,16.49
2017-11-27,dvds_blu_ray,2,59.89
2017-11-27,electronics,19,689.47
2017-11-27,fashion_bags_accessories,11,978.17
2017-11-27,fashion_male_clothing,1,150.9
2017-11-27,fashion_underwear_beach,1,152.0
2017-11-27,furniture_decor,44,4222.129999999999
2017-11-27,furniture_living_room,1,139.9
2017-11-27,furniture_mattress_and_upholstery,1,249.0
2017-11-27,garden_tools,31,2269.9000000000005
2017-11-27,health_beauty,30,2946.9900000000002
2017-11-27,home_appliances,3,901.7
2017-11-27,home_appliances_2,1,128.65
2017-11-27,home_confort,3,269.70000000000005
2017-11-27,home_construction,5,399.5
2017-11-27,housewares,16,1281.5900000000001
2017-11-27,luggage_accessories,3,462.79
2017-11-27,market_place,1,180.0
2017-11-27,musical_instruments,2,178.9
2017-11-27,office_furniture,2,356.93
2017-11-27,party_supplies,1,571.2
2017-11-27,perfumery,24,2023.21
2017-11-27,pet_shop,3,148.8
2017-11-27,signaling_and_security,1,37.79
2017-11-27,sports_leisure,26,2100.5700000000006
2017-11-27,stationery,2,208.9
2017-11-27,telephony,22,2263.32
2017-11-27,toys,35,3281.2600000000007
2017-11-27,watches_gifts,11,1926.71
2017-11-28,agro_industry_and_commerce,1,398.0
2017-11-28,air_conditioning,1,110.0
2017-11-28,auto,10,1979.8800000000003
2017-11-28,baby,7,744.49
2017-11-28,bed_bath_table,32,3182.1300000000006
2017-11-28,books_general_interest,4,147.79000000000002
2017-11-28,christmas_supplies,2,25.4
2017-11-28,computers_accessories,30,3977.65
2017-11-28,consoles_games,4,153.49
2017-11-28,construction_tools_construction,5,185.16000000000003
2017-11-28,construction_tools_lights,1,250.0
2017-11-28,cool_stuff,12,1598.16
2017-11-28,costruction_tools_tools,1,149.9
2017-11-28,electronics,15,453.84000000000003
2017-11-28,fashion_bags_accessories,8,498.88
2017-11-28,fashion_male_clothing,2,89.89
2017-11-28,fashion_underwear_beach,1,49.9
2017-11-28,food_drink,3,359.70000000000005
2017-11-28,furniture_decor,32,3290.23
2017-11-28,furniture_living_room,12,1349.5700000000002
2017-11-28,garden_tools,14,1977.95
2017-11-28,health_beauty,35,3603.689999999999
2017-11-28,home_appliances,6,503.22999999999996
2017-11-28,home_appliances_2,1,99.89
2017-11-28,home_confort,4,429.69000000000005
2017-11-28,home_construction,2,858.99
2017-11-28,housewares,27,2371.7400000000007
2017-11-28,kitchen_dining_laundry_garden_furniture,2,404.0
2017-11-28,luggage_accessories,2,199.8
2017-11-28,musical_instruments,1,1999.0
2017-11-28,office_furniture,4,615.95
2017-11-28,perfumery,18,1756.3000000000002
2017-11-28,pet_shop,4,265.2
2017-11-28,small_appliances,2,114.78
2017-11-28,sports_leisure,48,4843.799999999999
2017-11-28,stationery,8,777.7
2017-11-28,telephony,17,1920.93
2017-11-28,toys,32,3781.7999999999984
2017-11-28,watches_gifts,12,1866.63
2017-11-29,agro_industry_and_commerce,1,39.9
2017-11-29,air_conditioning,2,281.95
2017-11-29,audio,3,230.70000000000002
2017-11-29,auto,13,1681.6100000000001
2017-11-29,baby,4,218.79
2017-11-29,bed_bath_table,35,2948.92
2017-11-29,books_general_interest,2,317.4
2017-11-29,books_technical,1,127.0
2017-11-29,computers_accessories,16,973.2199999999999
2017-11-29,consoles_games,1,329.0
2017-11-29,construction_tools_construction,1,169.0
2017-11-29,cool_stuff,11,948.36
2017-11-29,electronics,18,1043.4
2017-11-29,fashio_female_clothing,1,29.99
2017-11-29,fashion_bags_accessories,8,574.3
2017-11-29,fashion_shoes,3,125.6
2017-11-29,fashion_underwear_beach,2,234.9
2017-11-29,food,2,39.24
2017-11-29,food_drink,1,119.9
2017-11-29,furniture_decor,23,3354.47
2017-11-29,garden_tools,21,1756.9
2017-11-29,health_beauty,26,4505.289999999999
2017-11-29,home_appliances_2,1,223.9
2017-11-29,home_confort,3,338.8
2017-11-29,housewares,15,853.1799999999998
2017-11-29,industry_commerce_and_business,1,87.0
2017-11-29,kitchen_dining_laundry_garden_furniture,2,528.9
2017-11-29,la_cuisine,1,137.0
2017-11-29,luggage_accessories,1,54.9
2017-11-29,musical_instruments,1,89.9
2017-11-29,office_furniture,8,1278.68
2017-11-29,perfumery,14,989.2099999999998
2017-11-29,pet_shop,10,1654.7000000000003
2017-11-29,small_appliances,2,1810.5
2017-11-29,sports_leisure,25,1421.6200000000001
2017-11-29,stationery,5,952.79
2017-11-29,telephony,19,1114.2800000000002
2017-11-29,toys,21,3512.7199999999993
2017-11-29,watches_gifts,28,3503.9600000000005
2017-11-30,audio,2,96.78999999999999
2017-11-30,auto,13,2196.91
2017-11-30,baby,4,309.79
2017-11-30,bed_bath_table,30,2678.7799999999993
2017-11-30,books_general_interest,1,29.9
2017-11-30,books_technical,1,44.9
2017-11-30,christmas_supplies,3,39.17
2017-11-30,computers_accessories,16,1802.11
2017-11-30,consoles_games,4,122.8
2017-11-30,construction_tools_construction,2,868.0
2017-11-30,construction_tools_safety,1,29.9
2017-11-30,cool_stuff,7,759.49
2017-11-30,drinks,1,45.0
2017-11-30,electronics,9,531.04
2017-11-30,fashion_bags_accessories,3,199.79000000000002
2017-11-30,fashion_underwear_beach,2,234.9
2017-11-30,fixed_telephony,1,90.0
2017-11-30,food,1,63.49
2017-11-30,food_drink,3,278.8
2017-11-30,furniture_decor,23,1617.0300000000007
2017-11-30,furniture_living_room,1,178.99
2017-11-30,garden_tools,10,705.06
2017-11-30,health_beauty,26,1964.100000000001
2017-11-30,home_appliances,4,201.6
2017-11-30,home_confort,2,717.9
2017-11-30,housewares,18,1081.1499999999999
2017-11-30,industry_commerce_and_business,1,42.99
2017-11-30,luggage_accessories,1,99.9
2017-11-30,musical_instruments,2,434.0
2017-11-30,office_furniture,1,169.99
2017-11-30,perfumery,9,479.73999999999995
2017-11-30,pet_shop,4,444.70000000000005
2017-11-30,sports_leisure,17,2863.6800000000003
2017-11-30,stationery,8,725.98
2017-11-30,telephony,9,246.73000000000005
2017-11-30,toys,38,4636.279999999999
2017-11-30,watches_gifts,10,3435.5
2017-12-01,agro_industry_and_commerce,1,425.0
2017-12-01,air_conditioning,1,169.9
2017-12-01,auto,9,1459.97
2017-12-01,baby,7,815.47
2017-12-01,bed_bath_table,31,3163.200000000001
2017-12-01,books_general_interest,1,19.6
2017-12-01,computers_accessories,22,2535.0300000000007
2017-12-01,consoles_games,3,243.8
2017-12-01,construction_tools_construction,4,770.2
2017-12-01,cool_stuff,7,1110.96
2017-12-01,costruction_tools_tools,1,29.9
2017-12-01,drinks,2,646.49
2017-12-01,electronics,11,998.63
2017-12-01,fashion_bags_accessories,6,300.69
2017-12-01,fashion_shoes,1,56.8
2017-12-01,fixed_telephony,1,623.99
2017-12-01,furniture_decor,29,2233.2500000000005
2017-12-01,furniture_living_room,4,710.5999999999999
2017-12-01,garden_tools,7,515.96
2017-12-01,health_beauty,26,3454.0299999999993
2017-12-01,home_appliances,1,209.0
2017-12-01,home_appliances_2,1,269.99
2017-12-01,home_construction,2,535.9
2017-12-01,housewares,14,970.5899999999999
2017-12-01,kitchen_dining_laundry_garden_furniture,1,140.0
2017-12-01,musical_instruments,2,148.0
2017-12-01,office_furniture,1,78.99
2017-12-01,perfumery,12,1272.42
2017-12-01,pet_shop,3,130.88
2017-12-01,small_appliances,1,48.9
2017-12-01,sports_leisure,32,4657.99
2017-12-01,stationery,9,1275.79
2017-12-01,telephony,7,723.65
2017-12-01,toys,20,2852.289999999999
2017-12-01,watches_gifts,22,5072.9
2017-12-02,auto,13,2117.16
2017-12-02,baby,5,1612.69
2017-12-02,bed_bath_table,25,2472.5200000000004
2017-12-02,books_general_interest,1,74.0
2017-12-02,books_technical,1,137.94
2017-12-02,computers_accessories,8,768.18
2017-12-02,consoles_games,1,100.0
2017-12-02,construction_tools_construction,2,688.0
2017-12-02,construction_tools_safety,1,200.0
2017-12-02,cool_stuff,11,1236.53
2017-12-02,electronics,4,243.39
2017-12-02,fashion_bags_accessories,2,84.19999999999999
2017-12-02,flowers,1,59.9
2017-12-02,food_drink,2,25.98
2017-12-02,furniture_decor,16,1380.16
2017-12-02,furniture_living_room,3,293.77
2017-12-02,garden_tools,9,465.95000000000005
2017-12-02,health_beauty,21,3201.9799999999987
2017-12-02,home_appliances,1,28.9
2017-12-02,home_confort,2,344.0
2017-12-02,housewares,12,935.2199999999999
2017-12-02,kitchen_dining_laundry_garden_furniture,1,449.0
2017-12-02,luggage_accessories,2,132.8
2017-12-02,perfumery,5,696.8
2017-12-02,pet_shop,2,165.0
2017-12-02,small_appliances,2,388.59000000000003
2017-12-02,sports_leisure,14,1330.01
2017-12-02,stationery,10,669.28
2017-12-02,telephony,12,783.8100000000001
2017-12-02,toys,30,3467.799999999999
2017-12-02,watches_gifts,14,6215.579999999998
2017-12-03,auto,5,563.33
2017-12-03,baby,4,282.88
2017-12-03,bed_bath_table,27,2509.23
2017-12-03,computers_accessories,6,484.2
2017-12-03,consoles_games,4,609.0
2017-12-03,cool_stuff,9,1461.65
2017-12-03,drinks,1,40.0
2017-12-03,electronics,7,234.44
2017-12-03,fashion_bags_accessories,11,514.8
2017-12-03,fashion_underwear_beach,1,49.9
2017-12-03,food,1,130.0
2017-12-03,furniture_decor,9,587.38
2017-12-03,furniture_living_room,1,179.99
2017-12-03,furniture_mattress_and_upholstery,1,85.0
2017-12-03,garden_tools,5,325.99
2017-12-03,health_beauty,19,2362.85
2017-12-03,home_appliances,3,69.7
2017-12-03,home_confort,2,245.4
2017-12-03,home_construction,4,925.8
2017-12-03,housewares,11,913.74
2017-12-03,luggage_accessories,2,143.89000000000001
2017-12-03,musical_instruments,3,2255.9
2017-12-03,office_furniture,6,674.94
2017-12-03,perfumery,11,814.1400000000001
2017-12-03,pet_shop,6,647.4
2017-12-03,small_appliances,3,126.0
2017-12-03,sports_leisure,17,1752.5900000000001
2017-12-03,stationery,15,1609.27
2017-12-03,tablets_printing_image,1,69.9
2017-12-03,telephony,10,933.55
2017-12-03,toys,33,3645.9199999999996
2017-12-03,watches_gifts,16,3143.77
2017-12-04,agro_industry_and_commerce,1,412.0
2017-12-04,art,1,49.9
2017-12-04,auto,17,2529.05
2017-12-04,baby,9,1110.48
2017-12-04,bed_bath_table,30,2033.3600000000006
2017-12-04,books_imported,1,77.0
2017-12-04,christmas_supplies,1,9.32
2017-12-04,computers,1,599.0
2017-12-04,computers_accessories,28,2415.28
2017-12-04,consoles_games,3,453.9
2017-12-04,construction_tools_construction,1,299.9
2017-12-04,cool_stuff,8,1347.96
2017-12-04,costruction_tools_garden,1,122.9
2017-12-04,drinks,1,45.0
2017-12-04,electronics,8,566.89
2017-12-04,fashion_bags_accessories,2,128.9
2017-12-04,fashion_male_clothing,1,69.9
2017-12-04,fixed_telephony,1,199.9
2017-12-04,food,1,169.9
2017-12-04,food_drink,5,373.6
2017-12-04,furniture_decor,30,2353.4300000000003
2017-12-04,garden_tools,20,1554.8100000000002
2017-12-04,health_beauty,26,4958.129999999998
2017-12-04,home_appliances,2,279.98
2017-12-04,home_appliances_2,2,413.8
2017-12-04,home_confort,2,398.9
2017-12-04,housewares,19,1542.61
2017-12-04,kitchen_dining_laundry_garden_furniture,1,119.0
2017-12-04,luggage_accessories,5,673.68
2017-12-04,market_place,1,39.9
2017-12-04,musical_instruments,2,233.99
2017-12-04,office_furniture,1,114.99
2017-12-04,party_supplies,1,257.6
2017-12-04,perfumery,13,1543.45
2017-12-04,pet_shop,8,929.87
2017-12-04,small_appliances,2,492.9
2017-12-04,sports_leisure,24,1821.5500000000006
2017-12-04,stationery,10,1264.79
2017-12-04,telephony,15,1541.6100000000001
2017-12-04,toys,30,5379.729999999998
2017-12-04,watches_gifts,18,5048.62
2017-12-05,auto,7,545.7
2017-12-05,baby,4,307.78000000000003
2017-12-05,bed_bath_table,24,2274.73
2017-12-05,books_general_interest,1,66.9
2017-12-05,books_technical,1,127.0
2017-12-05,computers_accessories,20,2050.9600000000005
2017-12-05,consoles_games,5,794.79
2017-12-05,cool_stuff,18,3596.9100000000003
2017-12-05,drinks,1,14.99
2017-12-05,electronics,5,227.54999999999998
2017-12-05,fashion_bags_accessories,11,1192.0
2017-12-05,flowers,1,22.8
2017-12-05,food,1,130.0
2017-12-05,furniture_decor,22,1583.9600000000003
2017-12-05,garden_tools,12,999.52
2017-12-05,health_beauty,20,1695.63
2017-12-05,home_construction,3,487.0
2017-12-05,housewares,21,1007.93
2017-12-05,luggage_accessories,4,438.79
2017-12-05,office_furniture,12,1325.8500000000001
2017-12-05,perfumery,16,2626.06
2017-12-05,pet_shop,5,329.6
2017-12-05,small_appliances,1,299.9
2017-12-05,sports_leisure,31,2790.4700000000007
2017-12-05,stationery,13,987.13
2017-12-05,telephony,10,246.13000000000002
2017-12-05,toys,32,3344.249999999999
2017-12-05,watches_gifts,11,2999.58
2017-12-06,agro_industry_and_commerce,1,425.0
2017-12-06,auto,18,2639.07
2017-12-06,baby,4,335.9
2017-12-06,bed_bath_table,15,2160.4900000000002
2017-12-06,computers,1,599.0
2017-12-06,computers_accessories,6,574.4300000000001
2017-12-06,consoles_games,5,1445.8700000000001
2017-12-06,construction_tools_lights,1,88.0
2017-12-06,cool_stuff,21,3975.109999999999
2017-12-06,costruction_tools_garden,1,105.6
2017-12-06,diapers_and_hygiene,2,76.0
2017-12-06,drinks,1,59.49
2017-12-06,electronics,13,395.5
2017-12-06,fashion_bags_accessories,4,297.0
2017-12-06,fashion_male_clothing,1,38.5
2017-12-06,fashion_shoes,1,84.9
2017-12-06,fashion_underwear_beach,2,109.8
2017-12-06,food,1,39.9
2017-12-06,food_drink,1,39.9
2017-12-06,furniture_decor,13,1193.79
2017-12-06,furniture_mattress_and_upholstery,1,249.0
2017-12-06,garden_tools,24,2264.91
2017-12-06,health_beauty,34,4382.119999999999
2017-12-06,home_appliances,2,134.9
2017-12-06,home_construction,3,201.0
2017-12-06,housewares,14,830.26
2017-12-06,kitchen_dining_laundry_garden_furniture,1,379.0
2017-12-06,luggage_accessories,3,409.78999999999996
2017-12-06,market_place,1,27.93
2017-12-06,musical_instruments,2,138.9
2017-12-06,office_furniture,1,139.99
2017-12-06,perfumery,11,872.0400000000001
2017-12-06,pet_shop,2,179.9
2017-12-06,small_appliances,4,2455.8900000000003
2017-12-06,sports_leisure,14,2176.88
2017-12-06,stationery,11,1417.6
2017-12-06,telephony,14,1072.6000000000001
2017-12-06,toys,32,3403.749999999999
2017-12-06,watches_gifts,12,2140.8
2017-12-07,auto,14,1800.5900000000004
2017-12-07,baby,7,804.77
2017-12-07,bed_bath_table,21,2201.4600000000005
2017-12-07,books_general_interest,4,167.8
2017-12-07,christmas_supplies,2,75.4
2017-12-07,computers,4,2396.0
2017-12-07,computers_accessories,9,818.63
2017-12-07,construction_tools_construction,2,88.0
2017-12-07,cool_stuff,6,784.12
2017-12-07,drinks,2,84.49000000000001
2017-12-07,electronics,14,256.40000000000003
2017-12-07,fashion_underwear_beach,1,155.0
2017-12-07,food_drink,2,97.6
2017-12-07,furniture_decor,13,1457.4800000000002
2017-12-07,furniture_living_room,1,329.9
2017-12-07,garden_tools,18,1891.9
2017-12-07,health_beauty,21,2286.1400000000003
2017-12-07,home_appliances,3,78.25
2017-12-07,home_construction,2,94.3
2017-12-07,housewares,9,845.6899999999999
2017-12-07,industry_commerce_and_business,1,745.0
2017-12-07,luggage_accessories,2,279.98
2017-12-07,musical_instruments,2,222.9
2017-12-07,office_furniture,1,112.99
2017-12-07,perfumery,8,638.58
2017-12-07,pet_shop,1,104.0
2017-12-07,small_appliances,1,159.0
2017-12-07,sports_leisure,25,3390.1600000000003
2017-12-07,stationery,5,482.79
2017-12-07,telephony,7,207.84
2017-12-07,toys,29,2668.97
2017-12-07,watches_gifts,12,1159.1
2017-12-08,agro_industry_and_commerce,1,267.0
2017-12-08,audio,1,49.9
2017-12-08,auto,11,2058.29
2017-12-08,baby,9,834.9799999999999
2017-12-08,bed_bath_table,13,1375.1899999999998
2017-12-08,books_general_interest,5,264.59999999999997
2017-12-08,christmas_supplies,1,8.1
2017-12-08,computers_accessories,12,2188.88
2017-12-08,consoles_games,1,34.9
2017-12-08,construction_tools_safety,2,599.9300000000001
2017-12-08,cool_stuff,18,2333.6300000000006
2017-12-08,drinks,1,59.49
2017-12-08,electronics,10,510.24999999999994
2017-12-08,fashion_bags_accessories,4,428.89
2017-12-08,furniture_decor,15,1143.3
2017-12-08,furniture_living_room,1,125.9
2017-12-08,garden_tools,11,978.4599999999999
2017-12-08,health_beauty,22,3397.229999999999
2017-12-08,home_construction,2,332.65
2017-12-08,housewares,10,1228.28
2017-12-08,kitchen_dining_laundry_garden_furniture,1,229.9
2017-12-08,luggage_accessories,3,343.88
2017-12-08,musical_instruments,1,180.0
2017-12-08,office_furniture,4,414.96000000000004
2017-12-08,perfumery,8,1240.48
2017-12-08,pet_shop,1,26.99
2017-12-08,sports_leisure,27,3680.2700000000004
2017-12-08,stationery,6,321.70000000000005
2017-12-08,telephony,3,82.97
2017-12-08,toys,14,1973.29
2017-12-08,watches_gifts,8,1310.8000000000002
2017-12-09,air_conditioning,2,498.9
2017-12-09,auto,8,2001.44
2017-12-09,baby,6,637.6899999999999
2017-12-09,bed_bath_table,19,1339.2500000000002
2017-12-09,books_general_interest,2,65.8
2017-12-09,computers_accessories,4,406.98
2017-12-09,consoles_games,1,79.99
2017-12-09,construction_tools_construction,2,1094.0
2017-12-09,cool_stuff,13,2183.96
2017-12-09,electronics,7,480.19999999999993
2017-12-09,fashion_bags_accessories,2,308.99
2017-12-09,furniture_decor,9,729.5799999999999
2017-12-09,garden_tools,8,545.0
2017-12-09,health_beauty,6,811.77
2017-12-09,home_appliances_2,1,209.99
2017-12-09,housewares,1,45.99
2017-12-09,market_place,2,39.8
2017-12-09,musical_instruments,3,704.89
2017-12-09,perfumery,9,971.65
2017-12-09,pet_shop,4,297.69
2017-12-09,small_appliances,1,48.9
2017-12-09,sports_leisure,20,2143.21
2017-12-09,stationery,4,394.99
2017-12-09,tablets_printing_image,1,69.9
2017-12-09,telephony,10,639.6300000000001
2017-12-09,toys,12,1209.61
2017-12-09,watches_gifts,7,1211.6999999999998
2017-12-10,agro_industry_and_commerce,1,89.9
2017-12-10,auto,10,527.4000000000001
2017-12-10,baby,8,724.46
2017-12-10,bed_bath_table,15,1475.47
2017-12-10,books_technical,1,130.8
2017-12-10,computers_accessories,9,809.2099999999999
2017-12-10,consoles_games,2,369.0
2017-12-10,construction_tools_construction,1,599.0
2017-12-10,cool_stuff,4,742.78
2017-12-10,costruction_tools_garden,1,495.0
2017-12-10,electronics,7,149.74
2017-12-10,fashion_bags_accessories,8,325.97
2017-12-10,fashion_underwear_beach,1,49.9
2017-12-10,food,1,19.9
2017-12-10,furniture_decor,4,286.70000000000005
2017-12-10,furniture_living_room,4,237.69000000000003
2017-12-10,garden_tools,13,899.77
2017-12-10,health_beauty,8,751.31
2017-12-10,home_confort,1,399.0
2017-12-10,home_construction,1,37.95
2017-12-10,housewares,13,1632.21
2017-12-10,kitchen_dining_laundry_garden_furniture,1,340.0
2017-12-10,luggage_accessories,2,548.89
2017-12-10,market_place,1,35.99
2017-12-10,musical_instruments,1,179.9
2017-12-10,office_furniture,1,119.99
2017-12-10,perfumery,9,946.77
2017-12-10,sports_leisure,18,2225.8599999999997
2017-12-10,stationery,2,338.0
2017-12-10,tablets_printing_image,2,139.8
2017-12-10,telephony,13,662.25
2017-12-10,toys,23,3036.99
2017-12-10,watches_gifts,11,4056.6000000000004
2017-12-11,audio,2,108.9
2017-12-11,auto,16,1656.6700000000005
2017-12-11,baby,7,1676.7900000000002
2017-12-11,bed_bath_table,23,1940.6400000000003
2017-12-11,books_general_interest,2,149.8
2017-12-11,books_technical,1,274.95
2017-12-11,christmas_supplies,1,45.8
2017-12-11,computers,1,599.0
2017-12-11,computers_accessories,9,1060.95
2017-12-11,consoles_games,5,951.5
2017-12-11,construction_tools_construction,1,79.9
2017-12-11,cool_stuff,15,1750.4700000000005
2017-12-11,costruction_tools_tools,1,29.9
2017-12-11,drinks,1,51.49
2017-12-11,electronics,9,248.58999999999997
2017-12-11,fashion_bags_accessories,7,384.2
2017-12-11,fashion_sport,1,59.9
2017-12-11,fixed_telephony,1,64.98
2017-12-11,food_drink,4,205.6
2017-12-11,furniture_decor,8,643.3
2017-12-11,furniture_living_room,1,54.99
2017-12-11,garden_tools,7,445.9
2017-12-11,health_beauty,23,2908.6300000000006
2017-12-11,home_confort,1,76.9
2017-12-11,home_construction,3,462.65
2017-12-11,housewares,10,667.3599999999999
2017-12-11,kitchen_dining_laundry_garden_furniture,1,299.0
2017-12-11,luggage_accessories,1,34.99
2017-12-11,musical_instruments,1,129.9
2017-12-11,office_furniture,6,779.71
2017-12-11,party_supplies,1,257.6
2017-12-11,perfumery,14,1483.54
2017-12-11,pet_shop,1,100.4
2017-12-11,sports_leisure,27,3757.850000000001
2017-12-11,stationery,12,1319.69
2017-12-11,telephony,10,373.74000000000007
2017-12-11,toys,30,4368.24
2017-12-11,watches_gifts,20,3188.3
2017-12-12,auto,16,2085.08
2017-12-12,baby,7,516.26
2017-12-12,bed_bath_table,23,2045.5800000000008
2017-12-12,books_general_interest,2,145.0
2017-12-12,christmas_supplies,1,16.56
2017-12-12,computers,1,1340.0
2017-12-12,computers_accessories,11,1441.56
2017-12-12,consoles_games,5,151.3
2017-12-12,construction_tools_construction,3,222.95
2017-12-12,cool_stuff,11,1481.5300000000002
2017-12-12,costruction_tools_tools,1,29.9
2017-12-12,drinks,1,51.49
2017-12-12,dvds_blu_ray,1,119.9
2017-12-12,electronics,14,327.3499999999999
2017-12-12,fashion_bags_accessories,3,133.89000000000001
2017-12-12,fashion_shoes,1,56.8
2017-12-12,fashion_underwear_beach,1,110.0
2017-12-12,food,1,149.3
2017-12-12,food_drink,1,40.8
2017-12-12,furniture_decor,29,1946.3500000000006
2017-12-12,furniture_mattress_and_upholstery,1,44.7
2017-12-12,garden_tools,6,379.99
2017-12-12,health_beauty,16,2356.39
2017-12-12,home_appliances_2,1,119.99
2017-12-12,home_confort,1,399.0
2017-12-12,home_construction,2,599.0
2017-12-12,housewares,17,1468.9900000000002
2017-12-12,industry_commerce_and_business,1,79.9
2017-12-12,luggage_accessories,1,149.99
2017-12-12,market_place,1,32.3
2017-12-12,musical_instruments,3,711.7
2017-12-12,office_furniture,3,564.58
2017-12-12,perfumery,9,1512.8600000000001
2017-12-12,pet_shop,3,280.89
2017-12-12,signaling_and_security,1,100.0
2017-12-12,small_appliances,3,330.0
2017-12-12,sports_leisure,16,2859.5700000000006
2017-12-12,stationery,9,1088.67
2017-12-12,tablets_printing_image,1,69.9
2017-12-12,telephony,7,395.75
2017-12-12,toys,24,3102.329999999999
2017-12-12,watches_gifts,25,3373.1000000000004
2017-12-13,auto,12,929.78
2017-12-13,baby,4,754.88
2017-12-13,bed_bath_table,16,1631.0500000000004
2017-12-13,books_general_interest,1,6.0
2017-12-13,christmas_supplies,1,39.9
2017-12-13,computers_accessories,10,1932.69
2017-12-13,consoles_games,2,449.0
2017-12-13,construction_tools_construction,4,205.9
2017-12-13,cool_stuff,10,1112.36
2017-12-13,electronics,6,432.85
2017-12-13,fashion_bags_accessories,5,962.79
2017-12-13,fashion_male_clothing,1,49.99
2017-12-13,fashion_shoes,2,169.8
2017-12-13,fashion_underwear_beach,1,59.9
2017-12-13,furniture_decor,8,831.9899999999999
2017-12-13,furniture_living_room,1,54.9
2017-12-13,furniture_mattress_and_upholstery,1,85.0
2017-12-13,garden_tools,33,2356.4800000000005
2017-12-13,health_beauty,24,3244.46
2017-12-13,home_appliances_2,1,229.99
2017-12-13,home_confort,1,47.0
2017-12-13,home_construction,2,670.1
2017-12-13,housewares,10,1013.3899999999999
2017-12-13,industry_commerce_and_business,1,79.9
2017-12-13,luggage_accessories,2,359.5
2017-12-13,musical_instruments,1,79.9
2017-12-13,office_furniture,3,583.9300000000001
2017-12-13,perfumery,12,1552.1000000000004
2017-12-13,pet_shop,3,344.0
2017-12-13,small_appliances,2,77.28999999999999
2017-12-13,sports_leisure,23,2076.09
2017-12-13,stationery,11,1057.69
2017-12-13,telephony,4,93.68999999999998
2017-12-13,toys,16,1729.8200000000002
2017-12-13,watches_gifts,18,3084.03
2017-12-14,audio,1,219.0
2017-12-14,auto,16,3304.7900000000004
2017-12-14,baby,4,838.0
2017-12-14,bed_bath_table,15,933.1499999999999
2017-12-14,books_general_interest,1,38.0
2017-12-14,books_imported,1,77.0
2017-12-14,computers_accessories,9,1655.35
2017-12-14,consoles_games,5,173.4
2017-12-14,cool_stuff,8,1181.85
2017-12-14,drinks,1,51.49
2017-12-14,electronics,6,104.38999999999999
2017-12-14,fashion_bags_accessories,4,409.6
2017-12-14,furniture_decor,8,403.28999999999996
2017-12-14,furniture_living_room,2,183.8
2017-12-14,garden_tools,12,838.09
2017-12-14,health_beauty,11,1769.7700000000002
2017-12-14,home_construction,3,462.65
2017-12-14,housewares,9,558.6999999999999
2017-12-14,kitchen_dining_laundry_garden_furniture,2,444.88
2017-12-14,market_place,1,49.9
2017-12-14,musical_instruments,4,1415.7800000000002
2017-12-14,office_furniture,1,299.9
2017-12-14,perfumery,9,995.55
2017-12-14,pet_shop,1,24.99
2017-12-14,small_appliances,1,998.0
2017-12-14,sports_leisure,25,2891.76
2017-12-14,stationery,13,1339.7900000000002
2017-12-14,tablets_printing_image,1,69.9
2017-12-14,telephony,12,628.5
2017-12-14,toys,17,1587.5800000000002
2017-12-14,watches_gifts,6,861.6999999999999
2017-12-15,audio,2,96.78999999999999
2017-12-15,auto,13,1665.78
2017-12-15,baby,5,1244.6900000000003
2017-12-15,bed_bath_table,18,1329.69
2017-12-15,books_general_interest,1,34.0
2017-12-15,computers,2,2680.0
2017-12-15,computers_accessories,7,2569.62
2017-12-15,consoles_games,2,49.0
2017-12-15,cool_stuff,10,1088.77
2017-12-15,drinks,1,51.49
2017-12-15,electronics,5,422.68
2017-12-15,fashion_bags_accessories,4,288.79
2017-12-15,fashion_shoes,3,170.39999999999998
2017-12-15,fashion_underwear_beach,1,155.0
2017-12-15,food_drink,3,108.6
2017-12-15,furniture_decor,10,874.7900000000001
2017-12-15,furniture_living_room,1,34.5
2017-12-15,garden_tools,6,386.99
2017-12-15,health_beauty,19,3645.91
2017-12-15,home_construction,2,441.15
2017-12-15,housewares,9,589.77
2017-12-15,industry_commerce_and_business,1,268.0
2017-12-15,luggage_accessories,2,378.98
2017-12-15,musical_instruments,1,169.9
2017-12-15,perfumery,9,768.3599999999999
2017-12-15,pet_shop,4,371.9
2017-12-15,small_appliances,1,193.0
2017-12-15,sports_leisure,16,2016.5800000000002
2017-12-15,stationery,10,921.99
2017-12-15,telephony,11,321.22
2017-12-15,toys,6,685.79
2017-12-15,watches_gifts,14,2438.4900000000002
2017-12-16,art,1,5.35
2017-12-16,audio,1,76.89
2017-12-16,auto,5,996.83
2017-12-16,baby,4,508.89
2017-12-16,bed_bath_table,18,1665.5000000000002
2017-12-16,books_general_interest,2,153.0
2017-12-16,computers,4,3137.0
2017-12-16,computers_accessories,5,348.68999999999994
2017-12-16,consoles_games,5,253.28
2017-12-16,construction_tools_safety,1,379.94
2017-12-16,cool_stuff,4,792.78
2017-12-16,costruction_tools_tools,1,199.9
2017-12-16,drinks,3,110.47
2017-12-16,electronics,5,251.60000000000002
2017-12-16,fashion_bags_accessories,4,233.70000000000002
2017-12-16,furniture_decor,7,645.47
2017-12-16,garden_tools,4,328.97
2017-12-16,health_beauty,11,1354.35
2017-12-16,home_construction,1,40.0
2017-12-16,housewares,4,429.79999999999995
2017-12-16,market_place,1,72.9
2017-12-16,musical_instruments,2,154.89
2017-12-16,perfumery,9,1105.67
2017-12-16,pet_shop,3,227.98000000000002
2017-12-16,sports_leisure,7,1365.5700000000002
2017-12-16,stationery,4,422.0
2017-12-16,telephony,4,114.96
2017-12-16,toys,3,209.89000000000001
2017-12-16,watches_gifts,14,3909.69
2017-12-17,audio,2,39.8
2017-12-17,auto,7,850.36
2017-12-17,baby,2,174.99
2017-12-17,bed_bath_table,9,1051.17
2017-12-17,books_general_interest,1,36.0
2017-12-17,computers_accessories,5,1255.78
2017-12-17,consoles_games,5,333.46999999999997
2017-12-17,cool_stuff,6,1099.8700000000001
2017-12-17,drinks,1,51.49
2017-12-17,electronics,5,82.6
2017-12-17,fashion_bags_accessories,8,582.99
2017-12-17,furniture_decor,16,1334.44
2017-12-17,garden_tools,9,2312.9799999999996
2017-12-17,health_beauty,14,3832.34
2017-12-17,home_confort,2,173.8
2017-12-17,housewares,8,651.1899999999999
2017-12-17,musical_instruments,1,359.0
2017-12-17,perfumery,4,376.97
2017-12-17,pet_shop,2,689.8
2017-12-17,sports_leisure,14,1320.44
2017-12-17,stationery,3,277.0
2017-12-17,telephony,2,54.98
2017-12-17,toys,9,828.27
2017-12-17,watches_gifts,11,1112.6
2017-12-18,auto,11,2963.2700000000004
2017-12-18,baby,6,1384.68
2017-12-18,bed_bath_table,29,3014.45
2017-12-18,books_general_interest,1,28.0
2017-12-18,books_imported,1,77.0
2017-12-18,cds_dvds_musicals,1,65.0
2017-12-18,computers,1,599.0
2017-12-18,computers_accessories,8,879.88
2017-12-18,consoles_games,4,393.0
2017-12-18,cool_stuff,4,750.86
2017-12-18,costruction_tools_garden,2,83.5
2017-12-18,drinks,1,55.49
2017-12-18,electronics,9,384.05
2017-12-18,fashion_bags_accessories,2,339.89
2017-12-18,fashion_underwear_beach,1,152.0
2017-12-18,furniture_decor,5,2317.7000000000003
2017-12-18,furniture_living_room,1,109.97
2017-12-18,furniture_mattress_and_upholstery,2,170.0
2017-12-18,garden_tools,5,341.46
2017-12-18,health_beauty,13,1246.92
2017-12-18,home_construction,1,54.4
2017-12-18,housewares,10,798.79
2017-12-18,industry_commerce_and_business,2,259.8
2017-12-18,kitchen_dining_laundry_garden_furniture,5,604.88
2017-12-18,market_place,2,196.9
2017-12-18,musical_instruments,2,451.84000000000003
2017-12-18,perfumery,12,1530.65
2017-12-18,pet_shop,3,501.99
2017-12-18,small_appliances,1,50.0
2017-12-18,sports_leisure,20,2358.7800000000007
2017-12-18,stationery,13,1285.2900000000004
2017-12-18,telephony,12,351.89000000000004
2017-12-18,toys,12,1637.5
2017-12-18,watches_gifts,22,3159.88
2017-12-19,audio,2,108.9
2017-12-19,auto,13,2153.0500000000006
2017-12-19,baby,3,642.9
2017-12-19,bed_bath_table,11,866.28
2017-12-19,books_general_interest,2,73.9
2017-12-19,christmas_supplies,3,38.099999999999994
2017-12-19,computers_accessories,5,309.95
2017-12-19,consoles_games,2,469.76
2017-12-19,construction_tools_safety,3,205.05
2017-12-19,cool_stuff,8,1288.84
2017-12-19,drinks,1,55.49
2017-12-19,electronics,7,91.95
2017-12-19,fashion_bags_accessories,3,173.0
2017-12-19,fashion_shoes,2,117.80000000000001
2017-12-19,fashion_underwear_beach,1,59.9
2017-12-19,food,1,19.49
2017-12-19,furniture_decor,17,1539.0100000000004
2017-12-19,furniture_mattress_and_upholstery,1,85.0
2017-12-19,garden_tools,7,942.6899999999999
2017-12-19,health_beauty,19,1001.34
2017-12-19,housewares,12,1165.2
2017-12-19,market_place,1,19.9
2017-12-19,musical_instruments,1,621.91
2017-12-19,perfumery,10,789.27
2017-12-19,small_appliances,1,712.5
2017-12-19,sports_leisure,20,2227.5000000000005
2017-12-19,stationery,12,942.17
2017-12-19,telephony,6,281.45000000000005
2017-12-19,toys,4,407.78000000000003
2017-12-19,watches_gifts,17,2682.38
2017-12-20,agro_industry_and_commerce,2,820.0
2017-12-20,auto,10,1392.5900000000001
2017-12-20,baby,4,1110.7
2017-12-20,bed_bath_table,15,1120.07
2017-12-20,christmas_supplies,1,69.9
2017-12-20,computers,1,599.0
2017-12-20,computers_accessories,17,2411.0699999999997
2017-12-20,consoles_games,2,464.49
2017-12-20,construction_tools_construction,2,163.8
2017-12-20,cool_stuff,5,373.88
2017-12-20,costruction_tools_garden,1,121.9
2017-12-20,drinks,1,55.49
2017-12-20,electronics,9,769.0899999999999
2017-12-20,fashion_bags_accessories,2,84.8
2017-12-20,fashion_male_clothing,1,292.5
2017-12-20,fashion_shoes,1,157.9
2017-12-20,furniture_decor,6,602.48
2017-12-20,furniture_mattress_and_upholstery,1,85.0
2017-12-20,garden_tools,12,859.98
2017-12-20,health_beauty,13,2790.7400000000007
2017-12-20,home_appliances_2,1,223.9
2017-12-20,home_construction,3,576.75
2017-12-20,housewares,13,1125.88
2017-12-20,luggage_accessories,1,55.9
2017-12-20,musical_instruments,3,1644.6000000000001
2017-12-20,office_furniture,2,138.89
2017-12-20,perfumery,5,967.89
2017-12-20,pet_shop,2,150.0
2017-12-20,small_appliances,1,597.0
2017-12-20,sports_leisure,21,3504.170000000001
2017-12-20,stationery,9,938.26
2017-12-20,telephony,12,466.71000000000004
2017-12-20,toys,3,405.64
2017-12-20,watches_gifts,6,943.7
2017-12-21,audio,1,36.0
2017-12-21,auto,3,708.7
2017-12-21,baby,7,1071.79
2017-12-21,bed_bath_table,13,1402.1700000000003
2017-12-21,books_general_interest,1,44.9
2017-12-21,computers_accessories,12,3494.3499999999995
2017-12-21,consoles_games,2,49.0
2017-12-21,cool_stuff,5,844.15
2017-12-21,drinks,1,57.49
2017-12-21,electronics,6,134.19
2017-12-21,fashion_bags_accessories,6,467.09999999999997
2017-12-21,food_drink,1,40.8
2017-12-21,furniture_decor,15,1242.3500000000001
2017-12-21,garden_tools,8,827.99
2017-12-21,health_beauty,10,1160.3
2017-12-21,housewares,11,1095.36
2017-12-21,kitchen_dining_laundry_garden_furniture,2,423.88
2017-12-21,luggage_accessories,1,49.0
2017-12-21,market_place,1,39.9
2017-12-21,office_furniture,2,349.97
2017-12-21,perfumery,3,153.88
2017-12-21,pet_shop,1,56.0
2017-12-21,sports_leisure,5,499.69999999999993
2017-12-21,stationery,9,739.98
2017-12-21,telephony,6,167.94
2017-12-21,toys,10,1571.08
2017-12-21,watches_gifts,8,1022.89
2017-12-22,agro_industry_and_commerce,1,2199.0
2017-12-22,auto,5,450.72999999999996
2017-12-22,baby,2,185.9
2017-12-22,bed_bath_table,18,1366.9600000000003
2017-12-22,books_general_interest,1,32.9
2017-12-22,christmas_supplies,1,69.9
2017-12-22,computers_accessories,10,1239.97
2017-12-22,consoles_games,3,98.99000000000001
2017-12-22,cool_stuff,1,70.0
2017-12-22,drinks,5,137.09
2017-12-22,electronics,3,100.3
2017-12-22,fashion_bags_accessories,5,187.7
2017-12-22,furniture_decor,5,359.13
2017-12-22,garden_tools,8,925.89
2017-12-22,health_beauty,9,775.2399999999999
2017-12-22,home_appliances_2,1,522.5
2017-12-22,housewares,7,844.77
2017-12-22,luggage_accessories,1,119.9
2017-12-22,market_place,1,27.93
2017-12-22,musical_instruments,1,39.9
2017-12-22,perfumery,1,52.9
2017-12-22,pet_shop,2,134.8
2017-12-22,sports_leisure,6,664.29
2017-12-22,stationery,7,794.89
2017-12-22,telephony,8,262.95000000000005
2017-12-22,toys,5,768.3199999999999
2017-12-22,watches_gifts,7,1729.8000000000002
2017-12-23,audio,1,598.99
2017-12-23,auto,2,679.0
2017-12-23,baby,4,544.8
2017-12-23,bed_bath_table,14,1470.9900000000002
2017-12-23,books_general_interest,3,176.9
2017-12-23,computers,1,599.0
2017-12-23,computers_accessories,10,1077.76
2017-12-23,consoles_games,2,159.9
2017-12-23,cool_stuff,4,634.88
2017-12-23,electronics,2,257.9
2017-12-23,fixed_telephony,1,70.0
2017-12-23,food,1,18.45
2017-12-23,furniture_decor,9,390.29999999999995
2017-12-23,garden_tools,6,443.15
2017-12-23,health_beauty,10,713.22
2017-12-23,home_appliances,1,149.99
2017-12-23,home_confort,1,86.9
2017-12-23,housewares,9,503.20000000000005
2017-12-23,luggage_accessories,1,248.99
2017-12-23,perfumery,1,56.99
2017-12-23,pet_shop,2,124.80000000000001
2017-12-23,sports_leisure,9,547.28
2017-12-23,stationery,4,366.99
2017-12-23,telephony,4,120.86999999999999
2017-12-23,toys,5,894.7
2017-12-23,watches_gifts,2,349.79999999999995
2017-12-24,art,1,60.0
2017-12-24,auto,2,424.99
2017-12-24,baby,3,264.78999999999996
2017-12-24,bed_bath_table,5,515.7
2017-12-24,books_general_interest,1,159.9
2017-12-24,computers_accessories,4,450.89
2017-12-24,consoles_games,1,24.5
2017-12-24,cool_stuff,4,842.85
2017-12-24,drinks,1,57.49
2017-12-24,electronics,1,19.9
2017-12-24,fashion_bags_accessories,3,214.89000000000001
2017-12-24,furniture_decor,9,505.28000000000003
2017-12-24,garden_tools,1,179.99
2017-12-24,health_beauty,7,666.25
2017-12-24,housewares,2,279.89
2017-12-24,perfumery,3,84.97
2017-12-24,sports_leisure,2,198.5
2017-12-24,telephony,4,131.97
2017-12-24,toys,2,119.97999999999999
2017-12-24,watches_gifts,3,397.28999999999996
2017-12-25,audio,1,76.89
2017-12-25,auto,1,109.9
2017-12-25,baby,2,220.0
2017-12-25,bed_bath_table,11,891.3
2017-12-25,computers_accessories,2,166.89000000000001
2017-12-25,consoles_games,5,255.8
2017-12-25,cool_stuff,1,166.99
2017-12-25,drinks,2,112.98
2017-12-25,electronics,3,123.10000000000001
2017-12-25,fashion_bags_accessories,2,82.9
2017-12-25,food,3,170.91
2017-12-25,furniture_decor,11,960.3999999999999
2017-12-25,garden_tools,8,668.5699999999999
2017-12-25,health_beauty,4,343.87
2017-12-25,home_confort,1,86.9
2017-12-25,housewares,5,601.4
2017-12-25,kitchen_dining_laundry_garden_furniture,1,379.0
2017-12-25,office_furniture,1,139.99
2017-12-25,perfumery,1,197.9
2017-12-25,sports_leisure,9,588.58
2017-12-25,stationery,5,418.0
2017-12-25,telephony,5,166.96
2017-12-25,toys,5,2077.69
2017-12-25,watches_gifts,7,851.72
2017-12-26,audio,2,675.88
2017-12-26,auto,5,801.3399999999999
2017-12-26,baby,1,29.9
2017-12-26,bed_bath_table,20,1761.0000000000005
2017-12-26,books_general_interest,3,275.9
2017-12-26,computers,3,1797.0
2017-12-26,computers_accessories,15,1439.04
2017-12-26,consoles_games,4,146.98000000000002
2017-12-26,construction_tools_construction,3,1453.9
2017-12-26,cool_stuff,6,1026.8700000000001
2017-12-26,electronics,2,40.8
2017-12-26,fashion_bags_accessories,4,321.99
2017-12-26,food,1,41.49
2017-12-26,furniture_decor,17,1234.4000000000003
2017-12-26,garden_tools,5,368.96
2017-12-26,health_beauty,9,490.83000000000004
2017-12-26,home_appliances,1,41.29
2017-12-26,housewares,5,472.49
2017-12-26,industry_commerce_and_business,1,79.9
2017-12-26,kitchen_dining_laundry_garden_furniture,2,89.76
2017-12-26,perfumery,11,1244.6499999999999
2017-12-26,pet_shop,1,270.0
2017-12-26,sports_leisure,12,883.0699999999999
2017-12-26,stationery,7,777.49
2017-12-26,telephony,17,537.58
2017-12-26,toys,5,1384.69
2017-12-26,watches_gifts,9,1417.19
2017-12-27,auto,6,741.0999999999999
2017-12-27,baby,2,81.99
2017-12-27,bed_bath_table,20,1817.4800000000005
2017-12-27,books_general_interest,1,117.5
2017-12-27,christmas_supplies,1,6.19
2017-12-27,computers_accessories,6,632.78
2017-12-27,consoles_games,1,38.9
2017-12-27,construction_tools_construction,1,109.9
2017-12-27,cool_stuff,5,1009.78
2017-12-27,costruction_tools_tools,1,29.9
2017-12-27,drinks,1,55.49
2017-12-27,electronics,10,188.61
2017-12-27,fashion_bags_accessories,7,815.89
2017-12-27,fixed_telephony,1,39.9
2017-12-27,food_drink,1,60.0
2017-12-27,furniture_decor,8,613.8
2017-12-27,garden_tools,18,996.3999999999997
2017-12-27,health_beauty,13,956.09
2017-12-27,home_appliances,1,209.0
2017-12-27,home_construction,2,476.2
2017-12-27,housewares,8,1894.9
2017-12-27,luggage_accessories,4,343.69000000000005
2017-12-27,market_place,1,119.9
2017-12-27,musical_instruments,1,67.9
2017-12-27,perfumery,6,559.95
2017-12-27,pet_shop,4,287.59
2017-12-27,small_appliances,1,62.9
2017-12-27,sports_leisure,8,633.5899999999999
2017-12-27,stationery,5,455.70000000000005
2017-12-27,telephony,11,577.8100000000001
2017-12-27,toys,5,353.6
2017-12-27,watches_gifts,9,1273.59
2017-12-28,agro_industry_and_commerce,1,412.0
2017-12-28,auto,7,774.0999999999999
2017-12-28,baby,4,401.86
2017-12-28,bed_bath_table,16,1760.8400000000001
2017-12-28,books_general_interest,2,153.8
2017-12-28,christmas_supplies,1,69.9
2017-12-28,computers,2,1198.0
2017-12-28,computers_accessories,2,203.98000000000002
2017-12-28,consoles_games,5,123.49
2017-12-28,construction_tools_construction,1,54.9
2017-12-28,cool_stuff,8,754.78
2017-12-28,costruction_tools_tools,1,29.9
2017-12-28,drinks,1,55.49
2017-12-28,electronics,6,180.48000000000002
2017-12-28,fashion_bags_accessories,4,253.5
2017-12-28,fashion_underwear_beach,1,59.9
2017-12-28,furniture_decor,7,178.49
2017-12-28,garden_tools,13,818.8799999999999
2017-12-28,health_beauty,12,879.49
2017-12-28,housewares,7,377.6
2017-12-28,industry_commerce_and_business,2,316.0
2017-12-28,luggage_accessories,2,303.89
2017-12-28,musical_instruments,2,235.9
2017-12-28,office_furniture,1,94.9
2017-12-28,perfumery,3,427.79999999999995
2017-12-28,pet_shop,1,99.9
2017-12-28,small_appliances,1,499.0
2017-12-28,sports_leisure,8,854.2499999999999
2017-12-28,stationery,6,608.47
2017-12-28,telephony,8,387.83000000000004
2017-12-28,toys,7,653.87
2017-12-28,watches_gifts,7,731.6200000000001
2017-12-29,agro_industry_and_commerce,2,241.8
2017-12-29,auto,1,89.9
2017-12-29,bed_bath_table,18,1279.3899999999999
2017-12-29,books_general_interest,1,34.0
2017-12-29,computers_accessories,7,1179.88
2017-12-29,consoles_games,2,45.5
2017-12-29,construction_tools_lights,1,88.0
2017-12-29,cool_stuff,8,1013.75
2017-12-29,drinks,1,57.49
2017-12-29,electronics,6,131.95
2017-12-29,fashion_bags_accessories,5,219.00000000000003
2017-12-29,fashion_shoes,1,84.9
2017-12-29,fashion_underwear_beach,1,59.8
2017-12-29,food,1,50.0
2017-12-29,furniture_bedroom,1,185.0
2017-12-29,furniture_decor,9,463.4
2017-12-29,garden_tools,14,791.2799999999997
2017-12-29,health_beauty,9,1478.3700000000001
2017-12-29,home_construction,2,127.8
2017-12-29,housewares,5,425.88
2017-12-29,luggage_accessories,4,527.89
2017-12-29,perfumery,5,497.77
2017-12-29,pet_shop,2,227.99
2017-12-29,sports_leisure,6,1286.2900000000002
2017-12-29,stationery,10,1111.9299999999998
2017-12-29,telephony,9,280.75
2017-12-29,toys,5,458.69000000000005
2017-12-29,watches_gifts,9,3017.9
2017-12-30,audio,1,598.99
2017-12-30,baby,3,283.78000000000003
2017-12-30,bed_bath_table,11,880.15
2017-12-30,christmas_supplies,1,25.0
2017-12-30,computers_accessories,3,484.91999999999996
2017-12-30,consoles_games,5,122.5
2017-12-30,cool_stuff,6,861.9200000000001
2017-12-30,drinks,1,57.49
2017-12-30,electronics,4,66.94999999999999
2017-12-30,fashion_bags_accessories,4,177.8
2017-12-30,fashion_shoes,1,199.7
2017-12-30,fashion_underwear_beach,1,152.0
2017-12-30,furniture_decor,8,610.4899999999999
2017-12-30,garden_tools,13,1088.88
2017-12-30,health_beauty,4,453.78000000000003
2017-12-30,home_appliances,1,129.99
2017-12-30,housewares,2,324.9
2017-12-30,luggage_accessories,1,109.9
2017-12-30,musical_instruments,2,498.0
2017-12-30,office_furniture,2,749.8
2017-12-30,perfumery,1,235.0
2017-12-30,pet_shop,2,123.5
2017-12-30,signaling_and_security,1,670.0
2017-12-30,sports_leisure,7,1969.6400000000003
2017-12-30,stationery,8,722.9
2017-12-30,telephony,3,63.89
2017-12-30,toys,4,505.5999999999999
2017-12-30,watches_gifts,2,340.0
2017-12-31,baby,2,253.79000000000002
2017-12-31,bed_bath_table,3,332.70000000000005
2017-12-31,books_general_interest,1,34.0
2017-12-31,christmas_supplies,1,19.83
2017-12-31,computers,1,599.0
2017-12-31,computers_accessories,3,140.89000000000001
2017-12-31,cool_stuff,4,594.78
2017-12-31,drinks,1,57.49
2017-12-31,electronics,5,96.29
2017-12-31,fashion_bags_accessories,2,83.9
2017-12-31,food_drink,1,40.8
2017-12-31,furniture_decor,6,427.20000000000005
2017-12-31,garden_tools,1,49.9
2017-12-31,health_beauty,7,1319.2700000000002
2017-12-31,housewares,1,43.98
2017-12-31,kitchen_dining_laundry_garden_furniture,1,379.0
2017-12-31,luggage_accessories,2,314.89
2017-12-31,musical_instruments,1,177.9
2017-12-31,perfumery,3,231.88
2017-12-31,pet_shop,3,298.88
2017-12-31,sports_leisure,1,249.99
2017-12-31,stationery,6,442.86
2017-12-31,telephony,4,104.96
2017-12-31,toys,4,330.9
2017-12-31,watches_gifts,6,1311.8
2018-01-01,auto,2,245.8
2018-01-01,baby,3,371.0
2018-01-01,bed_bath_table,6,355.27
2018-01-01,books_general_interest,1,59.0
2018-01-01,computers_accessories,1,39.0
2018-01-01,consoles_games,2,49.0
2018-01-01,construction_tools_construction,1,109.9
2018-01-01,cool_stuff,6,679.86
2018-01-01,dvds_blu_ray,1,24.9
2018-01-01,electronics,3,199.88000000000002
2018-01-01,fashion_bags_accessories,3,169.2
2018-01-01,furniture_bedroom,1,185.0
2018-01-01,furniture_decor,3,232.8
2018-01-01,garden_tools,3,317.9
2018-01-01,health_beauty,9,825.4100000000001
2018-01-01,housewares,1,72.0
2018-01-01,la_cuisine,1,112.0
2018-01-01,luggage_accessories,1,279.0
2018-01-01,perfumery,1,43.0
2018-01-01,pet_shop,3,257.89
2018-01-01,sports_leisure,3,383.0
2018-01-01,stationery,1,49.0
2018-01-01,telephony,10,370.73
2018-01-01,toys,2,119.80000000000001
2018-01-01,watches_gifts,9,1018.78
2018-01-02,air_conditioning,2,448.9
2018-01-02,auto,10,956.4799999999999
2018-01-02,baby,9,1812.7
2018-01-02,bed_bath_table,25,2309.15
2018-01-02,books_general_interest,1,34.0
2018-01-02,books_technical,1,274.95
2018-01-02,computers,1,599.0
2018-01-02,computers_accessories,7,1932.9199999999998
2018-01-02,consoles_games,3,353.99
2018-01-02,construction_tools_construction,2,1377.0
2018-01-02,cool_stuff,9,1174.8400000000001
2018-01-02,costruction_tools_garden,1,16.6
2018-01-02,drinks,5,194.96
2018-01-02,electronics,19,503.2799999999999
2018-01-02,fashion_bags_accessories,6,187.6
2018-01-02,fixed_telephony,1,408.99
2018-01-02,food_drink,3,53.97
2018-01-02,furniture_decor,10,1011.89
2018-01-02,furniture_living_room,1,109.97
2018-01-02,garden_tools,4,536.8
2018-01-02,health_beauty,15,2316.6
2018-01-02,housewares,8,479.83000000000004
2018-01-02,industry_commerce_and_business,1,79.9
2018-01-02,luggage_accessories,3,461.88
2018-01-02,market_place,1,27.93
2018-01-02,musical_instruments,3,330.9
2018-01-02,perfumery,8,539.88
2018-01-02,pet_shop,1,65.99
2018-01-02,small_appliances,2,199.8
2018-01-02,sports_leisure,14,1943.9500000000003
2018-01-02,stationery,19,1918.6200000000001
2018-01-02,telephony,9,235.25000000000003
2018-01-02,toys,3,225.73000000000002
2018-01-02,watches_gifts,6,485.15
2018-01-03,agro_industry_and_commerce,1,228.0
2018-01-03,auto,10,1506.3900000000003
2018-01-03,baby,8,1944.8600000000001
2018-01-03,bed_bath_table,27,2580.780000000001
2018-01-03,books_general_interest,1,19.95
2018-01-03,computers,1,599.0
2018-01-03,computers_accessories,13,2356.2200000000003
2018-01-03,consoles_games,3,495.98
2018-01-03,cool_stuff,6,974.87
2018-01-03,costruction_tools_garden,2,396.0
2018-01-03,drinks,1,57.49
2018-01-03,electronics,22,601.9799999999999
2018-01-03,fashion_bags_accessories,2,413.9
2018-01-03,fashion_sport,1,59.9
2018-01-03,fixed_telephony,1,1380.0
2018-01-03,food,1,41.49
2018-01-03,furniture_decor,19,1625.0
2018-01-03,garden_tools,3,452.18
2018-01-03,health_beauty,16,1460.2900000000002
2018-01-03,home_confort,1,199.0
2018-01-03,home_construction,2,817.0
2018-01-03,housewares,10,654.5799999999999
2018-01-03,kitchen_dining_laundry_garden_furniture,1,74.9
2018-01-03,luggage_accessories,3,398.98
2018-01-03,market_place,1,27.93
2018-01-03,musical_instruments,4,938.6999999999999
2018-01-03,office_furniture,6,956.76
2018-01-03,perfumery,7,792.1999999999999
2018-01-03,pet_shop,3,518.89
2018-01-03,small_appliances,2,1174.9
2018-01-03,sports_leisure,18,2341.02
2018-01-03,stationery,18,2414.09
2018-01-03,telephony,14,428.20000000000005
2018-01-03,toys,2,369.9
2018-01-03,watches_gifts,10,1457.8500000000001
2018-01-04,agro_industry_and_commerce,1,1330.0
2018-01-04,art,1,129.99
2018-01-04,audio,2,830.9
2018-01-04,auto,5,675.47
2018-01-04,baby,12,781.1399999999999
2018-01-04,bed_bath_table,29,2511.0900000000006
2018-01-04,books_general_interest,2,142.9
2018-01-04,computers,1,599.0
2018-01-04,computers_accessories,12,1558.3700000000001
2018-01-04,consoles_games,2,433.9
2018-01-04,construction_tools_construction,2,133.1
2018-01-04,cool_stuff,13,2934.39
2018-01-04,drinks,5,249.96000000000004
2018-01-04,electronics,12,780.0399999999998
2018-01-04,fashion_bags_accessories,2,127.80000000000001
2018-01-04,fashion_male_clothing,1,59.9
2018-01-04,furniture_decor,30,2859.850000000001
2018-01-04,furniture_living_room,1,54.99
2018-01-04,garden_tools,2,278.0
2018-01-04,health_beauty,22,1982.7100000000003
2018-01-04,home_appliances,1,69.9
2018-01-04,home_appliances_2,1,1054.0
2018-01-04,home_confort,1,249.0
2018-01-04,home_construction,2,80.0
2018-01-04,housewares,6,411.99
2018-01-04,industry_commerce_and_business,1,79.9
2018-01-04,luggage_accessories,3,503.98
2018-01-04,musical_instruments,2,139.8
2018-01-04,office_furniture,2,673.9
2018-01-04,perfumery,7,483.1
2018-01-04,pet_shop,6,901.27
2018-01-04,small_appliances,2,372.0
2018-01-04,sports_leisure,16,2039.0800000000002
2018-01-04,stationery,23,2789.7799999999997
2018-01-04,telephony,11,380.83000000000004
2018-01-04,toys,14,2810.1700000000005
2018-01-04,watches_gifts,7,1710.9
2018-01-05,auto,10,1737.8899999999999
2018-01-05,baby,5,634.88
2018-01-05,bed_bath_table,17,1311.72
2018-01-05,books_general_interest,2,69.9
2018-01-05,computers_accessories,16,1814.8100000000006
2018-01-05,consoles_games,4,182.8
2018-01-05,cool_stuff,10,1039.45
2018-01-05,costruction_tools_garden,1,34.8
2018-01-05,drinks,1,55.49
2018-01-05,electronics,6,276.85
2018-01-05,fashion_bags_accessories,7,388.98999999999995
2018-01-05,fashion_underwear_beach,1,59.9
2018-01-05,flowers,2,33.2
2018-01-05,furniture_decor,22,1748.2900000000004
2018-01-05,furniture_mattress_and_upholstery,1,75.0
2018-01-05,garden_tools,11,732.72
2018-01-05,health_beauty,18,2294.5400000000004
2018-01-05,home_appliances,2,117.49000000000001
2018-01-05,home_confort,1,49.9
2018-01-05,housewares,20,2478.55
2018-01-05,industry_commerce_and_business,4,366.29999999999995
2018-01-05,luggage_accessories,2,279.89
2018-01-05,musical_instruments,1,449.0
2018-01-05,office_furniture,4,441.33000000000004
2018-01-05,perfumery,5,522.2
2018-01-05,pet_shop,3,839.0
2018-01-05,signaling_and_security,1,28.99
2018-01-05,small_appliances,4,920.9
2018-01-05,sports_leisure,13,1147.9499999999998
2018-01-05,stationery,10,1112.4
2018-01-05,telephony,4,111.77999999999999
2018-01-05,toys,10,1622.5800000000002
2018-01-05,watches_gifts,10,2396.9700000000003
2018-01-06,agro_industry_and_commerce,1,410.0
2018-01-06,art,1,129.99
2018-01-06,auto,7,1179.85
2018-01-06,baby,7,581.78
2018-01-06,bed_bath_table,31,2915.6900000000005
2018-01-06,books_general_interest,2,53.95
2018-01-06,christmas_supplies,1,69.9
2018-01-06,cine_photo,1,99.99
2018-01-06,computers,1,599.0
2018-01-06,computers_accessories,22,2759.94
2018-01-06,consoles_games,2,129.4
2018-01-06,construction_tools_construction,3,577.9
2018-01-06,cool_stuff,10,1100.04
2018-01-06,drinks,1,55.49
2018-01-06,electronics,8,292.54
2018-01-06,fashion_bags_accessories,2,208.89000000000001
2018-01-06,furniture_decor,37,2603.670000000001
2018-01-06,garden_tools,5,627.8
2018-01-06,health_beauty,16,1263.8600000000001
2018-01-06,home_confort,1,109.9
2018-01-06,housewares,8,869.91
2018-01-06,kitchen_dining_laundry_garden_furniture,1,379.0
2018-01-06,musical_instruments,2,468.0
2018-01-06,office_furniture,8,1093.81
2018-01-06,perfumery,5,272.38
2018-01-06,pet_shop,1,119.0
2018-01-06,signaling_and_security,1,89.9
2018-01-06,small_appliances,3,764.9
2018-01-06,sports_leisure,18,1717.8700000000003
2018-01-06,stationery,20,1766.0000000000005
2018-01-06,telephony,8,308.85
2018-01-06,toys,10,1109.19
2018-01-06,watches_gifts,7,2366.8599999999997
2018-01-07,agro_industry_and_commerce,1,410.0
2018-01-07,art,1,129.99
2018-01-07,auto,10,1187.09
2018-01-07,baby,3,162.20000000000002
2018-01-07,bed_bath_table,23,3019.7900000000004
2018-01-07,christmas_supplies,1,69.9
2018-01-07,computers,1,599.0
2018-01-07,computers_accessories,11,1683.74
2018-01-07,consoles_games,2,144.8
2018-01-07,construction_tools_construction,5,945.68
2018-01-07,cool_stuff,9,1037.25
2018-01-07,costruction_tools_garden,1,118.0
2018-01-07,drinks,3,150.47
2018-01-07,electronics,14,2349.85
2018-01-07,fashion_bags_accessories,7,364.5
2018-01-07,fashion_male_clothing,2,239.8
2018-01-07,food,2,119.8
2018-01-07,furniture_bedroom,1,185.0
2018-01-07,furniture_decor,21,2794.120000000001
2018-01-07,garden_tools,8,488.49
2018-01-07,health_beauty,12,912.3999999999999
2018-01-07,home_appliances,2,28.0
2018-01-07,home_appliances_2,2,2147.9
2018-01-07,home_confort,1,799.0
2018-01-07,housewares,4,754.0
2018-01-07,kitchen_dining_laundry_garden_furniture,2,814.0
2018-01-07,luggage_accessories,1,99.9
2018-01-07,office_furniture,2,256.98
2018-01-07,perfumery,6,355.77
2018-01-07,pet_shop,4,373.79999999999995
2018-01-07,sports_leisure,16,1606.8500000000004
2018-01-07,stationery,16,1552.57
2018-01-07,telephony,9,481.74
2018-01-07,toys,3,284.8
2018-01-07,watches_gifts,11,1652.88
2018-01-08,art,1,139.99
2018-01-08,audio,1,19.9
2018-01-08,auto,7,787.7099999999999
2018-01-08,baby,14,3618.28
2018-01-08,bed_bath_table,38,3162.620000000001
2018-01-08,books_general_interest,1,29.9
2018-01-08,books_imported,1,99.0
2018-01-08,computers_accessories,28,5131.249999999999
2018-01-08,consoles_games,4,285.70000000000005
2018-01-08,construction_tools_safety,1,199.9
2018-01-08,cool_stuff,8,1027.35
2018-01-08,costruction_tools_garden,2,396.0
2018-01-08,drinks,1,47.49
2018-01-08,electronics,7,266.7
2018-01-08,fashion_bags_accessories,4,152.48
2018-01-08,fashion_shoes,1,56.8
2018-01-08,flowers,1,22.8
2018-01-08,furniture_decor,28,1986.3600000000006
2018-01-08,furniture_living_room,1,177.99
2018-01-08,furniture_mattress_and_upholstery,1,75.0
2018-01-08,garden_tools,6,1538.6000000000004
2018-01-08,health_beauty,27,2054.5900000000006
2018-01-08,home_appliances,1,14.0
2018-01-08,home_construction,3,580.0
2018-01-08,housewares,10,855.76
2018-01-08,luggage_accessories,4,424.96000000000004
2018-01-08,music,1,24.97
2018-01-08,musical_instruments,3,183.8
2018-01-08,office_furniture,7,899.31
2018-01-08,perfumery,9,804.67
2018-01-08,pet_shop,6,1064.96
2018-01-08,sports_leisure,30,2893.0899999999997
2018-01-08,stationery,20,1923.0900000000001
2018-01-08,telephony,17,409.1000000000001
2018-01-08,toys,10,2362.64
2018-01-08,watches_gifts,12,2391.79
2018-01-09,auto,8,963.67
2018-01-09,baby,7,316.06000000000006
2018-01-09,bed_bath_table,23,1949.5900000000001
2018-01-09,books_general_interest,6,281.75
2018-01-09,christmas_supplies,1,85.2
2018-01-09,computers,1,599.0
2018-01-09,computers_accessories,21,3060.0
2018-01-09,cool_stuff,13,1591.2600000000002
2018-01-09,costruction_tools_garden,2,285.8
2018-01-09,drinks,6,292.94
2018-01-09,electronics,14,371.34000000000003
2018-01-09,fashion_bags_accessories,4,165.39999999999998
2018-01-09,fixed_telephony,1,79.0
2018-01-09,flowers,1,22.8
2018-01-09,furniture_decor,15,1352.3000000000004
2018-01-09,garden_tools,6,349.4
2018-01-09,health_beauty,23,2898.35
2018-01-09,home_appliances,3,331.9
2018-01-09,home_confort,1,49.9
2018-01-09,home_construction,1,386.75
2018-01-09,housewares,15,1680.83
2018-01-09,kitchen_dining_laundry_garden_furniture,1,379.0
2018-01-09,luggage_accessories,6,946.6700000000001
2018-01-09,musical_instruments,2,178.9
2018-01-09,office_furniture,1,149.99
2018-01-09,perfumery,10,585.64
2018-01-09,pet_shop,5,1034.1
2018-01-09,small_appliances,1,193.0
2018-01-09,sports_leisure,18,2011.29
2018-01-09,stationery,22,2470.56
2018-01-09,telephony,10,353.21000000000004
2018-01-09,toys,5,926.14
2018-01-09,watches_gifts,7,2503.79
2018-01-10,agro_industry_and_commerce,2,1162.94
2018-01-10,air_conditioning,4,1607.8
2018-01-10,auto,7,1922.5900000000001
2018-01-10,baby,7,702.4999999999999
2018-01-10,bed_bath_table,25,2477.3900000000003
2018-01-10,books_general_interest,2,153.8
2018-01-10,books_technical,1,56.0
2018-01-10,computers,1,599.0
2018-01-10,computers_accessories,38,5668.120000000001
2018-01-10,construction_tools_construction,1,188.0
2018-01-10,cool_stuff,15,1023.17
2018-01-10,costruction_tools_garden,2,117.9
2018-01-10,costruction_tools_tools,2,75.8
2018-01-10,drinks,3,142.47
2018-01-10,electronics,16,588.0999999999999
2018-01-10,fashion_bags_accessories,7,230.19000000000003
2018-01-10,fashion_underwear_beach,1,59.9
2018-01-10,furniture_decor,20,2928.290000000001
2018-01-10,furniture_living_room,1,59.99
2018-01-10,garden_tools,10,767.79
2018-01-10,health_beauty,27,2734.3599999999997
2018-01-10,home_appliances_2,1,895.0
2018-01-10,home_confort,1,159.99
2018-01-10,home_construction,1,78.0
2018-01-10,housewares,10,894.29
2018-01-10,kitchen_dining_laundry_garden_furniture,1,58.9
2018-01-10,luggage_accessories,2,275.98
2018-01-10,market_place,1,24.95
2018-01-10,musical_instruments,2,761.9
2018-01-10,office_furniture,6,1118.92
2018-01-10,perfumery,8,805.48
2018-01-10,pet_shop,3,239.8
2018-01-10,small_appliances,4,705.4200000000001
2018-01-10,sports_leisure,31,3134.6900000000005
2018-01-10,stationery,21,2043.9000000000005
2018-01-10,telephony,12,752.65
2018-01-10,toys,7,1114.6499999999999
2018-01-10,watches_gifts,6,824.8
2018-01-11,art,1,139.99
2018-01-11,audio,1,19.9
2018-01-11,auto,6,663.08
2018-01-11,baby,4,281.39
2018-01-11,bed_bath_table,31,4038.4900000000016
2018-01-11,books_general_interest,2,68.0
2018-01-11,books_imported,1,135.0
2018-01-11,christmas_supplies,1,116.9
2018-01-11,computers,1,599.0
2018-01-11,computers_accessories,31,3792.040000000001
2018-01-11,consoles_games,1,20.0
2018-01-11,cool_stuff,13,1747.32
2018-01-11,costruction_tools_garden,1,16.6
2018-01-11,drinks,1,19.49
2018-01-11,electronics,17,734.1999999999998
2018-01-11,fashion_bags_accessories,9,637.77
2018-01-11,fashion_sport,1,59.9
2018-01-11,food,1,29.1
2018-01-11,food_drink,2,66.31
2018-01-11,furniture_decor,18,1334.6900000000003
2018-01-11,furniture_mattress_and_upholstery,2,150.0
2018-01-11,garden_tools,9,457.96
2018-01-11,health_beauty,22,2601.7899999999995
2018-01-11,home_appliances,1,14.0
2018-01-11,home_appliances_2,2,79.8
2018-01-11,home_confort,1,149.0
2018-01-11,home_construction,3,1203.18
2018-01-11,housewares,12,1632.97
2018-01-11,industry_commerce_and_business,1,79.9
2018-01-11,luggage_accessories,7,1115.75
2018-01-11,market_place,2,88.89
2018-01-11,musical_instruments,3,2136.8
2018-01-11,office_furniture,5,695.46
2018-01-11,perfumery,5,738.78
2018-01-11,pet_shop,1,99.9
2018-01-11,small_appliances,5,2540.9
2018-01-11,sports_leisure,18,4046.86
2018-01-11,stationery,19,2515.9
2018-01-11,telephony,11,497.2900000000001
2018-01-11,toys,4,635.87
2018-01-11,watches_gifts,19,2884.89
2018-01-12,agro_industry_and_commerce,1,465.0
2018-01-12,audio,2,178.0
2018-01-12,auto,6,580.5300000000001
2018-01-12,baby,7,839.6899999999999
2018-01-12,bed_bath_table,20,2010.4300000000003
2018-01-12,books_general_interest,1,59.9
2018-01-12,computers,1,599.0
2018-01-12,computers_accessories,30,2728.1800000000003
2018-01-12,consoles_games,1,24.9
2018-01-12,construction_tools_safety,4,419.36
2018-01-12,cool_stuff,8,375.97
2018-01-12,costruction_tools_garden,1,16.6
2018-01-12,drinks,1,47.49
2018-01-12,electronics,6,487.49
2018-01-12,fashion_bags_accessories,5,333.09000000000003
2018-01-12,fashion_underwear_beach,1,59.9
2018-01-12,flowers,2,109.8
2018-01-12,food,2,38.98
2018-01-12,food_drink,1,25.99
2018-01-12,furniture_bedroom,1,185.0
2018-01-12,furniture_decor,31,2254.950000000001
2018-01-12,furniture_living_room,2,114.9
2018-01-12,garden_tools,14,808.7999999999998
2018-01-12,health_beauty,20,1646.6600000000005
2018-01-12,home_appliances,1,26.0
2018-01-12,home_confort,1,249.0
2018-01-12,home_construction,1,95.2
2018-01-12,housewares,12,1196.3
2018-01-12,industry_commerce_and_business,4,179.6
2018-01-12,luggage_accessories,1,99.9
2018-01-12,musical_instruments,2,538.0
2018-01-12,office_furniture,8,1243.8300000000002
2018-01-12,perfumery,4,653.6899999999999
2018-01-12,pet_shop,5,380.2
2018-01-12,sports_leisure,17,4402.09
2018-01-12,stationery,14,1065.7
2018-01-12,telephony,16,442.27000000000004
2018-01-12,toys,6,870.67
2018-01-12,watches_gifts,15,3830.78
2018-01-13,agro_industry_and_commerce,1,29.5
2018-01-13,audio,1,189.0
2018-01-13,auto,9,1306.94
2018-01-13,baby,10,1504.6299999999999
2018-01-13,bed_bath_table,24,2334.190000000001
2018-01-13,books_general_interest,2,174.8
2018-01-13,computers_accessories,13,1069.07
2018-01-13,consoles_games,1,50.0
2018-01-13,construction_tools_construction,1,58.0
2018-01-13,construction_tools_lights,1,250.0
2018-01-13,construction_tools_safety,1,140.99
2018-01-13,cool_stuff,9,1089.24
2018-01-13,drinks,4,63.96
2018-01-13,electronics,10,377.4499999999999
2018-01-13,fashion_bags_accessories,1,34.3
2018-01-13,fixed_telephony,1,26.9
2018-01-13,furniture_bedroom,1,179.9
2018-01-13,furniture_decor,19,1370.5400000000004
2018-01-13,furniture_living_room,1,99.99
2018-01-13,garden_tools,3,328.8
2018-01-13,health_beauty,17,2352.1200000000003
2018-01-13,home_appliances,1,36.75
2018-01-13,home_construction,3,498.85
2018-01-13,housewares,14,2988.8700000000003
2018-01-13,luggage_accessories,4,489.78
2018-01-13,musical_instruments,2,184.9
2018-01-13,office_furniture,2,316.93
2018-01-13,perfumery,10,482.4699999999999
2018-01-13,pet_shop,2,250.99
2018-01-13,small_appliances,1,179.0
2018-01-13,small_appliances_home_oven_and_coffee,1,369.99
2018-01-13,sports_leisure,22,4035.91
2018-01-13,stationery,15,1657.6999999999998
2018-01-13,tablets_printing_image,1,54.9
2018-01-13,telephony,10,324.63000000000005
2018-01-13,toys,4,349.59000000000003
2018-01-13,watches_gifts,6,1656.04
2018-01-14,air_conditioning,1,85.9
2018-01-14,audio,1,189.0
2018-01-14,auto,6,1107.78
2018-01-14,baby,12,1493.7200000000003
2018-01-14,bed_bath_table,28,3065.0099999999993
2018-01-14,computers_accessories,13,967.53
2018-01-14,consoles_games,4,576.8
2018-01-14,construction_tools_construction,6,925.7800000000001
2018-01-14,construction_tools_lights,1,250.0
2018-01-14,cool_stuff,10,1773.65
2018-01-14,drinks,2,86.39
2018-01-14,electronics,10,439.78
2018-01-14,fashion_bags_accessories,2,88.9
2018-01-14,fashion_male_clothing,1,147.5
2018-01-14,fashion_underwear_beach,1,155.0
2018-01-14,furniture_decor,17,1238.0800000000002
2018-01-14,furniture_living_room,1,59.99
2018-01-14,garden_tools,10,648.9999999999999
2018-01-14,health_beauty,17,2519.94
2018-01-14,home_appliances,2,84.34
2018-01-14,home_construction,1,67.0
2018-01-14,housewares,8,561.88
2018-01-14,industry_commerce_and_business,1,360.8
2018-01-14,kitchen_dining_laundry_garden_furniture,1,58.9
2018-01-14,luggage_accessories,4,637.79
2018-01-14,musical_instruments,2,413.99
2018-01-14,office_furniture,2,266.98
2018-01-14,perfumery,5,347.78
2018-01-14,pet_shop,5,578.9699999999999
2018-01-14,signaling_and_security,1,59.9
2018-01-14,sports_leisure,26,3830.6900000000005
2018-01-14,stationery,18,1754.5900000000001
2018-01-14,telephony,6,157.76
2018-01-14,toys,4,400.78
2018-01-14,watches_gifts,12,4588.7
2018-01-15,art,1,139.99
2018-01-15,audio,1,19.9
2018-01-15,auto,9,1080.09
2018-01-15,baby,7,933.67
2018-01-15,bed_bath_table,32,2644.6200000000003
2018-01-15,books_general_interest,2,56.099999999999994
2018-01-15,books_imported,1,65.0
2018-01-15,books_technical,1,17.45
2018-01-15,christmas_supplies,1,79.9
2018-01-15,computers,1,670.0
2018-01-15,computers_accessories,25,2874.8400000000006
2018-01-15,consoles_games,3,432.8
2018-01-15,construction_tools_construction,3,260.1
2018-01-15,cool_stuff,12,2080.9700000000003
2018-01-15,costruction_tools_tools,1,189.9
2018-01-15,drinks,2,66.98
2018-01-15,electronics,14,1025.3899999999999
2018-01-15,fashio_female_clothing,1,65.9
2018-01-15,fashion_bags_accessories,5,250.6
2018-01-15,fixed_telephony,1,19.99
2018-01-15,food,1,38.85
2018-01-15,furniture_decor,33,3383.4100000000003
2018-01-15,furniture_living_room,1,109.97
2018-01-15,furniture_mattress_and_upholstery,1,75.0
2018-01-15,garden_tools,8,659.49
2018-01-15,health_beauty,27,2974.8900000000003
2018-01-15,home_appliances,1,165.0
2018-01-15,home_construction,3,113.85000000000001
2018-01-15,housewares,19,2760.58
2018-01-15,luggage_accessories,11,1995.8900000000003
2018-01-15,market_place,1,32.3
2018-01-15,musical_instruments,2,249.8
2018-01-15,office_furniture,3,429.97
2018-01-15,party_supplies,1,67.9
2018-01-15,perfumery,6,554.6800000000001
2018-01-15,pet_shop,6,291.45000000000005
2018-01-15,sports_leisure,26,3344.390000000001
2018-01-15,stationery,20,2085.6800000000003
2018-01-15,telephony,17,1153.89
2018-01-15,toys,5,642.5799999999999
2018-01-15,watches_gifts,15,3413.0500000000006
2018-01-16,agro_industry_and_commerce,1,412.0
2018-01-16,air_conditioning,3,589.8000000000001
2018-01-16,art,2,279.98
2018-01-16,auto,19,1995.9400000000003
2018-01-16,baby,4,456.8
2018-01-16,bed_bath_table,43,2956.3500000000013
2018-01-16,books_general_interest,1,34.0
2018-01-16,books_technical,2,121.9
2018-01-16,computers_accessories,27,3310.7700000000004
2018-01-16,consoles_games,3,1288.8899999999999
2018-01-16,construction_tools_construction,1,569.0
2018-01-16,construction_tools_safety,1,379.94
2018-01-16,cool_stuff,20,1926.4200000000003
2018-01-16,costruction_tools_garden,4,1302.9
2018-01-16,electronics,14,506.36
2018-01-16,fashion_bags_accessories,4,144.58999999999997
2018-01-16,fashion_underwear_beach,1,155.0
2018-01-16,fixed_telephony,2,438.98
2018-01-16,food_drink,1,32.5
2018-01-16,furniture_bedroom,1,179.9
2018-01-16,furniture_decor,34,2835.6000000000013
2018-01-16,furniture_living_room,1,139.9
2018-01-16,garden_tools,7,1058.6
2018-01-16,health_beauty,36,3261.66
2018-01-16,home_appliances,4,163.85
2018-01-16,home_confort,2,173.8
2018-01-16,housewares,11,2053.55
2018-01-16,luggage_accessories,9,1003.4799999999999
2018-01-16,musical_instruments,1,1997.0
2018-01-16,office_furniture,3,529.97
2018-01-16,perfumery,4,712.5
2018-01-16,pet_shop,4,454.98
2018-01-16,small_appliances,1,59.42
2018-01-16,sports_leisure,22,3197.39
2018-01-16,stationery,14,1237.9
2018-01-16,telephony,14,734.57
2018-01-16,toys,9,1357.6599999999999
2018-01-16,watches_gifts,11,2257.7
2018-01-17,agro_industry_and_commerce,1,412.0
2018-01-17,air_conditioning,2,223.99
2018-01-17,art,2,279.98
2018-01-17,audio,1,128.9
2018-01-17,auto,10,1342.68
2018-01-17,baby,9,2483.09
2018-01-17,bed_bath_table,23,2161.8800000000006
2018-01-17,books_general_interest,3,112.9
2018-01-17,cine_photo,1,99.99
2018-01-17,computers_accessories,21,2645.98
2018-01-17,consoles_games,4,191.29
2018-01-17,construction_tools_construction,1,58.0
2018-01-17,cool_stuff,14,2046.38
2018-01-17,electronics,13,501.48999999999995
2018-01-17,fashion_bags_accessories,7,494.78
2018-01-17,fashion_underwear_beach,1,155.0
2018-01-17,flowers,3,74.4
2018-01-17,food_drink,1,10.9
2018-01-17,furniture_decor,23,2004.9200000000005
2018-01-17,garden_tools,7,798.4
2018-01-17,health_beauty,23,3380.2700000000004
2018-01-17,home_appliances,2,72.0
2018-01-17,home_construction,5,363.0
2018-01-17,housewares,13,1898.64
2018-01-17,industry_commerce_and_business,1,104.0
2018-01-17,kitchen_dining_laundry_garden_furniture,1,379.0
2018-01-17,luggage_accessories,5,1047.69
2018-01-17,market_place,2,60.0
2018-01-17,musical_instruments,2,338.79
2018-01-17,office_furniture,3,276.95
2018-01-17,perfumery,12,1181.55
2018-01-17,pet_shop,1,30.0
2018-01-17,signaling_and_security,1,201.0
2018-01-17,small_appliances,1,299.0
2018-01-17,sports_leisure,25,3967.16
2018-01-17,stationery,11,1300.8
2018-01-17,telephony,14,346.6500000000001
2018-01-17,toys,5,1013.5999999999999
2018-01-17,watches_gifts,7,1298.79
2018-01-18,agro_industry_and_commerce,4,92.0
2018-01-18,art,4,468.87
2018-01-18,audio,3,506.9
2018-01-18,auto,11,1703.51
2018-01-18,baby,7,640.77
2018-01-18,bed_bath_table,22,1354.93
2018-01-18,books_imported,1,82.0
2018-01-18,computers_accessories,25,2912.080000000001
2018-01-18,construction_tools_lights,1,1290.0
2018-01-18,cool_stuff,13,1678.06
2018-01-18,costruction_tools_garden,1,19.2
2018-01-18,electronics,15,779.6299999999999
2018-01-18,fashion_bags_accessories,3,403.9
2018-01-18,flowers,1,21.6
2018-01-18,furniture_decor,29,2266.7100000000005
2018-01-18,furniture_mattress_and_upholstery,1,249.0
2018-01-18,garden_tools,4,328.7
2018-01-18,health_beauty,25,1574.7600000000004
2018-01-18,home_appliances,2,139.8
2018-01-18,home_appliances_2,1,626.0
2018-01-18,housewares,7,547.6
2018-01-18,industry_commerce_and_business,2,1084.9
2018-01-18,luggage_accessories,4,513.79
2018-01-18,office_furniture,2,196.58999999999997
2018-01-18,perfumery,5,394.88
2018-01-18,signaling_and_security,2,420.0
2018-01-18,small_appliances,2,386.0
2018-01-18,sports_leisure,22,2647.5400000000004
2018-01-18,stationery,12,1142.6
2018-01-18,tablets_printing_image,1,54.9
2018-01-18,telephony,13,376.80000000000007
2018-01-18,toys,6,271.86
2018-01-18,watches_gifts,12,2033.51
2018-01-19,auto,12,1381.31
2018-01-19,baby,6,615.8
2018-01-19,bed_bath_table,21,2057.59
2018-01-19,books_general_interest,1,108.9
2018-01-19,computers_accessories,19,2779.18
2018-01-19,consoles_games,1,689.89
2018-01-19,construction_tools_construction,2,545.99
2018-01-19,construction_tools_lights,1,44.99
2018-01-19,cool_stuff,7,1018.35
2018-01-19,costruction_tools_garden,1,410.0
2018-01-19,electronics,13,484.44999999999993
2018-01-19,fashion_bags_accessories,6,106.49000000000001
2018-01-19,fixed_telephony,2,74.94
2018-01-19,food,1,56.97
2018-01-19,furniture_decor,16,1666.7400000000005
2018-01-19,furniture_living_room,1,32.99
2018-01-19,garden_tools,3,269.8
2018-01-19,health_beauty,19,2117.28
2018-01-19,home_construction,1,74.0
2018-01-19,housewares,14,762.9799999999998
2018-01-19,kitchen_dining_laundry_garden_furniture,2,210.0
2018-01-19,luggage_accessories,8,1474.8
2018-01-19,office_furniture,8,1052.5300000000002
2018-01-19,perfumery,9,645.64
2018-01-19,pet_shop,4,253.50000000000003
2018-01-19,small_appliances,2,79.0
2018-01-19,sports_leisure,22,2861.92
2018-01-19,stationery,11,1328.5
2018-01-19,telephony,15,484.51
2018-01-19,toys,4,648.04
2018-01-19,watches_gifts,11,1963.5300000000002
2018-01-20,air_conditioning,1,35.9
2018-01-20,auto,11,854.35
2018-01-20,baby,9,1010.72
2018-01-20,bed_bath_table,11,708.7099999999999
2018-01-20,books_general_interest,1,44.9
2018-01-20,computers_accessories,20,1780.7900000000002
2018-01-20,consoles_games,3,1078.79
2018-01-20,construction_tools_construction,2,84.8
2018-01-20,construction_tools_lights,2,500.0
2018-01-20,cool_stuff,7,384.18999999999994
2018-01-20,electronics,4,687.8
2018-01-20,fashion_bags_accessories,4,383.3
2018-01-20,fashion_shoes,1,56.8
2018-01-20,furniture_decor,16,1520.7900000000002
2018-01-20,furniture_living_room,2,199.89000000000001
2018-01-20,furniture_mattress_and_upholstery,1,86.5
2018-01-20,garden_tools,11,1001.3499999999998
2018-01-20,health_beauty,14,1415.91
2018-01-20,home_confort,2,246.89000000000001
2018-01-20,home_construction,1,54.4
2018-01-20,housewares,11,1159.7800000000002
2018-01-20,luggage_accessories,4,1326.9
2018-01-20,market_place,1,28.99
2018-01-20,musical_instruments,1,759.0
2018-01-20,office_furniture,6,1092.8400000000001
2018-01-20,perfumery,9,1285.1999999999998
2018-01-20,pet_shop,1,139.9
2018-01-20,signaling_and_security,1,149.0
2018-01-20,small_appliances,1,99.9
2018-01-20,sports_leisure,16,1217.8900000000003
2018-01-20,stationery,5,282.70000000000005
2018-01-20,telephony,9,286.61
2018-01-20,toys,2,313.9
2018-01-20,watches_gifts,12,1275.0
2018-01-21,air_conditioning,1,89.0
2018-01-21,audio,1,19.9
2018-01-21,auto,9,2319.3999999999996
2018-01-21,baby,4,574.37
2018-01-21,bed_bath_table,27,2303.51
2018-01-21,computers_accessories,10,1027.78
2018-01-21,construction_tools_safety,1,169.9
2018-01-21,cool_stuff,9,501.39
2018-01-21,costruction_tools_garden,1,122.9
2018-01-21,electronics,13,408.84
2018-01-21,fashion_bags_accessories,4,194.2
2018-01-21,fashion_shoes,2,183.60000000000002
2018-01-21,food,1,27.9
2018-01-21,food_drink,1,40.8
2018-01-21,furniture_decor,18,1673.7
2018-01-21,furniture_living_room,2,279.8
2018-01-21,furniture_mattress_and_upholstery,1,75.0
2018-01-21,garden_tools,12,1224.19
2018-01-21,health_beauty,14,1783.3200000000002
2018-01-21,housewares,7,607.5899999999999
2018-01-21,luggage_accessories,2,348.79999999999995
2018-01-21,market_place,1,99.9
2018-01-21,musical_instruments,1,108.9
2018-01-21,office_furniture,7,900.79
2018-01-21,perfumery,4,204.70000000000002
2018-01-21,pet_shop,3,648.8
2018-01-21,small_appliances,1,179.99
2018-01-21,sports_leisure,14,1496.27
2018-01-21,stationery,4,597.9
2018-01-21,telephony,8,261.92
2018-01-21,toys,1,199.99
2018-01-21,watches_gifts,10,1763.73
2018-01-22,air_conditioning,5,320.78000000000003
2018-01-22,auto,10,1056.75
2018-01-22,baby,12,1523.44
2018-01-22,bed_bath_table,34,2914.8399999999997
2018-01-22,books_general_interest,6,414.7
2018-01-22,books_technical,1,29.45
2018-01-22,computers_accessories,49,5113.78
2018-01-22,consoles_games,3,178.06
2018-01-22,construction_tools_construction,2,368.9
2018-01-22,cool_stuff,10,1126.34
2018-01-22,costruction_tools_garden,1,499.99
2018-01-22,electronics,14,265.14000000000004
2018-01-22,fashio_female_clothing,1,29.99
2018-01-22,fashion_bags_accessories,3,581.79
2018-01-22,fixed_telephony,1,15.3
2018-01-22,food,1,50.0
2018-01-22,furniture_decor,18,1416.7500000000002
2018-01-22,furniture_living_room,1,59.99
2018-01-22,garden_tools,11,2080.29
2018-01-22,health_beauty,27,2834.7600000000007
2018-01-22,home_confort,1,86.9
2018-01-22,home_construction,3,134.2
2018-01-22,housewares,12,1486.46
2018-01-22,luggage_accessories,10,1532.96
2018-01-22,market_place,1,27.93
2018-01-22,musical_instruments,1,449.0
2018-01-22,office_furniture,5,523.95
2018-01-22,perfumery,13,660.92
2018-01-22,pet_shop,3,151.76999999999998
2018-01-22,small_appliances,2,970.89
2018-01-22,sports_leisure,25,2465.98
2018-01-22,stationery,8,771.66
2018-01-22,telephony,14,508.63000000000005
2018-01-22,toys,7,329.59000000000003
2018-01-22,watches_gifts,17,3786.8
2018-01-23,air_conditioning,3,403.28
2018-01-23,audio,4,297.79
2018-01-23,auto,6,485.13999999999993
2018-01-23,baby,12,1974.26
2018-01-23,bed_bath_table,30,3350.7099999999996
2018-01-23,books_general_interest,1,38.0
2018-01-23,computers_accessories,20,1822.3900000000003
2018-01-23,construction_tools_construction,1,19.17
2018-01-23,construction_tools_safety,1,98.9
2018-01-23,cool_stuff,20,2493.4700000000003
2018-01-23,costruction_tools_garden,2,138.8
2018-01-23,drinks,1,223.0
2018-01-23,electronics,5,133.78
2018-01-23,fashion_bags_accessories,2,117.2
2018-01-23,fashion_shoes,2,114.80000000000001
2018-01-23,food,2,84.87
2018-01-23,food_drink,1,40.8
2018-01-23,furniture_decor,23,2376.23
2018-01-23,garden_tools,9,499.0999999999999
2018-01-23,health_beauty,33,4809.669999999999
2018-01-23,home_confort,2,118.88999999999999
2018-01-23,home_construction,4,60.0
2018-01-23,housewares,18,1140.31
2018-01-23,kitchen_dining_laundry_garden_furniture,1,379.0
2018-01-23,luggage_accessories,6,815.18
2018-01-23,musical_instruments,1,599.9
2018-01-23,office_furniture,5,610.9000000000001
2018-01-23,perfumery,10,1075.56
2018-01-23,pet_shop,2,148.99
2018-01-23,small_appliances,4,965.0
2018-01-23,sports_leisure,18,2137.7200000000003
2018-01-23,stationery,12,1085.79
2018-01-23,telephony,15,1278.16
2018-01-23,toys,1,89.99
2018-01-23,watches_gifts,15,3790.4
2018-01-24,agro_industry_and_commerce,1,19.5
2018-01-24,art,1,70.0
2018-01-24,auto,7,602.49
2018-01-24,baby,8,652.64
2018-01-24,bed_bath_table,29,2809.67
2018-01-24,books_technical,1,22.0
2018-01-24,christmas_supplies,1,79.9
2018-01-24,computers_accessories,22,2014.96
2018-01-24,consoles_games,1,370.0
2018-01-24,construction_tools_construction,3,871.77
2018-01-24,cool_stuff,3,894.89
2018-01-24,costruction_tools_tools,1,29.9
2018-01-24,drinks,1,47.49
2018-01-24,electronics,15,557.5299999999999
2018-01-24,fashion_bags_accessories,6,221.39999999999998
2018-01-24,food,3,187.34
2018-01-24,food_drink,1,69.9
2018-01-24,furniture_decor,14,1540.3899999999999
2018-01-24,garden_tools,10,2576.5
2018-01-24,health_beauty,21,2606.43
2018-01-24,home_appliances,1,57.39
2018-01-24,home_appliances_2,1,37.9
2018-01-24,housewares,12,1061.09
2018-01-24,kitchen_dining_laundry_garden_furniture,4,448.9
2018-01-24,luggage_accessories,7,646.4999999999999
2018-01-24,office_furniture,1,156.99
2018-01-24,perfumery,10,497.74
2018-01-24,pet_shop,3,376.69000000000005
2018-01-24,sports_leisure,27,2573.1400000000003
2018-01-24,stationery,7,571.6600000000001
2018-01-24,tablets_printing_image,1,52.0
2018-01-24,telephony,9,713.4200000000001
2018-01-24,toys,8,1119.5800000000002
2018-01-24,watches_gifts,20,6183.699999999998
2018-01-25,agro_industry_and_commerce,1,58.5
2018-01-25,audio,1,189.0
2018-01-25,auto,12,1551.67
2018-01-25,baby,10,998.8699999999999
2018-01-25,bed_bath_table,30,1972.240000000001
2018-01-25,books_general_interest,2,68.0
2018-01-25,books_technical,1,87.0
2018-01-25,christmas_supplies,1,79.9
2018-01-25,computers_accessories,32,3737.1899999999996
2018-01-25,consoles_games,2,264.89
2018-01-25,construction_tools_construction,1,1299.0
2018-01-25,cool_stuff,10,1763.5900000000001
2018-01-25,electronics,11,480.54999999999984
2018-01-25,fashion_bags_accessories,1,55.3
2018-01-25,food,1,56.97
2018-01-25,furniture_decor,16,1444.0400000000004
2018-01-25,furniture_living_room,1,179.99
2018-01-25,garden_tools,15,2030.1999999999998
2018-01-25,health_beauty,19,1662.94
2018-01-25,home_appliances,1,217.35
2018-01-25,home_confort,1,219.0
2018-01-25,housewares,22,1847.3200000000006
2018-01-25,luggage_accessories,1,129.9
2018-01-25,musical_instruments,2,466.9
2018-01-25,office_furniture,7,1102.75
2018-01-25,perfumery,7,1142.1
2018-01-25,pet_shop,2,110.9
2018-01-25,signaling_and_security,1,100.0
2018-01-25,sports_leisure,17,2849.5699999999997
2018-01-25,stationery,5,315.39
2018-01-25,telephony,13,533.7900000000001
2018-01-25,toys,3,209.4
2018-01-25,watches_gifts,6,1287.5
2018-01-26,air_conditioning,1,129.0
2018-01-26,audio,1,189.0
2018-01-26,auto,8,1144.8700000000001
2018-01-26,baby,6,554.29
2018-01-26,bed_bath_table,35,2606.339999999999
2018-01-26,books_technical,1,65.0
2018-01-26,computers_accessories,26,2367.0399999999995
2018-01-26,consoles_games,1,32.5
2018-01-26,construction_tools_safety,1,800.0
2018-01-26,cool_stuff,5,557.75
2018-01-26,costruction_tools_garden,1,35.89
2018-01-26,costruction_tools_tools,1,29.9
2018-01-26,drinks,3,70.0
2018-01-26,electronics,13,522.3
2018-01-26,fashion_bags_accessories,4,329.78000000000003
2018-01-26,food,1,41.49
2018-01-26,furniture_decor,12,1555.8400000000001
2018-01-26,furniture_living_room,1,139.9
2018-01-26,garden_tools,11,2984.7000000000003
2018-01-26,health_beauty,19,2671.88
2018-01-26,home_construction,2,300.8
2018-01-26,housewares,9,703.12
2018-01-26,industry_commerce_and_business,2,157.9
2018-01-26,kitchen_dining_laundry_garden_furniture,1,139.0
2018-01-26,luggage_accessories,5,551.79
2018-01-26,musical_instruments,6,901.7
2018-01-26,office_furniture,16,1654.4
2018-01-26,perfumery,11,725.27
2018-01-26,pet_shop,3,348.99
2018-01-26,small_appliances,1,499.0
2018-01-26,sports_leisure,17,7154.15
2018-01-26,stationery,5,1069.0
2018-01-26,telephony,11,309.73
2018-01-26,toys,6,336.18999999999994
2018-01-26,watches_gifts,10,1491.83
2018-01-27,air_conditioning,2,438.59000000000003
2018-01-27,auto,5,638.1999999999999
2018-01-27,baby,7,711.78
2018-01-27,bed_bath_table,27,2348.4300000000007
2018-01-27,books_general_interest,1,39.0
2018-01-27,books_technical,2,155.0
2018-01-27,computers,1,790.0
2018-01-27,computers_accessories,9,861.39
2018-01-27,construction_tools_construction,1,16.5
2018-01-27,cool_stuff,3,1268.98
2018-01-27,costruction_tools_tools,1,149.9
2018-01-27,drinks,2,94.98
2018-01-27,electronics,3,54.1
2018-01-27,fashion_bags_accessories,2,229.89000000000001
2018-01-27,fashion_male_clothing,1,43.5
2018-01-27,food,1,27.9
2018-01-27,furniture_decor,5,507.15999999999997
2018-01-27,garden_tools,5,458.7
2018-01-27,health_beauty,16,3706.1800000000003
2018-01-27,housewares,5,354.79999999999995
2018-01-27,musical_instruments,1,99.0
2018-01-27,office_furniture,8,830.8699999999999
2018-01-27,perfumery,7,689.5600000000001
2018-01-27,pet_shop,2,235.95
2018-01-27,small_appliances,3,810.9
2018-01-27,sports_leisure,11,1315.39
2018-01-27,stationery,13,1220.44
2018-01-27,telephony,8,302.83000000000004
2018-01-27,toys,6,541.79
2018-01-27,watches_gifts,12,2496.6000000000004
2018-01-28,art,1,79.0
2018-01-28,audio,2,728.89
2018-01-28,auto,5,833.33
2018-01-28,baby,1,109.9
2018-01-28,bed_bath_table,14,1221.94
2018-01-28,books_general_interest,1,19.95
2018-01-28,computers_accessories,12,1209.6100000000001
2018-01-28,construction_tools_construction,1,59.9
2018-01-28,cool_stuff,4,741.79
2018-01-28,diapers_and_hygiene,5,125.0
2018-01-28,drinks,1,47.49
2018-01-28,electronics,3,118.55000000000001
2018-01-28,fashion_bags_accessories,3,230.2
2018-01-28,furniture_decor,14,1300.8500000000004
2018-01-28,furniture_living_room,1,177.99
2018-01-28,furniture_mattress_and_upholstery,1,75.0
2018-01-28,garden_tools,5,369.6
2018-01-28,health_beauty,13,1901.45
2018-01-28,home_appliances_2,1,1054.0
2018-01-28,home_construction,2,109.3
2018-01-28,housewares,11,1516.49
2018-01-28,industry_commerce_and_business,1,187.9
2018-01-28,musical_instruments,3,2307.0
2018-01-28,office_furniture,2,276.98
2018-01-28,party_supplies,1,67.9
2018-01-28,perfumery,4,329.78
2018-01-28,pet_shop,2,257.8
2018-01-28,small_appliances,4,1469.89
2018-01-28,sports_leisure,18,2707.78
2018-01-28,stationery,1,49.9
2018-01-28,telephony,13,489.79
2018-01-28,toys,2,224.5
2018-01-28,watches_gifts,8,1902.53
2018-01-29,auto,12,1812.79
2018-01-29,baby,2,943.79
2018-01-29,bed_bath_table,27,2909.8500000000004
2018-01-29,books_general_interest,1,31.0
2018-01-29,books_imported,1,125.0
2018-01-29,books_technical,2,172.9
2018-01-29,computers_accessories,32,3315.31
2018-01-29,consoles_games,1,38.9
2018-01-29,construction_tools_construction,4,298.8
2018-01-29,construction_tools_safety,1,19.9
2018-01-29,cool_stuff,8,1293.76
2018-01-29,costruction_tools_tools,2,56.9
2018-01-29,drinks,2,94.98
2018-01-29,electronics,13,302.05
2018-01-29,fashion_bags_accessories,1,59.0
2018-01-29,fashion_shoes,3,254.70000000000002
2018-01-29,fashion_underwear_beach,2,109.8
2018-01-29,furniture_decor,18,1365.59
2018-01-29,furniture_living_room,2,199.89000000000001
2018-01-29,garden_tools,10,1051.3
2018-01-29,health_beauty,22,3566.9900000000002
2018-01-29,home_appliances,1,129.99
2018-01-29,home_construction,2,732.25
2018-01-29,housewares,20,1392.99
2018-01-29,kitchen_dining_laundry_garden_furniture,2,519.0
2018-01-29,luggage_accessories,6,490.68999999999994
2018-01-29,office_furniture,3,293.96999999999997
2018-01-29,perfumery,5,265.86
2018-01-29,pet_shop,1,159.9
2018-01-29,small_appliances,1,104.9
2018-01-29,sports_leisure,40,4848.620000000001
2018-01-29,stationery,9,732.5999999999999
2018-01-29,telephony,9,330.83000000000004
2018-01-29,toys,4,424.88
2018-01-29,watches_gifts,12,1256.8899999999999
2018-01-30,agro_industry_and_commerce,1,412.0
2018-01-30,air_conditioning,1,149.0
2018-01-30,art,2,305.0
2018-01-30,audio,1,19.9
2018-01-30,auto,10,584.4
2018-01-30,baby,5,254.87000000000003
2018-01-30,bed_bath_table,48,4039.8600000000015
2018-01-30,books_general_interest,1,44.9
2018-01-30,books_technical,1,16.9
2018-01-30,computers_accessories,42,4249.87
2018-01-30,construction_tools_construction,1,109.0
2018-01-30,construction_tools_lights,1,58.0
2018-01-30,cool_stuff,6,644.64
2018-01-30,drinks,4,118.6
2018-01-30,dvds_blu_ray,1,24.9
2018-01-30,electronics,13,404.24
2018-01-30,fashion_bags_accessories,4,131.19
2018-01-30,food,1,27.9
2018-01-30,furniture_decor,6,244.67000000000002
2018-01-30,furniture_living_room,1,109.97
2018-01-30,garden_tools,10,698.1999999999999
2018-01-30,health_beauty,15,1746.6600000000003
2018-01-30,home_appliances_2,2,1770.0
2018-01-30,home_confort,1,159.99
2018-01-30,housewares,10,1014.9000000000001
2018-01-30,luggage_accessories,4,303.79
2018-01-30,market_place,3,399.9
2018-01-30,musical_instruments,2,176.9
2018-01-30,office_furniture,9,1020.8700000000001
2018-01-30,perfumery,5,618.3599999999999
2018-01-30,pet_shop,2,142.88
2018-01-30,small_appliances,4,525.7
2018-01-30,sports_leisure,31,3133.7700000000004
2018-01-30,stationery,8,421.9
2018-01-30,telephony,17,526.63
2018-01-30,toys,6,311.8
2018-01-30,watches_gifts,18,2946.18
2018-01-31,agro_industry_and_commerce,1,412.0
2018-01-31,air_conditioning,3,152.8
2018-01-31,art,1,248.0
2018-01-31,audio,3,293.4
2018-01-31,auto,8,1646.8300000000004
2018-01-31,baby,2,349.99
2018-01-31,bed_bath_table,36,3005.4500000000003
2018-01-31,books_imported,1,77.0
2018-01-31,books_technical,3,158.0
2018-01-31,christmas_supplies,3,269.9
2018-01-31,computers_accessories,41,3919.7200000000016
2018-01-31,construction_tools_construction,4,787.89
2018-01-31,cool_stuff,6,952.78
2018-01-31,electronics,8,382.6
2018-01-31,fashio_female_clothing,1,65.9
2018-01-31,fashion_bags_accessories,5,495.1
2018-01-31,fashion_male_clothing,1,59.9
2018-01-31,furniture_decor,10,1354.5900000000001
2018-01-31,garden_tools,4,369.7
2018-01-31,health_beauty,15,1526.9300000000003
2018-01-31,home_appliances,1,57.39
2018-01-31,home_appliances_2,2,965.5
2018-01-31,housewares,12,1606.78
2018-01-31,kitchen_dining_laundry_garden_furniture,3,998.9
2018-01-31,luggage_accessories,3,349.70000000000005
2018-01-31,office_furniture,1,419.9
2018-01-31,perfumery,12,1144.03
2018-01-31,pet_shop,2,318.8
2018-01-31,small_appliances,2,761.4
2018-01-31,sports_leisure,31,2719.810000000001
2018-01-31,stationery,4,274.4
2018-01-31,telephony,22,807.0300000000001
2018-01-31,toys,2,144.99
2018-01-31,watches_gifts,22,4603.32
2018-02-01,agro_industry_and_commerce,1,35.0
2018-02-01,audio,2,618.89
2018-02-01,auto,8,1060.63
2018-02-01,baby,5,366.83
2018-02-01,bed_bath_table,17,1196.8400000000001
2018-02-01,books_technical,1,24.0
2018-02-01,christmas_supplies,2,159.8
2018-02-01,computers_accessories,27,2850.3300000000004
2018-02-01,consoles_games,3,823.78
2018-02-01,construction_tools_construction,1,39.47
2018-02-01,cool_stuff,10,1842.0600000000002
2018-02-01,costruction_tools_tools,2,179.8
2018-02-01,drinks,2,66.98
2018-02-01,electronics,15,394.53
2018-02-01,fashion_bags_accessories,4,148.0
2018-02-01,food,3,179.7
2018-02-01,furniture_decor,10,688.3999999999999
2018-02-01,furniture_living_room,1,22.0
2018-02-01,garden_tools,15,1403.5
2018-02-01,health_beauty,24,3712.7900000000004
2018-02-01,housewares,13,1200.1000000000001
2018-02-01,industry_commerce_and_business,3,459.79999999999995
2018-02-01,kitchen_dining_laundry_garden_furniture,2,423.88
2018-02-01,luggage_accessories,3,1026.8
2018-02-01,market_place,1,65.0
2018-02-01,musical_instruments,4,429.69999999999993
2018-02-01,office_furniture,15,1978.19
2018-02-01,perfumery,7,584.6700000000001
2018-02-01,pet_shop,1,155.0
2018-02-01,small_appliances,4,251.8
2018-02-01,sports_leisure,17,2094.46
2018-02-01,stationery,4,368.69000000000005
2018-02-01,telephony,15,466.54999999999995
2018-02-01,toys,4,339.78
2018-02-01,watches_gifts,17,4208.1
2018-02-02,agro_industry_and_commerce,2,431.5
2018-02-02,audio,1,189.0
2018-02-02,auto,13,2498.7700000000004
2018-02-02,baby,5,420.77
2018-02-02,bed_bath_table,23,1771.15
2018-02-02,books_general_interest,1,22.9
2018-02-02,books_imported,1,83.0
2018-02-02,books_technical,3,303.69000000000005
2018-02-02,computers_accessories,26,3171.56
2018-02-02,consoles_games,2,148.99
2018-02-02,construction_tools_construction,3,38.7
2018-02-02,construction_tools_safety,1,19.9
2018-02-02,cool_stuff,2,244.98000000000002
2018-02-02,costruction_tools_garden,1,33.0
2018-02-02,electronics,20,1555.7900000000004
2018-02-02,fashion_bags_accessories,1,41.3
2018-02-02,fixed_telephony,2,61.8
2018-02-02,food,5,97.44999999999999
2018-02-02,furniture_decor,16,1432.4200000000003
2018-02-02,furniture_living_room,1,39.91
2018-02-02,garden_tools,13,768.7999999999998
2018-02-02,health_beauty,17,3837.52
2018-02-02,home_appliances_2,1,1054.0
2018-02-02,housewares,5,489.40999999999997
2018-02-02,industry_commerce_and_business,1,64.9
2018-02-02,kitchen_dining_laundry_garden_furniture,3,1449.8000000000002
2018-02-02,musical_instruments,2,129.8
2018-02-02,office_furniture,1,139.99
2018-02-02,perfumery,11,905.82
2018-02-02,pet_shop,1,59.0
2018-02-02,sports_leisure,18,1884.3000000000002
2018-02-02,stationery,11,694.55
2018-02-02,telephony,13,356.27000000000004
2018-02-02,toys,5,455.39
2018-02-02,watches_gifts,11,1450.99
2018-02-03,air_conditioning,1,199.0
2018-02-03,auto,11,966.2399999999999
2018-02-03,baby,1,109.9
2018-02-03,bed_bath_table,30,2280.2400000000007
2018-02-03,books_general_interest,2,42.9
2018-02-03,books_technical,1,28.0
2018-02-03,christmas_supplies,1,79.9
2018-02-03,computers_accessories,31,3701.0
2018-02-03,construction_tools_construction,6,564.0
2018-02-03,construction_tools_safety,1,1658.83
2018-02-03,cool_stuff,3,434.89
2018-02-03,electronics,10,975.63
2018-02-03,fashion_bags_accessories,2,70.2
2018-02-03,flowers,1,17.6
2018-02-03,furniture_decor,6,562.6
2018-02-03,furniture_living_room,1,179.99
2018-02-03,garden_tools,3,149.7
2018-02-03,health_beauty,14,1080.67
2018-02-03,home_appliances,1,69.9
2018-02-03,home_construction,1,741.82
2018-02-03,housewares,7,772.77
2018-02-03,kitchen_dining_laundry_garden_furniture,1,64.9
2018-02-03,office_furniture,6,1003.8
2018-02-03,perfumery,6,458.18000000000006
2018-02-03,pet_shop,9,916.29
2018-02-03,small_appliances,1,109.9
2018-02-03,sports_leisure,17,1841.84
2018-02-03,stationery,6,431.7
2018-02-03,tablets_printing_image,2,109.8
2018-02-03,telephony,7,204.73000000000002
2018-02-03,toys,4,194.70000000000002
2018-02-03,watches_gifts,9,2394.8
2018-02-04,agro_industry_and_commerce,1,412.0
2018-02-04,audio,1,19.9
2018-02-04,auto,11,892.48
2018-02-04,baby,2,151.99
2018-02-04,bed_bath_table,24,2119.2600000000007
2018-02-04,books_general_interest,1,19.95
2018-02-04,computers_accessories,15,1412.7800000000002
2018-02-04,consoles_games,1,119.9
2018-02-04,construction_tools_construction,2,124.0
2018-02-04,construction_tools_lights,1,297.0
2018-02-04,cool_stuff,5,487.64000000000004
2018-02-04,costruction_tools_garden,3,244.97
2018-02-04,costruction_tools_tools,1,32.0
2018-02-04,drinks,1,47.49
2018-02-04,electronics,9,483.53999999999996
2018-02-04,fashion_bags_accessories,4,196.1
2018-02-04,food_drink,1,53.4
2018-02-04,furniture_decor,13,1685.0500000000004
2018-02-04,furniture_living_room,1,139.9
2018-02-04,garden_tools,4,498.79999999999995
2018-02-04,health_beauty,23,2377.28
2018-02-04,home_appliances,6,505.18999999999994
2018-02-04,home_appliances_2,1,229.99
2018-02-04,home_confort,1,86.9
2018-02-04,home_construction,2,520.2
2018-02-04,housewares,12,1837.8100000000002
2018-02-04,industry_commerce_and_business,2,827.9
2018-02-04,luggage_accessories,2,108.89
2018-02-04,musical_instruments,3,406.99
2018-02-04,office_furniture,6,479.94
2018-02-04,perfumery,9,642.01
2018-02-04,small_appliances,2,108.89
2018-02-04,sports_leisure,20,2450.67
2018-02-04,stationery,3,317.9
2018-02-04,telephony,9,287.74
2018-02-04,toys,4,757.17
2018-02-04,watches_gifts,8,1535.8899999999999
2018-02-05,agro_industry_and_commerce,5,328.0
2018-02-05,art,1,120.0
2018-02-05,auto,7,1610.24
2018-02-05,baby,8,951.8
2018-02-05,bed_bath_table,45,3903.910000000001
2018-02-05,books_general_interest,1,44.9
2018-02-05,books_technical,1,19.9
2018-02-05,christmas_supplies,2,196.8
2018-02-05,computers_accessories,30,2716.3900000000003
2018-02-05,construction_tools_construction,2,165.29
2018-02-05,construction_tools_lights,1,120.0
2018-02-05,cool_stuff,2,526.99
2018-02-05,costruction_tools_garden,1,499.99
2018-02-05,electronics,18,728.0999999999999
2018-02-05,fashion_bags_accessories,4,154.9
2018-02-05,fashion_shoes,2,59.8
2018-02-05,fashion_underwear_beach,1,49.9
2018-02-05,fixed_telephony,1,90.0
2018-02-05,food,1,56.97
2018-02-05,food_drink,4,87.86999999999999
2018-02-05,furniture_decor,22,2306.18
2018-02-05,garden_tools,14,1417.1000000000001
2018-02-05,health_beauty,24,4020.13
2018-02-05,home_appliances,1,129.99
2018-02-05,home_appliances_2,2,3122.0
2018-02-05,home_confort,1,86.9
2018-02-05,home_construction,1,54.7
2018-02-05,housewares,14,1363.53
2018-02-05,market_place,1,160.0
2018-02-05,musical_instruments,1,999.0
2018-02-05,office_furniture,7,709.88
2018-02-05,perfumery,7,612.76
2018-02-05,pet_shop,4,303.9
2018-02-05,sports_leisure,28,3408.760000000001
2018-02-05,stationery,6,447.59
2018-02-05,telephony,14,951.7900000000001
2018-02-05,toys,10,1125.89
2018-02-05,watches_gifts,10,1345.63
2018-02-06,art,1,110.99
2018-02-06,auto,14,1657.38
2018-02-06,baby,8,681.49
2018-02-06,bed_bath_table,22,2042.1900000000005
2018-02-06,books_general_interest,1,39.0
2018-02-06,books_technical,1,139.0
2018-02-06,christmas_supplies,1,79.9
2018-02-06,computers_accessories,33,3033.3800000000006
2018-02-06,consoles_games,1,415.9
2018-02-06,construction_tools_construction,2,299.92
2018-02-06,cool_stuff,6,877.2099999999999
2018-02-06,drinks,1,47.49
2018-02-06,electronics,8,245.95000000000002
2018-02-06,fashion_bags_accessories,8,1477.08
2018-02-06,fashion_shoes,1,56.8
2018-02-06,fixed_telephony,1,49.0
2018-02-06,furniture_decor,15,1368.57
2018-02-06,furniture_living_room,2,239.98000000000002
2018-02-06,garden_tools,13,788.8999999999999
2018-02-06,health_beauty,24,1774.0600000000002
2018-02-06,home_appliances,2,768.9
2018-02-06,housewares,12,1226.3799999999999
2018-02-06,industry_commerce_and_business,1,104.0
2018-02-06,kitchen_dining_laundry_garden_furniture,3,832.9
2018-02-06,luggage_accessories,2,387.99
2018-02-06,market_place,1,160.0
2018-02-06,office_furniture,11,1778.73
2018-02-06,perfumery,14,2132.2700000000004
2018-02-06,pet_shop,2,104.0
2018-02-06,signaling_and_security,2,108.99
2018-02-06,small_appliances,2,458.99
2018-02-06,sports_leisure,32,4003.5000000000014
2018-02-06,stationery,6,335.61999999999995
2018-02-06,telephony,16,868.8400000000001
2018-02-06,toys,7,645.78
2018-02-06,watches_gifts,15,3670.5000000000005
2018-02-07,agro_industry_and_commerce,1,940.5
2018-02-07,auto,12,1869.1299999999999
2018-02-07,baby,9,1135.78
2018-02-07,bed_bath_table,32,2428.8599999999997
2018-02-07,christmas_supplies,4,364.9
2018-02-07,computers_accessories,37,4383.460000000001
2018-02-07,construction_tools_construction,4,692.77
2018-02-07,construction_tools_safety,1,199.0
2018-02-07,cool_stuff,8,1243.35
2018-02-07,costruction_tools_garden,1,47.6
2018-02-07,drinks,1,623.0
2018-02-07,electronics,11,369.58999999999986
2018-02-07,fashion_bags_accessories,2,118.0
2018-02-07,fashion_shoes,1,87.5
2018-02-07,fashion_underwear_beach,1,49.9
2018-02-07,flowers,1,65.9
2018-02-07,food,1,56.97
2018-02-07,furniture_bedroom,1,199.0
2018-02-07,furniture_decor,6,306.78999999999996
2018-02-07,furniture_mattress_and_upholstery,1,75.0
2018-02-07,garden_tools,8,451.78999999999996
2018-02-07,health_beauty,25,3539.65
2018-02-07,home_appliances,2,264.2
2018-02-07,home_confort,2,418.9
2018-02-07,home_construction,1,27.9
2018-02-07,housewares,14,2023.3
2018-02-07,industry_commerce_and_business,3,178.0
2018-02-07,luggage_accessories,4,293.88
2018-02-07,market_place,8,458.9
2018-02-07,musical_instruments,1,269.9
2018-02-07,office_furniture,3,506.89
2018-02-07,perfumery,4,448.53
2018-02-07,pet_shop,2,198.9
2018-02-07,sports_leisure,24,3150.78
2018-02-07,stationery,4,219.6
2018-02-07,tablets_printing_image,1,52.0
2018-02-07,telephony,17,485.4100000000001
2018-02-07,toys,6,893.4899999999999
2018-02-07,watches_gifts,9,1074.49
2018-02-08,agro_industry_and_commerce,1,258.8
2018-02-08,audio,1,19.9
2018-02-08,auto,6,1581.5
2018-02-08,baby,7,652.4300000000001
2018-02-08,bed_bath_table,25,2707.630000000001
2018-02-08,books_general_interest,1,115.0
2018-02-08,christmas_supplies,1,79.9
2018-02-08,computers_accessories,35,3266.2999999999997
2018-02-08,consoles_games,4,1598.58
2018-02-08,construction_tools_construction,6,433.18000000000006
2018-02-08,cool_stuff,3,391.78999999999996
2018-02-08,costruction_tools_garden,2,58.9
2018-02-08,drinks,1,47.49
2018-02-08,dvds_blu_ray,1,24.9
2018-02-08,electronics,13,1091.24
2018-02-08,fashion_bags_accessories,4,239.19000000000003
2018-02-08,fashion_underwear_beach,1,49.9
2018-02-08,fixed_telephony,1,740.99
2018-02-08,food_drink,1,54.0
2018-02-08,furniture_decor,9,1049.48
2018-02-08,furniture_mattress_and_upholstery,1,75.0
2018-02-08,garden_tools,11,903.3
2018-02-08,health_beauty,21,2257.2700000000004
2018-02-08,home_appliances,1,16.0
2018-02-08,home_confort,2,308.9
2018-02-08,housewares,8,501.46
2018-02-08,luggage_accessories,3,319.70000000000005
2018-02-08,musical_instruments,3,375.8
2018-02-08,office_furniture,2,419.96
2018-02-08,perfumery,7,659.3199999999999
2018-02-08,pet_shop,2,154.0
2018-02-08,signaling_and_security,1,60.0
2018-02-08,small_appliances_home_oven_and_coffee,1,24.9
2018-02-08,sports_leisure,26,2625.8900000000003
2018-02-08,stationery,6,498.89
2018-02-08,telephony,9,354.9200000000001
2018-02-08,toys,5,281.5
2018-02-08,watches_gifts,11,1991.9
2018-02-09,agro_industry_and_commerce,1,412.0
2018-02-09,air_conditioning,1,189.9
2018-02-09,art,2,221.98
2018-02-09,auto,7,2303.83
2018-02-09,baby,6,336.7
2018-02-09,bed_bath_table,27,1819.9300000000005
2018-02-09,books_technical,1,38.0
2018-02-09,computers_accessories,26,2698.4800000000005
2018-02-09,consoles_games,1,689.89
2018-02-09,construction_tools_construction,1,162.5
2018-02-09,construction_tools_safety,1,3099.9
2018-02-09,cool_stuff,7,780.95
2018-02-09,costruction_tools_garden,2,58.9
2018-02-09,drinks,2,94.98
2018-02-09,electronics,7,177.32999999999998
2018-02-09,fashion_bags_accessories,1,37.9
2018-02-09,fixed_telephony,1,90.0
2018-02-09,flowers,1,24.99
2018-02-09,furniture_decor,4,396.5
2018-02-09,furniture_living_room,1,59.99
2018-02-09,garden_tools,14,899.9999999999999
2018-02-09,health_beauty,27,3782.509999999999
2018-02-09,home_appliances,2,228.9
2018-02-09,home_appliances_2,1,750.0
2018-02-09,home_confort,1,219.0
2018-02-09,home_construction,2,220.0
2018-02-09,housewares,7,780.5799999999999
2018-02-09,industry_commerce_and_business,1,102.0
2018-02-09,luggage_accessories,2,109.80000000000001
2018-02-09,musical_instruments,1,189.9
2018-02-09,office_furniture,1,349.9
2018-02-09,perfumery,5,660.79
2018-02-09,pet_shop,4,624.99
2018-02-09,small_appliances,1,59.0
2018-02-09,small_appliances_home_oven_and_coffee,1,750.0
2018-02-09,sports_leisure,14,1838.5900000000004
2018-02-09,stationery,7,769.6999999999999
2018-02-09,tablets_printing_image,1,54.9
2018-02-09,telephony,17,1138.94
2018-02-09,toys,1,38.25
2018-02-09,watches_gifts,12,2876.7000000000003
2018-02-10,art,2,221.98
2018-02-10,audio,1,19.9
2018-02-10,auto,4,1198.7900000000002
2018-02-10,baby,1,169.9
2018-02-10,bed_bath_table,26,1612.8400000000004
2018-02-10,books_general_interest,1,38.0
2018-02-10,computers_accessories,18,1664.0800000000004
2018-02-10,consoles_games,3,255.38
2018-02-10,construction_tools_construction,1,69.0
2018-02-10,cool_stuff,2,518.99
2018-02-10,costruction_tools_garden,1,139.9
2018-02-10,electronics,10,275.67999999999995
2018-02-10,fashion_bags_accessories,5,409.79999999999995
2018-02-10,food,1,27.9
2018-02-10,food_drink,1,40.8
2018-02-10,furniture_decor,7,640.0300000000001
2018-02-10,garden_tools,12,919.9899999999999
2018-02-10,health_beauty,10,1150.2200000000003
2018-02-10,home_appliances,1,130.0
2018-02-10,home_construction,2,399.9
2018-02-10,housewares,15,1163.3500000000001
2018-02-10,kitchen_dining_laundry_garden_furniture,1,44.88
2018-02-10,luggage_accessories,3,509.78999999999996
2018-02-10,musical_instruments,1,525.0
2018-02-10,office_furniture,1,359.99
2018-02-10,perfumery,5,603.59
2018-02-10,pet_shop,6,537.2
2018-02-10,sports_leisure,21,3789.69
2018-02-10,stationery,3,223.89000000000001
2018-02-10,telephony,13,363.57000000000005
2018-02-10,toys,1,10.99
2018-02-10,watches_gifts,9,2018.7900000000002
2018-02-11,art,1,48.9
2018-02-11,auto,2,215.8
2018-02-11,baby,1,149.99
2018-02-11,bed_bath_table,23,1961.7000000000005
2018-02-11,books_general_interest,2,45.0
2018-02-11,christmas_supplies,2,159.8
2018-02-11,computers_accessories,30,3529.049999999999
2018-02-11,consoles_games,1,85.0
2018-02-11,construction_tools_construction,4,365.15000000000003
2018-02-11,cool_stuff,5,1423.97
2018-02-11,electronics,9,289.65
2018-02-11,fashion_bags_accessories,3,278.9
2018-02-11,fixed_telephony,2,3300.0
2018-02-11,food_drink,2,99.8
2018-02-11,furniture_decor,7,562.0899999999999
2018-02-11,garden_tools,10,738.0999999999999
2018-02-11,health_beauty,15,1920.9900000000005
2018-02-11,home_appliances_2,1,227.99
2018-02-11,home_confort,1,89.9
2018-02-11,home_construction,1,33.5
2018-02-11,housewares,7,576.89
2018-02-11,industry_commerce_and_business,1,117.9
2018-02-11,market_place,5,249.77
2018-02-11,office_furniture,1,144.9
2018-02-11,perfumery,7,470.33000000000004
2018-02-11,pet_shop,2,159.89000000000001
2018-02-11,small_appliances,2,209.89000000000001
2018-02-11,sports_leisure,16,3049.1899999999996
2018-02-11,stationery,2,138.99
2018-02-11,telephony,10,485.3
2018-02-11,toys,2,112.0
2018-02-11,watches_gifts,4,650.99
2018-02-12,art,1,110.99
2018-02-12,auto,14,807.25
2018-02-12,baby,6,395.58000000000004
2018-02-12,bed_bath_table,39,3072.5299999999997
2018-02-12,books_general_interest,1,35.9
2018-02-12,christmas_supplies,6,701.4
2018-02-12,computers_accessories,28,3205.6499999999996
2018-02-12,consoles_games,2,588.9
2018-02-12,construction_tools_construction,1,26.9
2018-02-12,cool_stuff,7,1512.96
2018-02-12,electronics,9,302.0
2018-02-12,fashion_bags_accessories,2,118.99000000000001
2018-02-12,fashion_underwear_beach,1,59.9
2018-02-12,food_drink,1,54.0
2018-02-12,furniture_decor,9,726.29
2018-02-12,garden_tools,12,698.7999999999998
2018-02-12,health_beauty,22,2302.8099999999995
2018-02-12,home_appliances,2,68.8
2018-02-12,home_appliances_2,1,204.0
2018-02-12,housewares,12,655.1899999999999
2018-02-12,industry_commerce_and_business,1,99.99
2018-02-12,luggage_accessories,3,378.9
2018-02-12,market_place,1,119.9
2018-02-12,perfumery,8,885.4899999999999
2018-02-12,pet_shop,4,344.5
2018-02-12,small_appliances,1,99.0
2018-02-12,sports_leisure,17,2357.0599999999995
2018-02-12,stationery,3,89.88
2018-02-12,telephony,13,351.32
2018-02-12,toys,6,545.6899999999999
2018-02-12,watches_gifts,7,1478.5900000000001
2018-02-13,auto,13,924.95
2018-02-13,baby,6,787.5899999999999
2018-02-13,bed_bath_table,23,1494.6500000000003
2018-02-13,books_general_interest,1,15.0
2018-02-13,books_technical,2,69.35
2018-02-13,computers_accessories,20,1898.8600000000004
2018-02-13,construction_tools_construction,2,187.0
2018-02-13,construction_tools_safety,1,399.93
2018-02-13,cool_stuff,10,1751.7600000000002
2018-02-13,drinks,1,47.49
2018-02-13,electronics,9,581.3899999999999
2018-02-13,fashion_bags_accessories,1,29.99
2018-02-13,fashion_shoes,1,87.5
2018-02-13,furniture_decor,16,1131.7799999999997
2018-02-13,garden_tools,32,1980.0900000000004
2018-02-13,health_beauty,25,3066.0
2018-02-13,home_appliances,2,111.19
2018-02-13,home_appliances_2,1,119.99
2018-02-13,home_confort,1,219.0
2018-02-13,housewares,13,1021.68
2018-02-13,industry_commerce_and_business,2,70.0
2018-02-13,luggage_accessories,3,203.97
2018-02-13,market_place,1,47.9
2018-02-13,musical_instruments,3,402.8
2018-02-13,perfumery,7,744.77
2018-02-13,pet_shop,5,311.05
2018-02-13,signaling_and_security,1,115.0
2018-02-13,small_appliances,3,266.8
2018-02-13,sports_leisure,22,2786.380000000001
2018-02-13,stationery,1,19.9
2018-02-13,telephony,12,346.8
2018-02-13,toys,9,860.5799999999999
2018-02-13,watches_gifts,5,396.99
2018-02-14,agro_industry_and_commerce,2,824.0
2018-02-14,air_conditioning,1,25.9
2018-02-14,auto,21,2044.7500000000005
2018-02-14,baby,5,256.74
2018-02-14,bed_bath_table,31,2650.830000000001
2018-02-14,books_general_interest,4,267.9
2018-02-14,books_technical,2,52.97
2018-02-14,christmas_supplies,1,79.9
2018-02-14,computers_accessories,30,4032.520000000001
2018-02-14,consoles_games,4,867.1899999999999
2018-02-14,construction_tools_construction,2,517.0
2018-02-14,construction_tools_lights,4,327.97
2018-02-14,cool_stuff,5,748.97
2018-02-14,drinks,3,152.98000000000002
2018-02-14,electronics,16,512.0799999999999
2018-02-14,fashio_female_clothing,1,29.99
2018-02-14,fashion_bags_accessories,6,263.1
2018-02-14,fixed_telephony,1,16.99
2018-02-14,furniture_decor,26,2530.9300000000003
2018-02-14,furniture_living_room,1,329.9
2018-02-14,garden_tools,16,1233.42
2018-02-14,health_beauty,43,5263.309999999996
2018-02-14,home_appliances,3,210.27
2018-02-14,home_appliances_2,2,672.9
2018-02-14,home_confort,1,159.99
2018-02-14,home_construction,2,773.5
2018-02-14,housewares,22,1828.4700000000003
2018-02-14,industry_commerce_and_business,4,362.0
2018-02-14,luggage_accessories,1,299.9
2018-02-14,market_place,1,160.0
2018-02-14,music,1,24.97
2018-02-14,musical_instruments,2,227.0
2018-02-14,office_furniture,3,479.7
2018-02-14,perfumery,14,1654.91
2018-02-14,pet_shop,6,630.5899999999999
2018-02-14,signaling_and_security,1,34.9
2018-02-14,sports_leisure,22,3613.07
2018-02-14,stationery,4,385.59999999999997
2018-02-14,telephony,11,530.5300000000001
2018-02-14,toys,3,230.99
2018-02-14,watches_gifts,5,999.89
2018-02-15,air_conditioning,1,377.9
2018-02-15,auto,19,2390.7500000000005
2018-02-15,baby,6,462.59000000000003
2018-02-15,bed_bath_table,30,2510.4400000000005
2018-02-15,books_general_interest,1,108.9
2018-02-15,books_imported,1,165.0
2018-02-15,books_technical,2,106.65
2018-02-15,christmas_supplies,1,22.9
2018-02-15,cine_photo,1,97.99
2018-02-15,computers_accessories,21,1975.3700000000003
2018-02-15,consoles_games,1,38.9
2018-02-15,cool_stuff,10,1530.67
2018-02-15,drinks,3,142.47
2018-02-15,electronics,16,485.6299999999999
2018-02-15,fashion_bags_accessories,3,514.19
2018-02-15,food,3,133.93
2018-02-15,furniture_decor,23,1985.02
2018-02-15,furniture_living_room,1,109.97
2018-02-15,garden_tools,17,1306.9
2018-02-15,health_beauty,27,4620.41
2018-02-15,home_appliances_2,2,403.0
2018-02-15,home_confort,1,89.9
2018-02-15,home_construction,1,54.4
2018-02-15,housewares,16,1590.15
2018-02-15,industry_commerce_and_business,2,159.0
2018-02-15,luggage_accessories,2,149.89000000000001
2018-02-15,musical_instruments,2,294.8
2018-02-15,perfumery,8,1107.41
2018-02-15,pet_shop,3,284.70000000000005
2018-02-15,signaling_and_security,4,158.9
2018-02-15,sports_leisure,25,3248.4700000000003
2018-02-15,stationery,7,728.98
2018-02-15,telephony,13,479.45000000000005
2018-02-15,toys,9,869.88
2018-02-15,watches_gifts,12,1620.6100000000001
2018-02-16,agro_industry_and_commerce,1,549.0
2018-02-16,auto,12,1470.4199999999998
2018-02-16,baby,4,1443.89
2018-02-16,bed_bath_table,23,1884.65
2018-02-16,books_general_interest,1,115.0
2018-02-16,books_technical,1,114.0
2018-02-16,computers_accessories,32,3038.8900000000012
2018-02-16,consoles_games,2,684.99
2018-02-16,construction_tools_construction,1,199.0
2018-02-16,cool_stuff,4,708.97
2018-02-16,costruction_tools_garden,5,204.0
2018-02-16,drinks,1,47.49
2018-02-16,electronics,10,444.09999999999997
2018-02-16,fashion_bags_accessories,8,352.89
2018-02-16,food_drink,1,60.0
2018-02-16,furniture_decor,17,2107.3600000000006
2018-02-16,furniture_living_room,1,95.0
2018-02-16,garden_tools,8,917.5999999999999
2018-02-16,health_beauty,19,3181.459999999999
2018-02-16,home_appliances_2,1,540.0
2018-02-16,home_construction,1,72.0
2018-02-16,housewares,11,1036.3600000000001
2018-02-16,industry_commerce_and_business,1,207.0
2018-02-16,luggage_accessories,1,104.99
2018-02-16,market_place,2,187.93
2018-02-16,office_furniture,4,1596.0
2018-02-16,perfumery,3,321.79999999999995
2018-02-16,pet_shop,8,552.89
2018-02-16,small_appliances,1,49.0
2018-02-16,sports_leisure,16,1611.24
2018-02-16,stationery,2,138.9
2018-02-16,tablets_printing_image,2,109.8
2018-02-16,telephony,16,635.84
2018-02-16,toys,1,59.9
2018-02-16,watches_gifts,17,1094.29
2018-02-17,air_conditioning,2,233.9
2018-02-17,audio,1,590.0
2018-02-17,auto,13,1050.78
2018-02-17,baby,5,1525.78
2018-02-17,bed_bath_table,18,1848.4000000000005
2018-02-17,christmas_supplies,1,14.4
2018-02-17,computers_accessories,30,3638.19
2018-02-17,consoles_games,2,158.0
2018-02-17,cool_stuff,9,1804.7700000000002
2018-02-17,costruction_tools_tools,1,29.9
2018-02-17,drinks,4,189.96
2018-02-17,electronics,10,235.49000000000004
2018-02-17,fashion_bags_accessories,2,80.89
2018-02-17,food,2,111.97
2018-02-17,furniture_bedroom,1,99.9
2018-02-17,furniture_decor,18,1211.4399999999998
2018-02-17,furniture_living_room,1,139.9
2018-02-17,garden_tools,2,287.9
2018-02-17,health_beauty,13,1225.2100000000003
2018-02-17,home_construction,1,39.0
2018-02-17,housewares,15,942.14
2018-02-17,industry_commerce_and_business,1,104.0
2018-02-17,luggage_accessories,3,296.7
2018-02-17,musical_instruments,2,687.0
2018-02-17,perfumery,4,338.99
2018-02-17,pet_shop,2,194.7
2018-02-17,small_appliances,1,99.0
2018-02-17,small_appliances_home_oven_and_coffee,1,750.0
2018-02-17,sports_leisure,19,2281.78
2018-02-17,stationery,4,457.7
2018-02-17,telephony,14,507.51000000000005
2018-02-17,toys,2,163.9
2018-02-17,watches_gifts,13,3167.6099999999997
2018-02-18,auto,3,868.39
2018-02-18,baby,11,942.36
2018-02-18,bed_bath_table,17,1970.4100000000003
2018-02-18,books_general_interest,1,84.9
2018-02-18,computers_accessories,44,4435.639999999999
2018-02-18,consoles_games,4,596.3
2018-02-18,construction_tools_construction,1,199.0
2018-02-18,cool_stuff,6,1302.95
2018-02-18,costruction_tools_garden,1,16.2
2018-02-18,drinks,1,47.49
2018-02-18,electronics,10,860.14
2018-02-18,fashion_bags_accessories,1,35.0
2018-02-18,fixed_telephony,1,290.0
2018-02-18,flowers,1,25.99
2018-02-18,food,2,84.87
2018-02-18,furniture_decor,10,742.62
2018-02-18,furniture_living_room,2,67.4
2018-02-18,garden_tools,3,2214.9
2018-02-18,health_beauty,22,1890.41
2018-02-18,home_confort,2,173.8
2018-02-18,home_construction,1,10.5
2018-02-18,housewares,14,861.8599999999999
2018-02-18,luggage_accessories,2,268.8
2018-02-18,market_place,1,49.9
2018-02-18,musical_instruments,4,626.45
2018-02-18,perfumery,9,817.57
2018-02-18,pet_shop,2,123.9
2018-02-18,sports_leisure,24,1336.08
2018-02-18,stationery,1,34.9
2018-02-18,tablets_printing_image,3,158.98000000000002
2018-02-18,telephony,12,377.69
2018-02-18,toys,5,663.79
2018-02-18,watches_gifts,6,1412.89
2018-02-19,art,1,48.9
2018-02-19,audio,2,350.0
2018-02-19,auto,7,776.7099999999999
2018-02-19,baby,10,920.25
2018-02-19,bed_bath_table,24,2255.2000000000003
2018-02-19,books_general_interest,3,154.9
2018-02-19,books_technical,2,94.9
2018-02-19,computers_accessories,55,5139.2999999999965
2018-02-19,consoles_games,3,282.8
2018-02-19,construction_tools_construction,3,957.6
2018-02-19,cool_stuff,6,557.63
2018-02-19,drinks,1,47.49
2018-02-19,electronics,12,211.05
2018-02-19,fashion_bags_accessories,2,86.9
2018-02-19,fashion_shoes,1,56.8
2018-02-19,food,3,225.70000000000002
2018-02-19,food_drink,1,54.0
2018-02-19,furniture_decor,16,1692.8700000000001
2018-02-19,garden_tools,1,120.0
2018-02-19,health_beauty,17,1435.9300000000003
2018-02-19,home_confort,1,89.9
2018-02-19,home_construction,1,95.2
2018-02-19,housewares,24,2474.630000000001
2018-02-19,industry_commerce_and_business,2,421.9
2018-02-19,kitchen_dining_laundry_garden_furniture,2,453.9
2018-02-19,luggage_accessories,3,189.77
2018-02-19,market_place,1,27.93
2018-02-19,musical_instruments,2,187.9
2018-02-19,office_furniture,1,399.9
2018-02-19,perfumery,6,381.67
2018-02-19,pet_shop,5,676.59
2018-02-19,small_appliances_home_oven_and_coffee,1,750.0
2018-02-19,sports_leisure,23,2457.25
2018-02-19,stationery,4,80.65
2018-02-19,tablets_printing_image,1,52.0
2018-02-19,telephony,14,605.5799999999999
2018-02-19,toys,5,398.59
2018-02-19,watches_gifts,15,1930.6800000000003
2018-02-20,air_conditioning,1,199.0
2018-02-20,auto,26,4306.610000000001
2018-02-20,baby,7,633.86
2018-02-20,bed_bath_table,14,1579.4100000000003
2018-02-20,books_general_interest,1,115.0
2018-02-20,computers_accessories,38,3778.9700000000003
2018-02-20,consoles_games,2,52.5
2018-02-20,construction_tools_construction,4,1930.4
2018-02-20,cool_stuff,12,2157.07
2018-02-20,costruction_tools_garden,1,198.0
2018-02-20,costruction_tools_tools,2,338.9
2018-02-20,electronics,13,568.4899999999999
2018-02-20,fashion_bags_accessories,8,764.0999999999999
2018-02-20,fashion_underwear_beach,1,59.9
2018-02-20,food,1,27.9
2018-02-20,furniture_decor,16,2629.77
2018-02-20,furniture_living_room,1,460.0
2018-02-20,garden_tools,3,350.29
2018-02-20,health_beauty,28,3456.0500000000006
2018-02-20,home_appliances_2,2,880.99
2018-02-20,home_confort,1,86.9
2018-02-20,home_construction,2,779.99
2018-02-20,housewares,18,1272.0300000000002
2018-02-20,kitchen_dining_laundry_garden_furniture,3,659.0
2018-02-20,luggage_accessories,1,26.99
2018-02-20,market_place,1,23.99
2018-02-20,musical_instruments,3,321.0
2018-02-20,perfumery,14,722.6
2018-02-20,pet_shop,4,468.9
2018-02-20,signaling_and_security,4,64.0
2018-02-20,small_appliances,3,440.34000000000003
2018-02-20,sports_leisure,31,2592.63
2018-02-20,stationery,6,434.69999999999993
2018-02-20,telephony,12,420.6700000000001
2018-02-20,toys,4,475.88
2018-02-20,watches_gifts,20,2759.8900000000003
2018-02-21,air_conditioning,1,79.99
2018-02-21,art,1,110.99
2018-02-21,audio,1,298.0
2018-02-21,auto,7,1114.8799999999999
2018-02-21,baby,8,562.3
2018-02-21,bed_bath_table,16,2047.5800000000002
2018-02-21,books_general_interest,1,115.0
2018-02-21,books_technical,1,30.0
2018-02-21,christmas_supplies,1,25.05
2018-02-21,computers_accessories,42,4546.96
2018-02-21,construction_tools_construction,2,193.2
2018-02-21,cool_stuff,11,1979.6700000000003
2018-02-21,costruction_tools_tools,2,59.8
2018-02-21,electronics,11,633.4399999999999
2018-02-21,fashion_bags_accessories,9,293.79999999999995
2018-02-21,food,2,47.39
2018-02-21,food_drink,1,149.0
2018-02-21,furniture_bedroom,1,179.0
2018-02-21,furniture_decor,24,1766.4000000000003
2018-02-21,furniture_mattress_and_upholstery,1,75.0
2018-02-21,garden_tools,4,215.70000000000002
2018-02-21,health_beauty,32,3048.0200000000004
2018-02-21,home_appliances,5,1264.92
2018-02-21,housewares,18,1537.64
2018-02-21,industry_commerce_and_business,1,138.0
2018-02-21,luggage_accessories,1,249.99
2018-02-21,market_place,1,79.9
2018-02-21,musical_instruments,1,1155.0
2018-02-21,perfumery,4,338.69000000000005
2018-02-21,small_appliances,2,318.9
2018-02-21,sports_leisure,23,1949.2200000000003
2018-02-21,stationery,13,759.06
2018-02-21,telephony,26,843.0300000000001
2018-02-21,toys,7,619.5
2018-02-21,watches_gifts,15,4288.68
2018-02-22,agro_industry_and_commerce,1,58.5
2018-02-22,air_conditioning,1,34.9
2018-02-22,auto,15,1247.9500000000003
2018-02-22,baby,9,1702.9800000000005
2018-02-22,bed_bath_table,22,1621.1000000000004
2018-02-22,computers_accessories,76,7466.7399999999925
2018-02-22,construction_tools_construction,4,251.8
2018-02-22,construction_tools_lights,5,249.95000000000002
2018-02-22,construction_tools_safety,1,390.19
2018-02-22,cool_stuff,7,1059.95
2018-02-22,electronics,18,362.7499999999999
2018-02-22,fashion_bags_accessories,3,188.9
2018-02-22,fashion_shoes,3,327.70000000000005
2018-02-22,fashion_underwear_beach,1,49.9
2018-02-22,food,2,55.8
2018-02-22,food_drink,1,53.4
2018-02-22,furniture_decor,27,2183.1800000000003
2018-02-22,furniture_mattress_and_upholstery,1,75.0
2018-02-22,garden_tools,9,439.22999999999996
2018-02-22,health_beauty,31,2968.07
2018-02-22,home_appliances,2,139.8
2018-02-22,home_confort,1,329.0
2018-02-22,home_construction,1,54.4
2018-02-22,housewares,14,1181.1000000000004
2018-02-22,industry_commerce_and_business,6,381.79999999999995
2018-02-22,luggage_accessories,2,169.9
2018-02-22,market_place,1,24.95
2018-02-22,perfumery,6,250.12000000000003
2018-02-22,pet_shop,3,231.98000000000002
2018-02-22,sports_leisure,31,2576.190000000001
2018-02-22,stationery,2,199.8
2018-02-22,tablets_printing_image,2,104.0
2018-02-22,telephony,15,683.47
2018-02-22,toys,4,248.57
2018-02-22,watches_gifts,15,2034.9
2018-02-23,agro_industry_and_commerce,2,824.0
2018-02-23,audio,1,175.0
2018-02-23,auto,14,1522.2400000000002
2018-02-23,baby,5,447.77
2018-02-23,bed_bath_table,27,2756.6000000000004
2018-02-23,books_imported,1,77.0
2018-02-23,computers_accessories,34,2890.110000000001
2018-02-23,consoles_games,2,1379.78
2018-02-23,construction_tools_construction,4,345.99
2018-02-23,cool_stuff,7,535.77
2018-02-23,costruction_tools_garden,1,19.8
2018-02-23,costruction_tools_tools,1,309.0
2018-02-23,diapers_and_hygiene,4,100.0
2018-02-23,drinks,1,47.49
2018-02-23,electronics,9,161.1
2018-02-23,fashion_bags_accessories,2,88.69
2018-02-23,fashion_male_clothing,1,187.2
2018-02-23,food,1,41.49
2018-02-23,furniture_decor,20,1654.1900000000005
2018-02-23,furniture_living_room,1,69.99
2018-02-23,garden_tools,7,978.5999999999999
2018-02-23,health_beauty,22,2185.31
2018-02-23,home_appliances,4,948.3
2018-02-23,home_appliances_2,2,226.98000000000002
2018-02-23,home_confort,3,479.97
2018-02-23,housewares,17,1490.44
2018-02-23,industry_commerce_and_business,2,158.0
2018-02-23,luggage_accessories,3,1148.0
2018-02-23,music,1,220.0
2018-02-23,musical_instruments,1,549.0
2018-02-23,office_furniture,1,118.9
2018-02-23,perfumery,6,838.69
2018-02-23,pet_shop,4,389.99
2018-02-23,sports_leisure,22,1983.1500000000003
2018-02-23,stationery,5,373.15000000000003
2018-02-23,telephony,7,210.73000000000002
2018-02-23,toys,5,163.78000000000003
2018-02-23,watches_gifts,6,2108.7
2018-02-24,air_conditioning,1,700.0
2018-02-24,art,1,110.99
2018-02-24,auto,10,1228.8300000000002
2018-02-24,baby,4,287.83000000000004
2018-02-24,bed_bath_table,13,1299.8600000000001
2018-02-24,books_technical,2,109.85000000000001
2018-02-24,cine_photo,1,130.0
2018-02-24,computers_accessories,19,2453.6900000000005
2018-02-24,consoles_games,2,1332.98
2018-02-24,cool_stuff,8,846.43
2018-02-24,costruction_tools_tools,3,368.79999999999995
2018-02-24,drinks,4,110.19
2018-02-24,electronics,9,540.79
2018-02-24,fashion_bags_accessories,7,845.27
2018-02-24,food_drink,1,40.8
2018-02-24,furniture_decor,11,900.61
2018-02-24,furniture_living_room,1,419.0
2018-02-24,garden_tools,6,904.8
2018-02-24,health_beauty,15,1523.4900000000002
2018-02-24,home_comfort_2,1,12.9
2018-02-24,home_construction,4,465.8
2018-02-24,housewares,16,1390.8
2018-02-24,industry_commerce_and_business,1,120.0
2018-02-24,market_place,2,104.85000000000001
2018-02-24,musical_instruments,2,571.99
2018-02-24,office_furniture,6,933.8900000000001
2018-02-24,perfumery,7,519.77
2018-02-24,pet_shop,1,89.7
2018-02-24,sports_leisure,17,2113.0800000000004
2018-02-24,stationery,1,39.99
2018-02-24,telephony,11,583.32
2018-02-24,toys,5,313.28999999999996
2018-02-24,watches_gifts,14,2551.79
2018-02-25,agro_industry_and_commerce,1,465.0
2018-02-25,auto,8,1024.38
2018-02-25,baby,8,815.5
2018-02-25,bed_bath_table,27,3063.65
2018-02-25,books_general_interest,1,225.0
2018-02-25,christmas_supplies,1,95.0
2018-02-25,computers_accessories,32,3771.7900000000013
2018-02-25,consoles_games,4,857.29
2018-02-25,construction_tools_lights,2,89.98
2018-02-25,cool_stuff,8,1449.38
2018-02-25,drinks,2,66.98
2018-02-25,electronics,13,909.29
2018-02-25,fashion_bags_accessories,3,279.79
2018-02-25,fashion_male_clothing,1,49.99
2018-02-25,fashion_shoes,1,199.7
2018-02-25,food,1,27.9
2018-02-25,food_drink,4,150.0
2018-02-25,furniture_decor,10,1155.9900000000002
2018-02-25,furniture_living_room,3,1380.0
2018-02-25,furniture_mattress_and_upholstery,1,44.7
2018-02-25,garden_tools,12,1049.3
2018-02-25,health_beauty,21,2625.2500000000005
2018-02-25,home_appliances,4,116.4
2018-02-25,home_comfort_2,2,25.8
2018-02-25,home_construction,1,69.9
2018-02-25,housewares,10,919.39
2018-02-25,kitchen_dining_laundry_garden_furniture,1,139.0
2018-02-25,musical_instruments,1,189.9
2018-02-25,office_furniture,7,1000.9300000000001
2018-02-25,perfumery,5,579.77
2018-02-25,pet_shop,6,454.0
2018-02-25,small_appliances,1,140.0
2018-02-25,sports_leisure,19,1614.13
2018-02-25,stationery,8,356.84999999999997
2018-02-25,telephony,13,458.49
2018-02-25,toys,2,219.0
2018-02-25,watches_gifts,12,1429.68
2018-02-26,agro_industry_and_commerce,1,25.0
2018-02-26,audio,1,175.0
2018-02-26,auto,13,1770.3700000000003
2018-02-26,baby,7,2713.4000000000005
2018-02-26,bed_bath_table,24,2262.9900000000007
2018-02-26,books_general_interest,1,49.0
2018-02-26,books_technical,3,120.9
2018-02-26,computers_accessories,57,4988.200000000003
2018-02-26,consoles_games,2,286.89
2018-02-26,construction_tools_construction,2,154.8
2018-02-26,construction_tools_safety,2,198.0
2018-02-26,cool_stuff,6,753.95
2018-02-26,drinks,1,47.49
2018-02-26,electronics,6,106.14999999999999
2018-02-26,fashion_bags_accessories,2,1709.98
2018-02-26,fashion_male_clothing,1,150.9
2018-02-26,food,2,78.31
2018-02-26,food_drink,4,121.23000000000002
2018-02-26,furniture_bedroom,1,185.0
2018-02-26,furniture_decor,25,1440.7799999999997
2018-02-26,furniture_living_room,1,109.97
2018-02-26,garden_tools,12,1106.3999999999999
2018-02-26,health_beauty,34,6133.749999999998
2018-02-26,home_appliances,3,78.85
2018-02-26,home_appliances_2,1,204.0
2018-02-26,home_confort,1,86.9
2018-02-26,home_construction,2,128.19
2018-02-26,housewares,15,1049.29
2018-02-26,kitchen_dining_laundry_garden_furniture,2,498.0
2018-02-26,musical_instruments,1,38.9
2018-02-26,office_furniture,7,1211.3
2018-02-26,perfumery,13,1226.7800000000002
2018-02-26,pet_shop,3,333.0
2018-02-26,signaling_and_security,2,174.0
2018-02-26,small_appliances,4,2076.75
2018-02-26,small_appliances_home_oven_and_coffee,1,750.0
2018-02-26,sports_leisure,26,4194.8
2018-02-26,stationery,2,96.9
2018-02-26,telephony,7,173.49
2018-02-26,toys,9,2444.88
2018-02-26,watches_gifts,18,3335.3700000000003
2018-02-27,agro_industry_and_commerce,1,412.0
2018-02-27,audio,2,350.0
2018-02-27,auto,14,1275.0399999999997
2018-02-27,baby,8,4469.79
2018-02-27,bed_bath_table,13,1226.0
2018-02-27,books_general_interest,1,117.5
2018-02-27,books_technical,2,104.0
2018-02-27,computers_accessories,61,5800.839999999999
2018-02-27,consoles_games,3,442.49
2018-02-27,construction_tools_construction,9,1057.9
2018-02-27,cool_stuff,5,645.86
2018-02-27,drinks,1,45.0
2018-02-27,electronics,13,396.80999999999995
2018-02-27,fashion_bags_accessories,4,293.8
2018-02-27,food,3,146.97
2018-02-27,furniture_bedroom,1,179.9
2018-02-27,furniture_decor,15,1504.8900000000003
2018-02-27,furniture_living_room,6,539.88
2018-02-27,garden_tools,19,1401.2000000000003
2018-02-27,health_beauty,34,4879.619999999998
2018-02-27,home_appliances,3,182.4
2018-02-27,home_appliances_2,2,346.0
2018-02-27,home_construction,11,685.0
2018-02-27,housewares,24,1886.4800000000007
2018-02-27,industry_commerce_and_business,1,584.4
2018-02-27,musical_instruments,1,35.9
2018-02-27,office_furniture,13,2030.3300000000004
2018-02-27,perfumery,2,218.0
2018-02-27,pet_shop,7,601.6800000000001
2018-02-27,small_appliances,2,418.9
2018-02-27,sports_leisure,27,2828.7400000000002
2018-02-27,stationery,16,1013.5799999999998
2018-02-27,telephony,10,280.58
2018-02-27,toys,8,739.5899999999999
2018-02-27,watches_gifts,15,2356.4900000000002
2018-02-28,agro_industry_and_commerce,5,1410.0
2018-02-28,air_conditioning,2,586.4
2018-02-28,art,1,110.99
2018-02-28,audio,1,22.9
2018-02-28,auto,11,1369.42
2018-02-28,baby,10,2361.4900000000002
2018-02-28,bed_bath_table,30,2977.4400000000014
2018-02-28,books_general_interest,1,115.0
2018-02-28,books_technical,1,56.0
2018-02-28,computers_accessories,44,4643.459999999999
2018-02-28,consoles_games,2,57.4
2018-02-28,construction_tools_construction,1,16.5
2018-02-28,construction_tools_lights,4,525.9
2018-02-28,cool_stuff,6,1652.67
2018-02-28,costruction_tools_garden,1,16.99
2018-02-28,electronics,17,866.9699999999999
2018-02-28,fashion_bags_accessories,6,668.98
2018-02-28,fashion_shoes,1,157.9
2018-02-28,fashion_underwear_beach,1,79.9
2018-02-28,fixed_telephony,1,99.9
2018-02-28,food,5,382.3
2018-02-28,furniture_bedroom,2,53.0
2018-02-28,furniture_decor,24,1640.13
2018-02-28,garden_tools,13,2344.0200000000004
2018-02-28,health_beauty,21,5318.359999999998
2018-02-28,home_appliances,4,308.44
2018-02-28,home_appliances_2,1,16.99
2018-02-28,home_confort,1,86.9
2018-02-28,housewares,18,1804.2400000000005
2018-02-28,industry_commerce_and_business,1,75.0
2018-02-28,kitchen_dining_laundry_garden_furniture,1,54.9
2018-02-28,luggage_accessories,1,178.9
2018-02-28,musical_instruments,3,402.0
2018-02-28,office_furniture,11,1644.7700000000002
2018-02-28,perfumery,13,1246.6999999999998
2018-02-28,pet_shop,3,316.9
2018-02-28,small_appliances,2,138.0
2018-02-28,sports_leisure,40,4860.009999999999
2018-02-28,stationery,8,432.87
2018-02-28,tablets_printing_image,1,53.49
2018-02-28,telephony,8,219.82000000000002
2018-02-28,toys,6,330.6
2018-02-28,watches_gifts,14,4539.4800000000005
2018-03-01,agro_industry_and_commerce,1,35.0
2018-03-01,audio,1,175.0
2018-03-01,auto,13,1684.41
2018-03-01,baby,10,3346.3300000000004
2018-03-01,bed_bath_table,29,2704.15
2018-03-01,books_technical,1,19.9
2018-03-01,christmas_supplies,1,22.9
2018-03-01,computers_accessories,37,3809.870000000001
2018-03-01,consoles_games,4,814.88
2018-03-01,construction_tools_construction,11,2285.38
2018-03-01,construction_tools_safety,1,9.9
2018-03-01,cool_stuff,10,1188.95
2018-03-01,electronics,8,385.79999999999995
2018-03-01,fashion_bags_accessories,7,972.9000000000001
2018-03-01,food_drink,1,60.0
2018-03-01,furniture_bedroom,1,203.0
2018-03-01,furniture_decor,28,3986.7300000000005
2018-03-01,furniture_living_room,1,329.9
2018-03-01,garden_tools,5,626.6999999999999
2018-03-01,health_beauty,23,3538.86
2018-03-01,home_appliances,2,84.35000000000001
2018-03-01,home_confort,2,173.8
2018-03-01,home_construction,2,79.9
2018-03-01,housewares,10,771.8
2018-03-01,kitchen_dining_laundry_garden_furniture,1,379.0
2018-03-01,market_place,1,249.9
2018-03-01,musical_instruments,1,37.0
2018-03-01,office_furniture,13,1966.5300000000002
2018-03-01,perfumery,9,566.76
2018-03-01,pet_shop,4,434.70000000000005
2018-03-01,small_appliances,1,76.9
2018-03-01,small_appliances_home_oven_and_coffee,1,750.0
2018-03-01,sports_leisure,24,2626.0400000000004
2018-03-01,stationery,8,492.38
2018-03-01,telephony,14,417.40000000000003
2018-03-01,toys,7,609.55
2018-03-01,watches_gifts,12,2540.77
2018-03-02,agro_industry_and_commerce,1,19.5
2018-03-02,air_conditioning,1,35.9
2018-03-02,audio,2,350.0
2018-03-02,auto,9,730.02
2018-03-02,baby,4,444.6
2018-03-02,bed_bath_table,23,1602.9300000000003
2018-03-02,books_general_interest,2,38.849999999999994
2018-03-02,christmas_supplies,2,65.63
2018-03-02,computers_accessories,35,3347.270000000001
2018-03-02,consoles_games,4,278.45000000000005
2018-03-02,construction_tools_construction,1,199.9
2018-03-02,construction_tools_safety,1,209.96
2018-03-02,cool_stuff,8,1078.78
2018-03-02,costruction_tools_garden,2,164.3
2018-03-02,drinks,2,132.49
2018-03-02,electronics,8,445.29999999999995
2018-03-02,fashion_bags_accessories,10,915.26
2018-03-02,food_drink,3,390.0
2018-03-02,furniture_decor,21,1599.2000000000005
2018-03-02,furniture_living_room,1,329.9
2018-03-02,garden_tools,9,728.3799999999999
2018-03-02,health_beauty,29,4431.549999999998
2018-03-02,home_appliances,1,35.9
2018-03-02,home_construction,3,205.85
2018-03-02,housewares,15,1899.58
2018-03-02,luggage_accessories,1,75.0
2018-03-02,office_furniture,6,999.9000000000001
2018-03-02,party_supplies,3,65.69999999999999
2018-03-02,perfumery,8,981.0999999999999
2018-03-02,pet_shop,10,996.3699999999999
2018-03-02,small_appliances,1,298.88
2018-03-02,sports_leisure,23,2193.9600000000005
2018-03-02,stationery,9,822.6899999999999
2018-03-02,telephony,11,360.84999999999997
2018-03-02,toys,11,1205.0000000000002
2018-03-02,watches_gifts,15,3084.66
2018-03-03,auto,5,383.09999999999997
2018-03-03,baby,4,176.87000000000003
2018-03-03,bed_bath_table,24,2387.18
2018-03-03,books_general_interest,6,112.45
2018-03-03,books_technical,1,65.0
2018-03-03,computers_accessories,26,2544.69
2018-03-03,consoles_games,1,154.08
2018-03-03,construction_tools_construction,4,982.79
2018-03-03,construction_tools_lights,1,250.0
2018-03-03,construction_tools_safety,1,99.0
2018-03-03,cool_stuff,7,777.38
2018-03-03,costruction_tools_garden,1,369.9
2018-03-03,electronics,5,198.10000000000002
2018-03-03,fashion_bags_accessories,2,518.9
2018-03-03,food,1,27.9
2018-03-03,food_drink,3,43.47
2018-03-03,furniture_decor,17,1061.3
2018-03-03,furniture_living_room,2,208.99
2018-03-03,furniture_mattress_and_upholstery,1,110.0
2018-03-03,garden_tools,9,1728.4000000000005
2018-03-03,health_beauty,25,4312.269999999999
2018-03-03,home_appliances,1,95.0
2018-03-03,home_construction,1,399.0
2018-03-03,housewares,11,1328.13
2018-03-03,market_place,1,79.9
2018-03-03,musical_instruments,1,35.9
2018-03-03,office_furniture,6,983.76
2018-03-03,perfumery,7,942.5699999999999
2018-03-03,pet_shop,5,453.78999999999996
2018-03-03,small_appliances,1,194.0
2018-03-03,sports_leisure,15,1527.8600000000004
2018-03-03,stationery,3,160.8
2018-03-03,tablets_printing_image,1,53.49
2018-03-03,telephony,7,229.46
2018-03-03,toys,4,420.8
2018-03-03,watches_gifts,10,2326.65
2018-03-04,air_conditioning,1,34.9
2018-03-04,auto,10,1363.5900000000001
2018-03-04,baby,7,1186.1000000000001
2018-03-04,bed_bath_table,21,2008.5400000000006
2018-03-04,books_general_interest,1,44.0
2018-03-04,christmas_supplies,2,159.8
2018-03-04,computers_accessories,24,2209.8000000000006
2018-03-04,consoles_games,1,154.08
2018-03-04,cool_stuff,9,1366.77
2018-03-04,electronics,10,197.70000000000002
2018-03-04,fashion_bags_accessories,6,333.09000000000003
2018-03-04,fashion_shoes,1,199.7
2018-03-04,fashion_underwear_beach,1,59.8
2018-03-04,food,1,27.9
2018-03-04,furniture_decor,19,1630.13
2018-03-04,furniture_living_room,1,272.9
2018-03-04,garden_tools,7,1394.4
2018-03-04,health_beauty,24,3320.57
2018-03-04,housewares,7,1390.31
2018-03-04,industry_commerce_and_business,2,156.0
2018-03-04,luggage_accessories,4,370.18999999999994
2018-03-04,market_place,1,200.99
2018-03-04,musical_instruments,2,252.8
2018-03-04,office_furniture,7,1062.88
2018-03-04,party_supplies,1,398.0
2018-03-04,perfumery,9,1087.71
2018-03-04,pet_shop,2,169.9
2018-03-04,small_appliances,1,67.9
2018-03-04,sports_leisure,29,2746.52
2018-03-04,stationery,4,307.9
2018-03-04,telephony,7,1076.93
2018-03-04,toys,5,447.69999999999993
2018-03-04,watches_gifts,13,4383.46
2018-03-05,agro_industry_and_commerce,3,712.5
2018-03-05,audio,1,487.9
2018-03-05,auto,10,1520.65
2018-03-05,baby,4,225.88
2018-03-05,bed_bath_table,23,1968.9000000000003
2018-03-05,books_general_interest,1,19.95
2018-03-05,books_technical,1,33.0
2018-03-05,christmas_supplies,1,79.9
2018-03-05,computers_accessories,53,5537.74
2018-03-05,consoles_games,3,1043.8899999999999
2018-03-05,construction_tools_safety,1,521.9
2018-03-05,cool_stuff,8,1267.8600000000001
2018-03-05,costruction_tools_garden,2,58.9
2018-03-05,electronics,7,328.75
2018-03-05,fashion_bags_accessories,7,536.3000000000001
2018-03-05,fashion_underwear_beach,1,59.9
2018-03-05,furniture_bedroom,1,185.0
2018-03-05,furniture_decor,21,1961.290000000001
2018-03-05,furniture_living_room,1,329.9
2018-03-05,garden_tools,9,967.52
2018-03-05,health_beauty,23,2199.4600000000005
2018-03-05,home_appliances,5,2057.9
2018-03-05,home_comfort_2,1,34.99
2018-03-05,home_construction,1,54.4
2018-03-05,housewares,17,1851.2800000000002
2018-03-05,industry_commerce_and_business,2,209.0
2018-03-05,musical_instruments,3,97.66999999999999
2018-03-05,office_furniture,17,2175.74
2018-03-05,perfumery,11,682.46
2018-03-05,pet_shop,2,199.60000000000002
2018-03-05,small_appliances,1,299.0
2018-03-05,sports_leisure,28,4914.25
2018-03-05,stationery,8,741.4999999999999
2018-03-05,telephony,7,199.73000000000002
2018-03-05,toys,3,343.9
2018-03-05,watches_gifts,10,1967.45
2018-03-06,agro_industry_and_commerce,1,410.0
2018-03-06,art,1,125.0
2018-03-06,audio,2,350.0
2018-03-06,auto,9,2109.9
2018-03-06,baby,5,372.59000000000003
2018-03-06,bed_bath_table,23,1922.1900000000005
2018-03-06,computers_accessories,38,5432.11
2018-03-06,consoles_games,3,783.9
2018-03-06,construction_tools_lights,2,79.8
2018-03-06,construction_tools_safety,1,299.98
2018-03-06,cool_stuff,9,1346.95
2018-03-06,costruction_tools_garden,2,220.8
2018-03-06,electronics,14,737.84
2018-03-06,fashion_bags_accessories,4,142.5
2018-03-06,fashion_shoes,1,29.9
2018-03-06,fashion_underwear_beach,1,59.9
2018-03-06,food,3,145.70000000000002
2018-03-06,food_drink,1,40.8
2018-03-06,furniture_bedroom,1,225.0
2018-03-06,furniture_decor,33,2441.9100000000008
2018-03-06,furniture_mattress_and_upholstery,1,110.0
2018-03-06,garden_tools,8,1345.8
2018-03-06,health_beauty,25,5936.289999999999
2018-03-06,home_appliances,1,66.7
2018-03-06,home_appliances_2,1,380.0
2018-03-06,home_confort,1,86.9
2018-03-06,housewares,14,945.3499999999999
2018-03-06,kitchen_dining_laundry_garden_furniture,1,44.88
2018-03-06,luggage_accessories,3,238.8
2018-03-06,market_place,1,15.0
2018-03-06,musical_instruments,1,29.45
2018-03-06,office_furniture,7,953.83
2018-03-06,party_supplies,1,219.0
2018-03-06,perfumery,6,1116.58
2018-03-06,pet_shop,1,59.0
2018-03-06,signaling_and_security,3,239.96999999999997
2018-03-06,small_appliances,2,792.0
2018-03-06,sports_leisure,28,2705.79
2018-03-06,stationery,8,731.5
2018-03-06,telephony,7,494.84000000000003
2018-03-06,toys,6,483.78999999999996
2018-03-06,watches_gifts,14,2699.66
2018-03-07,agro_industry_and_commerce,1,170.5
2018-03-07,air_conditioning,1,145.0
2018-03-07,auto,9,1473.19
2018-03-07,baby,7,605.67
2018-03-07,bed_bath_table,25,2141.1800000000007
2018-03-07,books_general_interest,1,115.0
2018-03-07,books_technical,2,65.9
2018-03-07,computers_accessories,29,4967.859999999999
2018-03-07,consoles_games,3,97.5
2018-03-07,construction_tools_construction,4,152.97
2018-03-07,construction_tools_safety,1,99.0
2018-03-07,cool_stuff,7,1443.98
2018-03-07,costruction_tools_garden,5,164.14
2018-03-07,drinks,5,237.45000000000002
2018-03-07,electronics,10,294.88
2018-03-07,fashion_bags_accessories,5,186.18
2018-03-07,fashion_childrens_clothes,1,39.99
2018-03-07,food,1,27.9
2018-03-07,furniture_decor,17,1668.2800000000004
2018-03-07,garden_tools,6,278.4
2018-03-07,health_beauty,23,4056.3000000000006
2018-03-07,home_appliances,3,160.70000000000002
2018-03-07,home_confort,1,86.9
2018-03-07,housewares,8,918.5999999999999
2018-03-07,industry_commerce_and_business,1,79.0
2018-03-07,luggage_accessories,4,825.78
2018-03-07,market_place,1,79.9
2018-03-07,musical_instruments,1,59.9
2018-03-07,office_furniture,14,2389.58
2018-03-07,perfumery,3,264.8
2018-03-07,small_appliances,3,1516.8000000000002
2018-03-07,sports_leisure,35,4212.32
2018-03-07,stationery,5,283.6
2018-03-07,telephony,10,514.82
2018-03-07,toys,6,1172.5900000000001
2018-03-07,watches_gifts,18,3501.4
2018-03-08,air_conditioning,1,139.0
2018-03-08,auto,9,898.39
2018-03-08,baby,3,1096.8000000000002
2018-03-08,bed_bath_table,24,2728.28
2018-03-08,books_technical,1,274.95
2018-03-08,computers_accessories,19,1277.85
2018-03-08,consoles_games,1,299.0
2018-03-08,construction_tools_lights,1,297.0
2018-03-08,cool_stuff,6,951.86
2018-03-08,electronics,9,505.65
2018-03-08,fashion_bags_accessories,4,183.8
2018-03-08,fashion_underwear_beach,1,49.9
2018-03-08,fixed_telephony,1,90.0
2018-03-08,food,1,19.99
2018-03-08,furniture_decor,34,3934.020000000001
2018-03-08,garden_tools,13,802.6999999999998
2018-03-08,health_beauty,28,3507.81
2018-03-08,home_appliances,3,251.7
2018-03-08,home_construction,1,389.0
2018-03-08,housewares,12,1048.79
2018-03-08,industry_commerce_and_business,1,119.0
2018-03-08,luggage_accessories,2,319.89
2018-03-08,market_place,1,79.9
2018-03-08,musical_instruments,2,183.8
2018-03-08,office_furniture,4,739.87
2018-03-08,perfumery,7,264.17
2018-03-08,pet_shop,2,155.7
2018-03-08,sports_leisure,32,3456.97
2018-03-08,stationery,4,203.4
2018-03-08,telephony,12,389.59999999999997
2018-03-08,toys,6,351.67999999999995
2018-03-08,watches_gifts,13,1969.8000000000002
2018-03-09,auto,7,631.6
2018-03-09,baby,6,424.44
2018-03-09,bed_bath_table,23,1775.4000000000008
2018-03-09,computers_accessories,10,957.0699999999999
2018-03-09,consoles_games,1,32.5
2018-03-09,construction_tools_construction,2,48.47
2018-03-09,cool_stuff,6,751.0
2018-03-09,costruction_tools_garden,1,410.0
2018-03-09,electronics,13,423.5799999999999
2018-03-09,fashion_bags_accessories,2,129.0
2018-03-09,fixed_telephony,1,79.0
2018-03-09,food,1,70.47
2018-03-09,food_drink,1,35.9
2018-03-09,furniture_decor,24,1869.9600000000005
2018-03-09,garden_tools,7,1294.5000000000002
2018-03-09,health_beauty,29,3365.76
2018-03-09,home_appliances,2,340.6
2018-03-09,housewares,12,564.4399999999999
2018-03-09,luggage_accessories,1,35.0
2018-03-09,office_furniture,6,1418.8500000000001
2018-03-09,perfumery,5,351.51
2018-03-09,pet_shop,2,147.89000000000001
2018-03-09,signaling_and_security,1,135.13
2018-03-09,small_appliances,1,299.0
2018-03-09,sports_leisure,15,3541.74
2018-03-09,stationery,2,123.89000000000001
2018-03-09,telephony,15,515.85
2018-03-09,toys,3,895.6999999999999
2018-03-09,watches_gifts,19,6086.1
2018-03-10,auto,17,2553.33
2018-03-10,baby,5,292.44
2018-03-10,bed_bath_table,19,1634.8000000000002
2018-03-10,books_general_interest,1,39.9
2018-03-10,books_technical,1,63.0
2018-03-10,computers_accessories,13,1083.31
2018-03-10,consoles_games,3,427.78
2018-03-10,construction_tools_construction,1,169.0
2018-03-10,cool_stuff,15,2517.74
2018-03-10,electronics,4,70.9
2018-03-10,food_drink,1,21.0
2018-03-10,furniture_decor,11,1051.7
2018-03-10,garden_tools,6,479.4
2018-03-10,health_beauty,19,3709.8200000000006
2018-03-10,home_appliances,1,69.9
2018-03-10,home_construction,1,54.4
2018-03-10,housewares,14,1148.66
2018-03-10,luggage_accessories,1,49.4
2018-03-10,musical_instruments,3,278.99
2018-03-10,office_furniture,3,473.95000000000005
2018-03-10,perfumery,10,1220.46
2018-03-10,pet_shop,1,59.9
2018-03-10,sports_leisure,15,2113.72
2018-03-10,stationery,4,598.8
2018-03-10,telephony,5,130.93
2018-03-10,toys,5,458.21000000000004
2018-03-10,watches_gifts,21,4031.58
2018-03-11,audio,2,220.05
2018-03-11,auto,4,274.3
2018-03-11,baby,5,1918.69
2018-03-11,bed_bath_table,18,1210.91
2018-03-11,computers_accessories,13,1365.28
2018-03-11,consoles_games,2,101.5
2018-03-11,cool_stuff,8,783.11
2018-03-11,drinks,1,105.0
2018-03-11,electronics,2,43.64
2018-03-11,fashion_bags_accessories,5,229.69
2018-03-11,fashion_shoes,1,69.9
2018-03-11,food,1,27.9
2018-03-11,food_drink,1,49.9
2018-03-11,furniture_decor,14,1647.7700000000002
2018-03-11,furniture_living_room,2,338.99
2018-03-11,garden_tools,6,340.18
2018-03-11,health_beauty,23,3521.1300000000006
2018-03-11,home_appliances,2,102.59
2018-03-11,home_confort,2,173.8
2018-03-11,home_construction,1,54.4
2018-03-11,housewares,19,3245.7
2018-03-11,industry_commerce_and_business,2,208.0
2018-03-11,luggage_accessories,4,382.28
2018-03-11,market_place,1,239.9
2018-03-11,musical_instruments,1,1775.78
2018-03-11,office_furniture,4,571.87
2018-03-11,perfumery,7,748.3899999999999
2018-03-11,pet_shop,6,445.79
2018-03-11,small_appliances,1,629.0
2018-03-11,small_appliances_home_oven_and_coffee,1,214.9
2018-03-11,sports_leisure,29,3926.51
2018-03-11,stationery,8,582.9
2018-03-11,telephony,13,2071.67
2018-03-11,toys,15,876.18
2018-03-11,watches_gifts,8,2194.2
2018-03-12,agro_industry_and_commerce,1,23.0
2018-03-12,audio,1,487.9
2018-03-12,auto,14,2200.98
2018-03-12,baby,6,660.47
2018-03-12,bed_bath_table,19,1668.8600000000004
2018-03-12,books_general_interest,1,63.9
2018-03-12,cine_photo,2,199.9
2018-03-12,computers_accessories,20,2776.2
2018-03-12,consoles_games,2,107.78
2018-03-12,construction_tools_construction,4,350.80000000000007
2018-03-12,construction_tools_safety,1,435.19
2018-03-12,cool_stuff,5,858.87
2018-03-12,electronics,18,531.0799999999999
2018-03-12,fashion_bags_accessories,7,263.68000000000006
2018-03-12,food,2,100.0
2018-03-12,furniture_decor,14,1066.19
2018-03-12,furniture_living_room,1,179.9
2018-03-12,garden_tools,6,448.5
2018-03-12,health_beauty,22,3563.7399999999993
2018-03-12,home_appliances,2,218.0
2018-03-12,home_confort,3,455.8
2018-03-12,home_construction,1,54.4
2018-03-12,housewares,17,708.0699999999999
2018-03-12,musical_instruments,3,190.64000000000001
2018-03-12,office_furniture,1,146.99
2018-03-12,perfumery,3,607.7099999999999
2018-03-12,pet_shop,8,472.9899999999999
2018-03-12,small_appliances,1,1199.0
2018-03-12,sports_leisure,29,4786.049999999999
2018-03-12,stationery,5,205.8
2018-03-12,telephony,12,460.65000000000003
2018-03-12,toys,4,275.3
2018-03-12,watches_gifts,15,3562.9500000000003
2018-03-13,agro_industry_and_commerce,1,330.0
2018-03-13,air_conditioning,1,26.9
2018-03-13,auto,9,2005.5800000000002
2018-03-13,baby,9,1954.94
2018-03-13,bed_bath_table,35,3311.690000000001
2018-03-13,books_general_interest,5,355.69999999999993
2018-03-13,computers_accessories,21,2626.5
2018-03-13,consoles_games,2,130.5
2018-03-13,cool_stuff,5,873.97
2018-03-13,drinks,1,47.49
2018-03-13,electronics,4,75.69999999999999
2018-03-13,fashion_bags_accessories,4,562.99
2018-03-13,flowers,1,29.89
2018-03-13,food_drink,1,570.0
2018-03-13,furniture_decor,17,2300.6800000000003
2018-03-13,furniture_living_room,1,139.9
2018-03-13,garden_tools,12,1078.84
2018-03-13,health_beauty,17,3034.25
2018-03-13,home_appliances,1,47.59
2018-03-13,home_construction,1,54.4
2018-03-13,housewares,13,1011.96
2018-03-13,kitchen_dining_laundry_garden_furniture,1,448.0
2018-03-13,musical_instruments,2,227.9
2018-03-13,office_furniture,3,556.8299999999999
2018-03-13,perfumery,12,711.15
2018-03-13,pet_shop,1,189.9
2018-03-13,small_appliances,2,2197.0
2018-03-13,sports_leisure,34,3316.9999999999995
2018-03-13,stationery,4,217.98000000000002
2018-03-13,telephony,10,376.81000000000006
2018-03-13,toys,9,1811.1699999999998
2018-03-13,watches_gifts,17,3494.28
2018-03-14,agro_industry_and_commerce,1,19.5
2018-03-14,air_conditioning,1,24.9
2018-03-14,audio,2,346.0
2018-03-14,auto,7,509.99
2018-03-14,baby,6,387.5899999999999
2018-03-14,bed_bath_table,24,2374.880000000001
2018-03-14,books_general_interest,3,77.25
2018-03-14,books_imported,2,154.0
2018-03-14,computers_accessories,19,1837.3500000000001
2018-03-14,consoles_games,2,187.87
2018-03-14,cool_stuff,8,535.9499999999999
2018-03-14,drinks,1,40.0
2018-03-14,dvds_blu_ray,1,24.9
2018-03-14,electronics,15,674.2099999999999
2018-03-14,fashion_bags_accessories,2,254.8
2018-03-14,food,2,84.87
2018-03-14,furniture_bedroom,1,259.0
2018-03-14,furniture_decor,11,827.39
2018-03-14,furniture_living_room,1,309.99
2018-03-14,garden_tools,14,1054.1599999999999
2018-03-14,health_beauty,15,1918.6200000000001
2018-03-14,home_appliances,2,205.5
2018-03-14,housewares,6,484.96000000000004
2018-03-14,industry_commerce_and_business,2,208.0
2018-03-14,luggage_accessories,3,554.25
2018-03-14,musical_instruments,2,238.0
2018-03-14,office_furniture,4,549.87
2018-03-14,perfumery,5,346.28
2018-03-14,pet_shop,2,163.01
2018-03-14,small_appliances,1,69.0
2018-03-14,sports_leisure,25,2211.4500000000007
2018-03-14,stationery,3,477.9
2018-03-14,telephony,9,2091.85
2018-03-14,toys,13,1017.76
2018-03-14,watches_gifts,12,1567.98
2018-03-15,air_conditioning,2,380.0
2018-03-15,audio,1,467.0
2018-03-15,auto,16,2702.82
2018-03-15,baby,13,1564.4900000000007
2018-03-15,bed_bath_table,28,2865.4500000000003
2018-03-15,books_technical,1,78.0
2018-03-15,cine_photo,1,99.95
2018-03-15,computers_accessories,20,3976.92
2018-03-15,consoles_games,2,39.98
2018-03-15,construction_tools_construction,3,831.0
2018-03-15,cool_stuff,6,1631.1899999999998
2018-03-15,costruction_tools_tools,1,29.9
2018-03-15,drinks,1,47.49
2018-03-15,electronics,11,2660.02
2018-03-15,fashion_bags_accessories,2,284.9
2018-03-15,fashion_shoes,1,98.7
2018-03-15,food,4,283.83000000000004
2018-03-15,furniture_decor,27,1986.5000000000002
2018-03-15,furniture_living_room,1,37.9
2018-03-15,garden_tools,3,256.24
2018-03-15,health_beauty,28,3863.9200000000005
2018-03-15,home_appliances,7,397.49999999999994
2018-03-15,home_appliances_2,3,998.9
2018-03-15,home_confort,1,86.9
2018-03-15,housewares,11,395.7699999999999
2018-03-15,luggage_accessories,3,145.2
2018-03-15,office_furniture,15,1979.3500000000001
2018-03-15,perfumery,8,737.21
2018-03-15,pet_shop,4,276.4
2018-03-15,signaling_and_security,2,40.0
2018-03-15,small_appliances,1,998.0
2018-03-15,sports_leisure,25,2676.26
2018-03-15,stationery,6,801.76
2018-03-15,telephony,15,1265.2700000000002
2018-03-15,toys,11,638.66
2018-03-15,watches_gifts,22,5475.16
2018-03-16,agro_industry_and_commerce,2,522.0
2018-03-16,air_conditioning,1,130.0
2018-03-16,audio,1,467.0
2018-03-16,auto,9,920.48
2018-03-16,baby,13,3011.63
2018-03-16,bed_bath_table,25,1574.5200000000007
2018-03-16,books_general_interest,3,249.95
2018-03-16,books_technical,1,24.0
2018-03-16,cine_photo,1,53.99
2018-03-16,computers_accessories,22,1794.7
2018-03-16,construction_tools_construction,1,338.0
2018-03-16,construction_tools_lights,1,250.0
2018-03-16,cool_stuff,8,822.3499999999999
2018-03-16,costruction_tools_garden,1,77.9
2018-03-16,electronics,8,194.43
2018-03-16,fashion_bags_accessories,5,181.9
2018-03-16,fashion_shoes,1,98.7
2018-03-16,fixed_telephony,1,119.9
2018-03-16,food,1,56.97
2018-03-16,food_drink,1,187.0
2018-03-16,furniture_decor,21,1470.94
2018-03-16,furniture_living_room,2,465.88
2018-03-16,garden_tools,8,443.28
2018-03-16,health_beauty,24,3831.0800000000004
2018-03-16,home_confort,2,209.89000000000001
2018-03-16,housewares,17,1791.2900000000004
2018-03-16,kitchen_dining_laundry_garden_furniture,1,640.0
2018-03-16,musical_instruments,2,373.9
2018-03-16,office_furniture,7,1114.65
2018-03-16,perfumery,8,818.5
2018-03-16,pet_shop,3,353.79
2018-03-16,small_appliances,4,1580.8
2018-03-16,sports_leisure,25,2342.4100000000003
2018-03-16,stationery,3,252.9
2018-03-16,telephony,12,419.78
2018-03-16,toys,13,1505.74
2018-03-16,watches_gifts,20,3115.4999999999995
2018-03-17,air_conditioning,1,190.0
2018-03-17,audio,2,486.9
2018-03-17,auto,10,1402.2200000000003
2018-03-17,baby,5,449.19
2018-03-17,bed_bath_table,18,2445.25
2018-03-17,books_general_interest,3,142.85
2018-03-17,computers_accessories,17,1995.68
2018-03-17,consoles_games,3,128.07
2018-03-17,construction_tools_lights,2,325.9
2018-03-17,cool_stuff,6,860.87
2018-03-17,electronics,6,96.75999999999999
2018-03-17,fashion_bags_accessories,1,50.0
2018-03-17,food,1,56.97
2018-03-17,furniture_decor,7,783.9999999999999
2018-03-17,garden_tools,3,161.7
2018-03-17,health_beauty,18,1307.1000000000001
2018-03-17,home_confort,1,86.9
2018-03-17,home_construction,1,129.95
2018-03-17,housewares,4,472.78
2018-03-17,luggage_accessories,2,254.45999999999998
2018-03-17,market_place,1,27.93
2018-03-17,musical_instruments,1,83.9
2018-03-17,office_furniture,8,1005.51
2018-03-17,perfumery,3,144.79
2018-03-17,pet_shop,3,819.89
2018-03-17,small_appliances,2,315.3
2018-03-17,sports_leisure,20,1816.0200000000002
2018-03-17,stationery,3,47.699999999999996
2018-03-17,telephony,12,551.78
2018-03-17,toys,5,303.69000000000005
2018-03-17,watches_gifts,13,2287.19
2018-03-18,agro_industry_and_commerce,1,19.5
2018-03-18,air_conditioning,1,79.9
2018-03-18,art,1,89.9
2018-03-18,auto,15,2784.2300000000005
2018-03-18,baby,6,485.68000000000006
2018-03-18,bed_bath_table,23,2025.3700000000003
2018-03-18,cine_photo,1,99.95
2018-03-18,computers_accessories,15,2299.0499999999997
2018-03-18,consoles_games,1,69.0
2018-03-18,construction_tools_construction,3,333.17
2018-03-18,construction_tools_safety,1,1235.99
2018-03-18,cool_stuff,8,1034.57
2018-03-18,costruction_tools_garden,2,278.8
2018-03-18,electronics,6,236.09000000000003
2018-03-18,fashion_bags_accessories,4,427.79999999999995
2018-03-18,fashion_shoes,1,84.9
2018-03-18,fashion_sport,1,89.9
2018-03-18,food,2,55.8
2018-03-18,furniture_decor,14,1247.9899999999998
2018-03-18,furniture_mattress_and_upholstery,1,110.0
2018-03-18,garden_tools,10,718.4399999999999
2018-03-18,health_beauty,13,1254.1100000000004
2018-03-18,home_appliances,2,112.0
2018-03-18,home_appliances_2,1,914.0
2018-03-18,home_construction,2,79.8
2018-03-18,housewares,12,1101.14
2018-03-18,industry_commerce_and_business,1,79.0
2018-03-18,kitchen_dining_laundry_garden_furniture,1,119.0
2018-03-18,luggage_accessories,4,577.42
2018-03-18,musical_instruments,2,219.89000000000001
2018-03-18,office_furniture,3,366.58000000000004
2018-03-18,perfumery,9,1732.6799999999998
2018-03-18,pet_shop,10,979.4
2018-03-18,signaling_and_security,1,79.9
2018-03-18,small_appliances_home_oven_and_coffee,1,2899.0
2018-03-18,sports_leisure,15,1290.49
2018-03-18,stationery,4,447.37
2018-03-18,tablets_printing_image,2,205.8
2018-03-18,telephony,5,135.76
2018-03-18,toys,10,472.58
2018-03-18,watches_gifts,13,3710.4
2018-03-19,agro_industry_and_commerce,2,39.0
2018-03-19,audio,2,1057.0
2018-03-19,auto,12,1351.79
2018-03-19,baby,8,2592.4900000000002
2018-03-19,bed_bath_table,36,2276.9900000000007
2018-03-19,books_general_interest,1,115.0
2018-03-19,computers_accessories,42,5286.24
2018-03-19,consoles_games,2,468.98
2018-03-19,construction_tools_construction,12,1124.88
2018-03-19,construction_tools_lights,1,250.0
2018-03-19,cool_stuff,10,1635.86
2018-03-19,costruction_tools_garden,2,38.8
2018-03-19,drinks,1,47.49
2018-03-19,dvds_blu_ray,1,24.9
2018-03-19,electronics,9,605.35
2018-03-19,fashion_bags_accessories,4,163.9
2018-03-19,fashion_shoes,2,71.8
2018-03-19,fixed_telephony,3,379.70000000000005
2018-03-19,food,4,183.24
2018-03-19,furniture_decor,22,2449.2300000000005
2018-03-19,furniture_living_room,2,179.79000000000002
2018-03-19,garden_tools,13,1089.2999999999997
2018-03-19,health_beauty,24,2821.8899999999994
2018-03-19,home_appliances,5,657.4
2018-03-19,home_confort,1,89.9
2018-03-19,home_construction,1,399.0
2018-03-19,housewares,29,2353.2799999999997
2018-03-19,luggage_accessories,2,76.95
2018-03-19,musical_instruments,6,683.6600000000001
2018-03-19,office_furniture,3,446.87
2018-03-19,perfumery,11,754.1800000000001
2018-03-19,pet_shop,9,1821.0800000000002
2018-03-19,small_appliances,1,49.9
2018-03-19,sports_leisure,28,2904.620000000001
2018-03-19,stationery,4,361.89
2018-03-19,telephony,12,4188.79
2018-03-19,toys,4,928.78
2018-03-19,watches_gifts,22,3155.69
2018-03-20,agro_industry_and_commerce,4,470.5
2018-03-20,air_conditioning,1,35.9
2018-03-20,audio,4,1121.9
2018-03-20,auto,14,1216.6599999999999
2018-03-20,baby,3,142.70000000000002
2018-03-20,bed_bath_table,33,2662.4100000000003
2018-03-20,books_general_interest,1,17.45
2018-03-20,books_technical,1,24.0
2018-03-20,christmas_supplies,1,79.9
2018-03-20,computers_accessories,30,2671.879999999999
2018-03-20,construction_tools_construction,1,219.0
2018-03-20,cool_stuff,9,1476.7800000000002
2018-03-20,drinks,2,66.49000000000001
2018-03-20,electronics,13,345.35999999999996
2018-03-20,fashion_bags_accessories,4,140.5
2018-03-20,fixed_telephony,1,104.2
2018-03-20,food,1,27.9
2018-03-20,food_drink,2,109.9
2018-03-20,furniture_decor,30,2109.0199999999995
2018-03-20,furniture_mattress_and_upholstery,1,110.0
2018-03-20,garden_tools,12,1285.5
2018-03-20,health_beauty,41,3860.6200000000003
2018-03-20,home_appliances,5,1432.1
2018-03-20,home_confort,1,99.9
2018-03-20,home_construction,2,185.19
2018-03-20,housewares,23,1319.1099999999997
2018-03-20,industry_commerce_and_business,1,138.0
2018-03-20,market_place,1,49.9
2018-03-20,musical_instruments,7,1279.8700000000001
2018-03-20,office_furniture,6,518.8000000000001
2018-03-20,perfumery,7,620.98
2018-03-20,pet_shop,5,546.38
2018-03-20,signaling_and_security,1,358.0
2018-03-20,small_appliances,1,193.0
2018-03-20,small_appliances_home_oven_and_coffee,1,750.0
2018-03-20,sports_leisure,25,2827.4900000000007
2018-03-20,stationery,9,540.84
2018-03-20,telephony,12,951.62
2018-03-20,toys,8,910.0999999999999
2018-03-20,watches_gifts,8,2759.6
2018-03-21,air_conditioning,3,448.89
2018-03-21,art,1,57.0
2018-03-21,audio,1,590.0
2018-03-21,auto,16,2144.41
2018-03-21,baby,10,2101.6400000000003
2018-03-21,bed_bath_table,32,2176.5000000000005
2018-03-21,books_general_interest,3,89.85
2018-03-21,christmas_supplies,1,195.5
2018-03-21,computers_accessories,22,3363.5599999999995
2018-03-21,consoles_games,2,709.8
2018-03-21,construction_tools_construction,1,49.99
2018-03-21,cool_stuff,12,2205.87
2018-03-21,costruction_tools_tools,1,32.0
2018-03-21,electronics,13,694.9899999999999
2018-03-21,fashio_female_clothing,4,119.96
2018-03-21,fashion_bags_accessories,9,742.38
2018-03-21,fashion_childrens_clothes,1,39.99
2018-03-21,fixed_telephony,2,512.0
2018-03-21,furniture_bedroom,1,99.9
2018-03-21,furniture_decor,25,1704.31
2018-03-21,furniture_living_room,1,109.97
2018-03-21,garden_tools,8,2022.8
2018-03-21,health_beauty,24,2075.9400000000005
2018-03-21,home_appliances,7,1544.7
2018-03-21,home_construction,2,21.0
2018-03-21,housewares,10,682.16
2018-03-21,industry_commerce_and_business,2,199.45
2018-03-21,kitchen_dining_laundry_garden_furniture,2,239.0
2018-03-21,luggage_accessories,2,121.4
2018-03-21,musical_instruments,1,59.0
2018-03-21,office_furniture,4,816.73
2018-03-21,perfumery,10,1055.28
2018-03-21,pet_shop,1,142.9
2018-03-21,small_appliances,1,33.0
2018-03-21,sports_leisure,23,2427.94
2018-03-21,stationery,8,391.65999999999997
2018-03-21,telephony,15,2374.79
2018-03-21,toys,7,762.09
2018-03-21,watches_gifts,16,5631.4800000000005
2018-03-22,agro_industry_and_commerce,2,960.0
2018-03-22,air_conditioning,1,32.9
2018-03-22,auto,16,1974.2600000000002
2018-03-22,baby,9,754.67
2018-03-22,bed_bath_table,36,3409.0600000000013
2018-03-22,books_imported,1,105.0
2018-03-22,books_technical,4,205.77
2018-03-22,christmas_supplies,1,79.9
2018-03-22,cine_photo,1,169.0
2018-03-22,computers_accessories,27,3755.8299999999986
2018-03-22,consoles_games,4,357.13
2018-03-22,construction_tools_construction,1,389.0
2018-03-22,construction_tools_lights,2,500.0
2018-03-22,cool_stuff,11,1462.93
2018-03-22,costruction_tools_garden,1,35.89
2018-03-22,electronics,3,330.79999999999995
2018-03-22,fashion_bags_accessories,5,558.1
2018-03-22,fashion_underwear_beach,1,59.9
2018-03-22,food,2,127.44
2018-03-22,food_drink,1,699.9
2018-03-22,furniture_decor,15,1241.17
2018-03-22,garden_tools,5,315.59
2018-03-22,health_beauty,20,1436.3500000000001
2018-03-22,home_appliances,3,100.69
2018-03-22,home_appliances_2,1,522.5
2018-03-22,home_confort,1,219.0
2018-03-22,home_construction,7,860.4899999999999
2018-03-22,housewares,18,1347.8799999999997
2018-03-22,kitchen_dining_laundry_garden_furniture,1,64.9
2018-03-22,luggage_accessories,4,600.1800000000001
2018-03-22,market_place,3,269.9
2018-03-22,music,1,24.97
2018-03-22,musical_instruments,4,386.79999999999995
2018-03-22,office_furniture,6,1046.7600000000002
2018-03-22,perfumery,3,173.88000000000002
2018-03-22,pet_shop,1,99.9
2018-03-22,sports_leisure,24,1893.2600000000007
2018-03-22,stationery,5,263.7
2018-03-22,telephony,17,610.7300000000001
2018-03-22,toys,6,464.66999999999996
2018-03-22,watches_gifts,9,1762.8700000000001
2018-03-23,air_conditioning,2,60.8
2018-03-23,art,1,14.6
2018-03-23,auto,17,1900.4500000000003
2018-03-23,baby,13,2586.59
2018-03-23,bed_bath_table,18,1762.8300000000004
2018-03-23,books_technical,2,45.0
2018-03-23,computers_accessories,39,3026.0499999999997
2018-03-23,cool_stuff,9,947.37
2018-03-23,costruction_tools_tools,3,253.8
2018-03-23,drinks,1,6.0
2018-03-23,electronics,7,130.35000000000002
2018-03-23,fashion_bags_accessories,4,147.89
2018-03-23,food,1,27.9
2018-03-23,furniture_bedroom,1,99.9
2018-03-23,furniture_decor,13,1155.55
2018-03-23,garden_tools,7,1327.7800000000002
2018-03-23,health_beauty,13,2237.07
2018-03-23,home_appliances,1,37.8
2018-03-23,home_appliances_2,1,170.0
2018-03-23,home_confort,1,89.9
2018-03-23,housewares,11,987.1700000000001
2018-03-23,industry_commerce_and_business,2,214.0
2018-03-23,luggage_accessories,1,35.0
2018-03-23,market_place,1,68.8
2018-03-23,musical_instruments,2,1054.9
2018-03-23,office_furniture,5,706.86
2018-03-23,perfumery,8,755.32
2018-03-23,pet_shop,3,304.89
2018-03-23,small_appliances,2,238.9
2018-03-23,sports_leisure,18,1689.8999999999999
2018-03-23,stationery,5,509.79999999999995
2018-03-23,telephony,13,588.2
2018-03-23,toys,5,473.6
2018-03-23,watches_gifts,14,2928.7000000000003
2018-03-24,air_conditioning,1,130.0
2018-03-24,art,1,28.0
2018-03-24,auto,11,909.2700000000001
2018-03-24,baby,6,2203.7799999999997
2018-03-24,bed_bath_table,18,1394.0000000000005
2018-03-24,christmas_supplies,1,79.9
2018-03-24,computers_accessories,13,1389.56
2018-03-24,consoles_games,1,159.49
2018-03-24,construction_tools_construction,4,173.33
2018-03-24,cool_stuff,6,1306.89
2018-03-24,costruction_tools_garden,1,30.0
2018-03-24,costruction_tools_tools,1,190.0
2018-03-24,electronics,3,55.879999999999995
2018-03-24,fashion_bags_accessories,1,29.99
2018-03-24,fixed_telephony,1,175.0
2018-03-24,flowers,1,29.89
2018-03-24,furniture_decor,11,930.38
2018-03-24,garden_tools,9,374.24
2018-03-24,health_beauty,4,404.78999999999996
2018-03-24,home_appliances,1,193.25
2018-03-24,home_construction,2,218.95
2018-03-24,housewares,10,825.79
2018-03-24,industry_commerce_and_business,1,79.0
2018-03-24,luggage_accessories,3,575.69
2018-03-24,office_furniture,5,829.95
2018-03-24,perfumery,4,707.6999999999999
2018-03-24,pet_shop,7,1158.69
2018-03-24,small_appliances,1,33.0
2018-03-24,sports_leisure,19,1621.5200000000004
2018-03-24,stationery,6,508.09999999999997
2018-03-24,telephony,9,469.83000000000004
2018-03-24,toys,9,1381.48
2018-03-24,watches_gifts,13,4503.5599999999995
2018-03-25,air_conditioning,1,203.0
2018-03-25,art,1,135.0
2018-03-25,audio,3,661.28
2018-03-25,auto,7,523.08
2018-03-25,baby,8,2667.7000000000003
2018-03-25,bed_bath_table,37,3081.7
2018-03-25,computers_accessories,8,795.66
2018-03-25,consoles_games,1,79.0
2018-03-25,construction_tools_construction,2,101.5
2018-03-25,construction_tools_safety,6,174.0
2018-03-25,cool_stuff,9,1288.5500000000002
2018-03-25,electronics,8,711.05
2018-03-25,fashion_bags_accessories,5,628.1
2018-03-25,fashion_shoes,1,99.9
2018-03-25,food,2,37.48
2018-03-25,furniture_decor,13,1438.3700000000003
2018-03-25,garden_tools,6,309.4
2018-03-25,health_beauty,13,1341.15
2018-03-25,home_appliances,1,57.0
2018-03-25,home_appliances_2,1,339.9
2018-03-25,home_construction,1,95.2
2018-03-25,housewares,10,955.1799999999998
2018-03-25,industry_commerce_and_business,2,242.0
2018-03-25,luggage_accessories,2,88.99
2018-03-25,office_furniture,1,149.99
2018-03-25,perfumery,4,330.49
2018-03-25,pet_shop,11,672.9999999999999
2018-03-25,small_appliances,2,1468.0
2018-03-25,sports_leisure,20,2106.07
2018-03-25,stationery,5,466.78999999999996
2018-03-25,telephony,8,226.51000000000002
2018-03-25,toys,11,886.8799999999999
2018-03-25,watches_gifts,11,2531.8599999999997
2018-03-26,agro_industry_and_commerce,2,820.0
2018-03-26,air_conditioning,1,199.9
2018-03-26,audio,1,14.9
2018-03-26,auto,18,2263.08
2018-03-26,baby,11,2287.69
2018-03-26,bed_bath_table,20,1457.0700000000004
2018-03-26,books_general_interest,2,75.0
2018-03-26,christmas_supplies,1,11.62
2018-03-26,computers_accessories,41,3596.1299999999997
2018-03-26,consoles_games,2,134.19
2018-03-26,construction_tools_construction,2,416.5
2018-03-26,construction_tools_lights,1,37.0
2018-03-26,construction_tools_safety,1,285.0
2018-03-26,cool_stuff,14,1643.79
2018-03-26,costruction_tools_garden,2,237.8
2018-03-26,costruction_tools_tools,1,190.0
2018-03-26,diapers_and_hygiene,5,125.0
2018-03-26,drinks,2,60.8
2018-03-26,electronics,15,766.1299999999999
2018-03-26,fashion_bags_accessories,6,347.49999999999994
2018-03-26,fashion_shoes,1,99.9
2018-03-26,fixed_telephony,1,90.0
2018-03-26,food,1,27.9
2018-03-26,furniture_decor,23,1864.7900000000004
2018-03-26,garden_tools,12,1398.2900000000004
2018-03-26,health_beauty,28,2217.7100000000005
2018-03-26,home_appliances,1,26.0
2018-03-26,home_appliances_2,2,543.0
2018-03-26,home_construction,1,75.9
2018-03-26,housewares,8,730.6999999999999
2018-03-26,industry_commerce_and_business,3,321.0
2018-03-26,luggage_accessories,2,104.98
2018-03-26,musical_instruments,1,799.9
2018-03-26,office_furniture,3,516.95
2018-03-26,perfumery,1,119.7
2018-03-26,pet_shop,5,902.69
2018-03-26,small_appliances,1,239.0
2018-03-26,sports_leisure,28,5116.279999999999
2018-03-26,stationery,8,677.1899999999999
2018-03-26,telephony,14,366.81
2018-03-26,toys,7,317.08
2018-03-26,watches_gifts,10,2107.4900000000002
2018-03-27,air_conditioning,1,24.9
2018-03-27,audio,3,1150.9
2018-03-27,auto,12,869.6999999999999
2018-03-27,baby,5,2253.0
2018-03-27,bed_bath_table,25,2509.2899999999995
2018-03-27,books_general_interest,2,94.99
2018-03-27,books_technical,1,14.95
2018-03-27,christmas_supplies,1,79.9
2018-03-27,computers_accessories,39,4153.8099999999995
2018-03-27,consoles_games,1,38.9
2018-03-27,construction_tools_construction,2,427.9
2018-03-27,construction_tools_lights,1,250.0
2018-03-27,construction_tools_safety,1,65.0
2018-03-27,cool_stuff,9,1840.8500000000001
2018-03-27,drinks,1,43.0
2018-03-27,electronics,9,256.70000000000005
2018-03-27,fashion_bags_accessories,1,29.9
2018-03-27,food,1,56.97
2018-03-27,food_drink,1,51.0
2018-03-27,furniture_decor,21,1115.94
2018-03-27,furniture_living_room,1,109.97
2018-03-27,garden_tools,13,1463.98
2018-03-27,health_beauty,17,2436.62
2018-03-27,home_appliances,2,538.8499999999999
2018-03-27,home_confort,1,329.0
2018-03-27,home_construction,4,806.09
2018-03-27,housewares,11,1238.5400000000002
2018-03-27,kitchen_dining_laundry_garden_furniture,2,739.88
2018-03-27,luggage_accessories,2,83.95
2018-03-27,office_furniture,13,1994.65
2018-03-27,perfumery,7,601.15
2018-03-27,pet_shop,4,212.60000000000002
2018-03-27,small_appliances,1,1099.0
2018-03-27,sports_leisure,34,3159.2900000000013
2018-03-27,stationery,4,245.36
2018-03-27,telephony,9,584.92
2018-03-27,toys,10,847.88
2018-03-27,watches_gifts,8,1521.8000000000002
2018-03-28,agro_industry_and_commerce,2,198.0
2018-03-28,auto,11,1038.46
2018-03-28,baby,6,1811.8000000000002
2018-03-28,bed_bath_table,22,1792.3400000000004
2018-03-28,books_general_interest,1,19.9
2018-03-28,cine_photo,1,89.0
2018-03-28,computers_accessories,27,3529.19
2018-03-28,consoles_games,2,808.0
2018-03-28,construction_tools_construction,1,72.0
2018-03-28,cool_stuff,8,1318.76
2018-03-28,costruction_tools_tools,1,45.6
2018-03-28,drinks,2,86.0
2018-03-28,electronics,3,41.15
2018-03-28,fashion_bags_accessories,7,217.70000000000002
2018-03-28,fixed_telephony,1,256.0
2018-03-28,food,2,84.87
2018-03-28,food_drink,1,35.0
2018-03-28,furniture_decor,16,1424.8700000000001
2018-03-28,furniture_living_room,1,177.99
2018-03-28,garden_tools,11,962.8799999999999
2018-03-28,health_beauty,18,1823.53
2018-03-28,home_appliances,2,143.45
2018-03-28,home_construction,1,95.2
2018-03-28,housewares,7,540.74
2018-03-28,industry_commerce_and_business,3,261.0
2018-03-28,luggage_accessories,2,109.98
2018-03-28,market_place,2,139.8
2018-03-28,musical_instruments,1,338.52
2018-03-28,office_furniture,5,721.8
2018-03-28,perfumery,5,602.09
2018-03-28,pet_shop,2,304.0
2018-03-28,small_appliances,2,65.8
2018-03-28,sports_leisure,19,1466.6799999999998
2018-03-28,stationery,4,223.89
2018-03-28,telephony,9,515.7
2018-03-28,toys,5,392.77
2018-03-28,watches_gifts,16,4561.8
2018-03-29,agro_industry_and_commerce,1,412.0
2018-03-29,audio,3,1172.98
2018-03-29,auto,10,1509.66
2018-03-29,baby,7,1358.9
2018-03-29,bed_bath_table,25,2139.2500000000005
2018-03-29,computers_accessories,14,1348.8500000000001
2018-03-29,consoles_games,3,4209.969999999999
2018-03-29,construction_tools_construction,1,112.0
2018-03-29,cool_stuff,6,878.77
2018-03-29,electronics,6,158.24
2018-03-29,fashion_bags_accessories,5,567.9
2018-03-29,fixed_telephony,1,14.99
2018-03-29,flowers,1,29.89
2018-03-29,food_drink,1,56.9
2018-03-29,furniture_decor,20,1454.2900000000002
2018-03-29,garden_tools,8,952.9999999999999
2018-03-29,health_beauty,19,1185.28
2018-03-29,home_appliances,1,18.7
2018-03-29,home_appliances_2,1,184.9
2018-03-29,home_confort,3,333.79
2018-03-29,home_construction,1,269.7
2018-03-29,housewares,14,829.2199999999998
2018-03-29,industry_commerce_and_business,2,156.0
2018-03-29,musical_instruments,1,59.0
2018-03-29,office_furniture,7,1013.84
2018-03-29,party_supplies,1,231.2
2018-03-29,perfumery,2,155.6
2018-03-29,pet_shop,1,148.47
2018-03-29,small_appliances_home_oven_and_coffee,2,2698.0
2018-03-29,sports_leisure,13,1313.6399999999999
2018-03-29,stationery,7,307.95000000000005
2018-03-29,telephony,12,329.94000000000005
2018-03-29,toys,4,330.97
2018-03-29,watches_gifts,12,1881.94
2018-03-30,air_conditioning,2,184.89000000000001
2018-03-30,audio,1,499.99
2018-03-30,auto,4,594.5699999999999
2018-03-30,baby,3,647.8
2018-03-30,bed_bath_table,24,1926.2900000000004
2018-03-30,books_general_interest,1,19.95
2018-03-30,computers_accessories,3,369.8
2018-03-30,consoles_games,1,10.0
2018-03-30,construction_tools_construction,4,480.0
2018-03-30,construction_tools_lights,1,297.0
2018-03-30,cool_stuff,4,302.70000000000005
2018-03-30,electronics,3,51.2
2018-03-30,fashion_bags_accessories,5,246.69
2018-03-30,fixed_telephony,1,109.8
2018-03-30,furniture_decor,18,1571.58
2018-03-30,garden_tools,2,682.8
2018-03-30,health_beauty,17,917.7299999999999
2018-03-30,home_appliances,3,760.72
2018-03-30,home_appliances_2,1,1595.0
2018-03-30,home_construction,2,514.39
2018-03-30,housewares,7,789.3399999999999
2018-03-30,industry_commerce_and_business,1,150.0
2018-03-30,luggage_accessories,2,187.0
2018-03-30,market_place,1,15.0
2018-03-30,music,1,299.0
2018-03-30,musical_instruments,1,34.36
2018-03-30,office_furniture,9,2035.39
2018-03-30,perfumery,4,242.78000000000003
2018-03-30,pet_shop,3,306.70000000000005
2018-03-30,signaling_and_security,1,68.9
2018-03-30,sports_leisure,24,1991.7800000000002
2018-03-30,stationery,3,567.9
2018-03-30,telephony,9,279.73
2018-03-30,toys,5,960.77
2018-03-30,watches_gifts,9,1851.4
2018-03-31,art,1,12.0
2018-03-31,audio,1,499.99
2018-03-31,auto,6,1637.7900000000002
2018-03-31,baby,8,805.5899999999999
2018-03-31,bed_bath_table,27,2848.1400000000003
2018-03-31,computers_accessories,14,1582.58
2018-03-31,construction_tools_construction,1,189.0
2018-03-31,construction_tools_safety,6,1939.95
2018-03-31,cool_stuff,7,1389.9699999999998
2018-03-31,costruction_tools_tools,1,190.0
2018-03-31,drinks,1,43.0
2018-03-31,electronics,4,146.88
2018-03-31,fashion_bags_accessories,4,102.26999999999998
2018-03-31,fashion_shoes,1,199.7
2018-03-31,furniture_decor,6,324.49
2018-03-31,garden_tools,6,440.78000000000003
2018-03-31,health_beauty,10,1057.25
2018-03-31,home_appliances,3,120.0
2018-03-31,home_construction,4,153.9
2018-03-31,housewares,13,1374.4
2018-03-31,industry_commerce_and_business,1,104.0
2018-03-31,kitchen_dining_laundry_garden_furniture,2,168.0
2018-03-31,la_cuisine,1,389.0
2018-03-31,luggage_accessories,2,39.98
2018-03-31,market_place,1,31.92
2018-03-31,musical_instruments,2,149.87
2018-03-31,office_furniture,5,606.51
2018-03-31,perfumery,2,637.9
2018-03-31,pet_shop,4,400.89
2018-03-31,small_appliances_home_oven_and_coffee,1,579.0
2018-03-31,sports_leisure,11,733.13
2018-03-31,stationery,4,427.9
2018-03-31,telephony,12,1567.88
2018-03-31,toys,8,870.48
2018-03-31,watches_gifts,8,2463.8
2018-04-01,audio,1,168.0
2018-04-01,auto,11,1938.7400000000002
2018-04-01,baby,5,1301.6
2018-04-01,bed_bath_table,19,1843.9500000000003
2018-04-01,books_general_interest,1,149.0
2018-04-01,books_technical,1,19.9
2018-04-01,christmas_supplies,1,79.9
2018-04-01,computers_accessories,16,1653.7600000000002
2018-04-01,consoles_games,1,68.99
2018-04-01,construction_tools_construction,3,424.78999999999996
2018-04-01,cool_stuff,1,131.99
2018-04-01,drinks,1,43.0
2018-04-01,dvds_blu_ray,1,24.9
2018-04-01,electronics,9,641.4
2018-04-01,fashion_bags_accessories,5,643.4899999999999
2018-04-01,fashion_shoes,1,157.9
2018-04-01,food,1,27.9
2018-04-01,furniture_decor,16,1199.28
2018-04-01,furniture_living_room,1,109.97
2018-04-01,garden_tools,12,830.4999999999999
2018-04-01,health_beauty,22,4208.150000000001
2018-04-01,home_appliances,1,39.0
2018-04-01,home_appliances_2,1,1561.0
2018-04-01,housewares,15,766.5199999999999
2018-04-01,luggage_accessories,1,799.0
2018-04-01,musical_instruments,2,154.0
2018-04-01,office_furniture,3,475.96000000000004
2018-04-01,perfumery,7,455.76
2018-04-01,pet_shop,7,592.4300000000001
2018-04-01,small_appliances,3,1155.0
2018-04-01,sports_leisure,20,1695.33
2018-04-01,stationery,4,163.8
2018-04-01,telephony,12,479.79
2018-04-01,toys,5,1127.7
2018-04-01,watches_gifts,14,3207.25
2018-04-02,air_conditioning,2,319.8
2018-04-02,audio,1,499.99
2018-04-02,auto,15,2420.76
2018-04-02,baby,3,694.89
2018-04-02,bed_bath_table,32,3523.3199999999997
2018-04-02,books_imported,1,69.0
2018-04-02,books_technical,2,317.84999999999997
2018-04-02,christmas_supplies,1,12.52
2018-04-02,cine_photo,1,53.99
2018-04-02,computers_accessories,36,3538.7200000000003
2018-04-02,consoles_games,2,77.8
2018-04-02,construction_tools_construction,2,1536.97
2018-04-02,construction_tools_safety,1,65.0
2018-04-02,cool_stuff,9,1499.17
2018-04-02,costruction_tools_garden,2,56.9
2018-04-02,electronics,16,617.16
2018-04-02,fashion_bags_accessories,3,185.1
2018-04-02,fashion_shoes,1,87.5
2018-04-02,furniture_decor,33,2855.4100000000008
2018-04-02,garden_tools,6,552.6899999999999
2018-04-02,health_beauty,14,1158.94
2018-04-02,home_appliances,4,936.65
2018-04-02,home_appliances_2,1,385.0
2018-04-02,home_confort,2,173.8
2018-04-02,home_construction,2,232.35
2018-04-02,housewares,7,569.97
2018-04-02,industry_commerce_and_business,2,301.47
2018-04-02,luggage_accessories,1,198.9
2018-04-02,market_place,1,19.9
2018-04-02,music,1,149.9
2018-04-02,musical_instruments,3,477.25
2018-04-02,office_furniture,22,2999.2800000000007
2018-04-02,perfumery,6,510.18
2018-04-02,pet_shop,4,261.97
2018-04-02,small_appliances,2,1498.0
2018-04-02,sports_leisure,39,5048.0999999999985
2018-04-02,stationery,1,109.0
2018-04-02,telephony,7,297.74
2018-04-02,toys,10,662.75
2018-04-02,watches_gifts,21,3568.9900000000002
2018-04-03,agro_industry_and_commerce,1,465.0
2018-04-03,air_conditioning,2,735.9
2018-04-03,art,1,119.0
2018-04-03,audio,5,617.54
2018-04-03,auto,13,1725.6000000000001
2018-04-03,baby,12,2850.18
2018-04-03,bed_bath_table,18,3505.6099999999997
2018-04-03,computers_accessories,26,3614.2599999999998
2018-04-03,consoles_games,1,34.2
2018-04-03,construction_tools_construction,1,64.99
2018-04-03,construction_tools_safety,1,65.0
2018-04-03,cool_stuff,7,705.5799999999999
2018-04-03,electronics,11,259.0
2018-04-03,fashion_bags_accessories,3,94.2
2018-04-03,food,4,149.8
2018-04-03,furniture_bedroom,1,169.0
2018-04-03,furniture_decor,15,1614.7900000000004
2018-04-03,furniture_living_room,1,179.9
2018-04-03,garden_tools,6,2193.21
2018-04-03,health_beauty,22,2327.9300000000003
2018-04-03,home_confort,1,136.0
2018-04-03,home_construction,5,255.85000000000002
2018-04-03,housewares,13,948.4899999999999
2018-04-03,luggage_accessories,2,118.99
2018-04-03,market_place,1,15.0
2018-04-03,musical_instruments,5,670.06
2018-04-03,office_furniture,8,1307.74
2018-04-03,perfumery,6,694.3
2018-04-03,pet_shop,5,520.5999999999999
2018-04-03,small_appliances,2,106.06
2018-04-03,sports_leisure,27,3493.719999999999
2018-04-03,stationery,9,324.44
2018-04-03,telephony,5,265.96
2018-04-03,toys,14,1381.6900000000003
2018-04-03,watches_gifts,18,3972.58
2018-04-04,agro_industry_and_commerce,1,58.5
2018-04-04,air_conditioning,1,35.9
2018-04-04,art,1,120.0
2018-04-04,auto,12,1478.98
2018-04-04,baby,4,549.7
2018-04-04,bed_bath_table,22,1570.6699999999998
2018-04-04,books_imported,1,105.0
2018-04-04,books_technical,2,101.0
2018-04-04,computers,2,1198.0
2018-04-04,computers_accessories,26,3108.76
2018-04-04,consoles_games,2,104.19
2018-04-04,construction_tools_construction,10,2024.39
2018-04-04,construction_tools_lights,1,39.99
2018-04-04,construction_tools_safety,1,54.9
2018-04-04,cool_stuff,8,1383.47
2018-04-04,costruction_tools_garden,1,37.88
2018-04-04,costruction_tools_tools,2,129.79
2018-04-04,drinks,2,107.0
2018-04-04,electronics,5,170.55
2018-04-04,fashion_bags_accessories,8,954.58
2018-04-04,fixed_telephony,1,18.99
2018-04-04,food_drink,2,93.55
2018-04-04,furniture_decor,19,1716.4400000000003
2018-04-04,furniture_living_room,1,529.99
2018-04-04,garden_tools,9,565.89
2018-04-04,health_beauty,27,3881.3900000000003
2018-04-04,home_appliances,5,166.77
2018-04-04,home_appliances_2,2,4220.0
2018-04-04,home_construction,1,140.0
2018-04-04,housewares,11,2019.92
2018-04-04,industry_commerce_and_business,5,398.0
2018-04-04,luggage_accessories,1,49.99
2018-04-04,office_furniture,1,219.98
2018-04-04,perfumery,8,859.4799999999999
2018-04-04,pet_shop,8,1052.03
2018-04-04,small_appliances,2,398.07
2018-04-04,sports_leisure,28,2143.13
2018-04-04,stationery,9,848.6999999999999
2018-04-04,telephony,6,264.68
2018-04-04,toys,9,590.07
2018-04-04,watches_gifts,12,2868.6000000000004
2018-04-05,agro_industry_and_commerce,1,412.0
2018-04-05,air_conditioning,1,75.9
2018-04-05,art,1,119.0
2018-04-05,auto,21,2183.2800000000007
2018-04-05,baby,9,916.7299999999999
2018-04-05,bed_bath_table,27,2108.3900000000003
2018-04-05,books_general_interest,5,760.88
2018-04-05,computers_accessories,20,2662.7100000000005
2018-04-05,consoles_games,5,215.73999999999998
2018-04-05,construction_tools_construction,1,55.9
2018-04-05,construction_tools_safety,3,336.13
2018-04-05,cool_stuff,9,1882.18
2018-04-05,costruction_tools_tools,2,59.9
2018-04-05,electronics,1,13.65
2018-04-05,fashion_bags_accessories,5,417.99999999999994
2018-04-05,fashion_sport,1,89.9
2018-04-05,fashion_underwear_beach,1,79.9
2018-04-05,furniture_decor,22,2513.29
2018-04-05,furniture_living_room,5,178.68
2018-04-05,garden_tools,5,676.6
2018-04-05,health_beauty,23,5179.030000000001
2018-04-05,home_appliances,6,1144.8999999999999
2018-04-05,home_construction,3,193.65
2018-04-05,housewares,17,1063.1799999999998
2018-04-05,industry_commerce_and_business,3,327.0
2018-04-05,luggage_accessories,1,219.0
2018-04-05,musical_instruments,2,218.0
2018-04-05,perfumery,9,648.87
2018-04-05,pet_shop,8,968.1800000000001
2018-04-05,signaling_and_security,1,16.0
2018-04-05,small_appliances,4,194.9
2018-04-05,small_appliances_home_oven_and_coffee,2,768.99
2018-04-05,sports_leisure,27,3389.3100000000004
2018-04-05,stationery,9,350.12
2018-04-05,telephony,7,244.63000000000002
2018-04-05,toys,5,989.5999999999999
2018-04-05,watches_gifts,16,3876.92
2018-04-06,air_conditioning,1,190.0
2018-04-06,auto,11,1263.0300000000002
2018-04-06,baby,5,954.8
2018-04-06,bed_bath_table,20,1461.28
2018-04-06,books_general_interest,1,87.0
2018-04-06,computers_accessories,13,4073.72
2018-04-06,consoles_games,2,124.19
2018-04-06,construction_tools_construction,4,315.29
2018-04-06,construction_tools_lights,1,80.0
2018-04-06,construction_tools_safety,2,209.22
2018-04-06,cool_stuff,5,879.88
2018-04-06,diapers_and_hygiene,1,37.0
2018-04-06,drinks,1,31.49
2018-04-06,electronics,7,1304.45
2018-04-06,fashion_bags_accessories,3,103.59
2018-04-06,fashion_shoes,1,99.9
2018-04-06,fixed_telephony,3,411.98
2018-04-06,food_drink,2,48.3
2018-04-06,furniture_bedroom,1,219.0
2018-04-06,furniture_decor,14,1463.38
2018-04-06,garden_tools,3,273.9
2018-04-06,health_beauty,22,2804.1
2018-04-06,home_appliances,3,452.9
2018-04-06,home_confort,1,86.9
2018-04-06,home_construction,2,120.30000000000001
2018-04-06,housewares,10,717.09
2018-04-06,industry_commerce_and_business,4,387.0
2018-04-06,kitchen_dining_laundry_garden_furniture,1,320.0
2018-04-06,musical_instruments,1,255.0
2018-04-06,perfumery,7,823.48
2018-04-06,pet_shop,7,619.1999999999999
2018-04-06,signaling_and_security,2,77.8
2018-04-06,small_appliances,1,71.32
2018-04-06,small_appliances_home_oven_and_coffee,1,1999.0
2018-04-06,sports_leisure,11,1040.76
2018-04-06,stationery,5,333.69999999999993
2018-04-06,telephony,12,352.48
2018-04-06,toys,4,1029.8899999999999
2018-04-06,watches_gifts,5,856.77
2018-04-07,auto,10,2648.88
2018-04-07,baby,4,1225.38
2018-04-07,bed_bath_table,21,2114.9300000000003
2018-04-07,books_general_interest,1,74.9
2018-04-07,computers_accessories,13,1215.54
2018-04-07,construction_tools_construction,2,596.49
2018-04-07,construction_tools_lights,1,120.0
2018-04-07,construction_tools_safety,1,40.8
2018-04-07,cool_stuff,10,1702.7900000000002
2018-04-07,electronics,8,128.98000000000002
2018-04-07,fashion_shoes,1,157.9
2018-04-07,fixed_telephony,3,791.0
2018-04-07,food,1,27.9
2018-04-07,furniture_decor,8,588.39
2018-04-07,garden_tools,7,437.15999999999997
2018-04-07,health_beauty,18,2128.16
2018-04-07,home_appliances,5,163.95
2018-04-07,home_comfort_2,1,12.9
2018-04-07,home_confort,1,99.9
2018-04-07,home_construction,4,1088.13
2018-04-07,housewares,9,838.5699999999999
2018-04-07,industry_commerce_and_business,1,102.0
2018-04-07,luggage_accessories,1,79.99
2018-04-07,musical_instruments,1,1890.0
2018-04-07,perfumery,2,249.99
2018-04-07,pet_shop,4,405.79
2018-04-07,small_appliances,6,1858.9
2018-04-07,sports_leisure,12,900.24
2018-04-07,telephony,8,800.67
2018-04-07,toys,4,487.39
2018-04-07,watches_gifts,9,1841.28
2018-04-08,art,2,112.9
2018-04-08,auto,5,648.88
2018-04-08,baby,7,1906.3799999999999
2018-04-08,bed_bath_table,30,2911.2799999999993
2018-04-08,books_general_interest,1,524.9
2018-04-08,computers,1,790.0
2018-04-08,computers_accessories,18,1437.0400000000002
2018-04-08,consoles_games,2,791.03
2018-04-08,construction_tools_construction,1,54.99
2018-04-08,cool_stuff,2,346.0
2018-04-08,costruction_tools_tools,1,190.0
2018-04-08,drinks,1,20.0
2018-04-08,dvds_blu_ray,2,49.8
2018-04-08,fashion_bags_accessories,7,392.59000000000003
2018-04-08,food,1,56.97
2018-04-08,furniture_decor,27,2435.3000000000006
2018-04-08,furniture_living_room,2,108.98
2018-04-08,garden_tools,5,357.08000000000004
2018-04-08,health_beauty,18,1803.4
2018-04-08,housewares,12,1229.57
2018-04-08,industry_commerce_and_business,2,208.0
2018-04-08,luggage_accessories,3,327.89
2018-04-08,musical_instruments,3,1203.89
2018-04-08,perfumery,8,559.88
2018-04-08,pet_shop,4,414.79999999999995
2018-04-08,small_appliances,4,250.8
2018-04-08,sports_leisure,14,1409.58
2018-04-08,telephony,5,123.91
2018-04-08,toys,3,657.48
2018-04-08,watches_gifts,10,1529.53
2018-04-09,art,1,119.0
2018-04-09,audio,3,225.44000000000003
2018-04-09,auto,21,6134.449999999999
2018-04-09,baby,13,4121.67
2018-04-09,bed_bath_table,23,1918.9300000000005
2018-04-09,books_technical,1,19.9
2018-04-09,cine_photo,1,99.95
2018-04-09,computers,1,3399.99
2018-04-09,computers_accessories,23,2026.9300000000003
2018-04-09,consoles_games,3,52.35
2018-04-09,construction_tools_construction,5,694.7800000000001
2018-04-09,cool_stuff,6,1108.68
2018-04-09,costruction_tools_tools,1,6.8
2018-04-09,drinks,5,799.0
2018-04-09,electronics,8,332.13999999999993
2018-04-09,fashion_bags_accessories,2,164.9
2018-04-09,fashion_underwear_beach,1,49.9
2018-04-09,flowers,1,42.0
2018-04-09,food,2,94.0
2018-04-09,food_drink,1,49.9
2018-04-09,furniture_bedroom,2,358.0
2018-04-09,furniture_decor,18,1657.08
2018-04-09,garden_tools,8,660.92
2018-04-09,health_beauty,24,4100.2300000000005
2018-04-09,home_appliances,6,3412.6
2018-04-09,home_appliances_2,2,2142.0
2018-04-09,home_construction,1,54.4
2018-04-09,housewares,10,1780.8899999999999
2018-04-09,industry_commerce_and_business,2,181.0
2018-04-09,luggage_accessories,5,1025.68
2018-04-09,market_place,1,19.0
2018-04-09,musical_instruments,3,2078.0
2018-04-09,office_furniture,1,129.98
2018-04-09,perfumery,10,354.32000000000005
2018-04-09,pet_shop,8,791.6800000000001
2018-04-09,signaling_and_security,7,67.9
2018-04-09,small_appliances,1,597.0
2018-04-09,sports_leisure,27,4293.83
2018-04-09,stationery,6,883.9999999999999
2018-04-09,telephony,8,839.77
2018-04-09,toys,3,367.97
2018-04-09,watches_gifts,9,1298.7900000000002
2018-04-10,air_conditioning,1,34.9
2018-04-10,art,1,45.9
2018-04-10,audio,1,499.99
2018-04-10,auto,9,590.0699999999999
2018-04-10,baby,12,1873.8700000000001
2018-04-10,bed_bath_table,19,1707.5800000000002
2018-04-10,computers,1,599.0
2018-04-10,computers_accessories,9,977.56
2018-04-10,consoles_games,3,70.59
2018-04-10,construction_tools_construction,1,199.9
2018-04-10,construction_tools_lights,2,128.0
2018-04-10,cool_stuff,16,1384.17
2018-04-10,costruction_tools_tools,1,15.8
2018-04-10,drinks,4,172.0
2018-04-10,electronics,5,849.4499999999999
2018-04-10,fashion_bags_accessories,3,168.89000000000001
2018-04-10,fixed_telephony,1,32.99
2018-04-10,food,1,59.9
2018-04-10,food_drink,2,99.8
2018-04-10,furniture_decor,18,2007.2200000000005
2018-04-10,garden_tools,7,706.5999999999999
2018-04-10,health_beauty,16,2548.5499999999993
2018-04-10,home_appliances,7,709.62
2018-04-10,home_confort,1,499.0
2018-04-10,home_construction,1,32.99
2018-04-10,housewares,23,1681.0800000000006
2018-04-10,industry_commerce_and_business,3,229.0
2018-04-10,luggage_accessories,1,99.0
2018-04-10,musical_instruments,3,2278.9
2018-04-10,perfumery,5,164.59
2018-04-10,pet_shop,9,1015.77
2018-04-10,small_appliances,1,32.0
2018-04-10,small_appliances_home_oven_and_coffee,2,1329.0
2018-04-10,sports_leisure,14,1299.29
2018-04-10,stationery,1,177.0
2018-04-10,telephony,2,64.98
2018-04-10,toys,4,133.86999999999998
2018-04-10,watches_gifts,13,2539.3500000000004
2018-04-11,audio,4,1999.96
2018-04-11,auto,14,1297.7200000000005
2018-04-11,baby,9,1646.1400000000003
2018-04-11,bed_bath_table,34,3644.84
2018-04-11,books_imported,1,125.0
2018-04-11,computers_accessories,16,1879.9000000000003
2018-04-11,consoles_games,1,25.99
2018-04-11,construction_tools_construction,4,227.89000000000001
2018-04-11,construction_tools_lights,6,515.0
2018-04-11,cool_stuff,10,2250.7000000000003
2018-04-11,diapers_and_hygiene,1,37.0
2018-04-11,drinks,1,41.76
2018-04-11,electronics,8,536.9999999999999
2018-04-11,fashion_bags_accessories,3,123.89
2018-04-11,fashion_shoes,1,199.7
2018-04-11,food,1,27.9
2018-04-11,furniture_bedroom,1,99.9
2018-04-11,furniture_decor,17,1675.8799999999999
2018-04-11,furniture_living_room,1,179.99
2018-04-11,garden_tools,11,1056.49
2018-04-11,health_beauty,29,2526.5700000000006
2018-04-11,home_appliances,2,39.0
2018-04-11,home_appliances_2,2,2696.0
2018-04-11,home_confort,1,86.9
2018-04-11,home_construction,4,585.75
2018-04-11,housewares,19,2096.24
2018-04-11,industry_commerce_and_business,1,78.0
2018-04-11,luggage_accessories,3,174.79000000000002
2018-04-11,musical_instruments,2,956.0
2018-04-11,office_furniture,1,118.9
2018-04-11,perfumery,7,820.0899999999999
2018-04-11,pet_shop,6,1014.4
2018-04-11,small_appliances,5,722.66
2018-04-11,sports_leisure,32,2563.03
2018-04-11,stationery,4,285.28000000000003
2018-04-11,telephony,12,1444.5700000000002
2018-04-11,toys,4,761.6999999999999
2018-04-11,watches_gifts,12,3116.7799999999997
2018-04-12,agro_industry_and_commerce,1,549.0
2018-04-12,art,1,26.5
2018-04-12,auto,13,1576.0800000000004
2018-04-12,baby,4,319.70000000000005
2018-04-12,bed_bath_table,32,3115.0499999999997
2018-04-12,books_general_interest,5,237.95
2018-04-12,books_technical,1,39.9
2018-04-12,christmas_supplies,1,6.0
2018-04-12,computers_accessories,27,2810.2700000000004
2018-04-12,construction_tools_construction,1,112.0
2018-04-12,construction_tools_lights,3,510.0
2018-04-12,cool_stuff,4,591.97
2018-04-12,costruction_tools_garden,2,71.78
2018-04-12,drinks,3,73.6
2018-04-12,electronics,5,153.05
2018-04-12,fashion_bags_accessories,2,84.89
2018-04-12,fashion_underwear_beach,1,59.9
2018-04-12,food,1,32.49
2018-04-12,furniture_decor,23,2883.57
2018-04-12,garden_tools,5,1782.8000000000002
2018-04-12,health_beauty,23,2951.9700000000007
2018-04-12,home_appliances,8,923.1899999999999
2018-04-12,home_construction,1,113.85
2018-04-12,housewares,14,1216.09
2018-04-12,kitchen_dining_laundry_garden_furniture,1,72.9
2018-04-12,luggage_accessories,3,228.2
2018-04-12,market_place,1,99.9
2018-04-12,music,1,10.99
2018-04-12,musical_instruments,2,138.0
2018-04-12,office_furniture,2,479.84
2018-04-12,perfumery,8,642.6800000000001
2018-04-12,pet_shop,5,238.39
2018-04-12,signaling_and_security,4,133.79999999999998
2018-04-12,small_appliances,5,1592.26
2018-04-12,small_appliances_home_oven_and_coffee,1,1499.0
2018-04-12,sports_leisure,29,3815.65
2018-04-12,stationery,6,311.49
2018-04-12,telephony,26,768.6600000000001
2018-04-12,toys,5,257.69
2018-04-12,watches_gifts,10,2703.88
2018-04-13,agro_industry_and_commerce,1,88.0
2018-04-13,air_conditioning,1,190.0
2018-04-13,auto,11,1666.16
2018-04-13,baby,7,1972.96
2018-04-13,bed_bath_table,30,3476.2400000000002
2018-04-13,books_general_interest,1,524.9
2018-04-13,books_technical,1,24.0
2018-04-13,computers,2,1198.0
2018-04-13,computers_accessories,14,1551.7700000000002
2018-04-13,consoles_games,1,697.9
2018-04-13,construction_tools_construction,4,237.94
2018-04-13,construction_tools_lights,3,360.0
2018-04-13,cool_stuff,7,1030.9299999999998
2018-04-13,costruction_tools_tools,1,190.0
2018-04-13,drinks,5,102.5
2018-04-13,electronics,5,99.5
2018-04-13,fashion_bags_accessories,1,189.9
2018-04-13,fashion_shoes,1,98.5
2018-04-13,fixed_telephony,1,256.0
2018-04-13,food,1,27.9
2018-04-13,furniture_decor,11,1234.54
2018-04-13,garden_tools,4,211.6
2018-04-13,health_beauty,23,3180.02
2018-04-13,home_appliances,3,191.5
2018-04-13,home_appliances_2,1,359.9
2018-04-13,home_construction,2,314.12
2018-04-13,housewares,26,1698.54
2018-04-13,kitchen_dining_laundry_garden_furniture,1,129.9
2018-04-13,luggage_accessories,1,109.0
2018-04-13,market_place,1,65.0
2018-04-13,musical_instruments,2,284.9
2018-04-13,office_furniture,5,806.37
2018-04-13,perfumery,4,604.88
2018-04-13,pet_shop,5,594.8
2018-04-13,small_appliances,1,89.0
2018-04-13,sports_leisure,12,917.8799999999999
2018-04-13,stationery,7,732.72
2018-04-13,telephony,6,169.85999999999999
2018-04-13,toys,7,581.39
2018-04-13,watches_gifts,12,2927.4500000000003
2018-04-14,audio,1,499.99
2018-04-14,auto,7,396.08000000000004
2018-04-14,baby,7,1030.67
2018-04-14,bed_bath_table,17,1479.7900000000002
2018-04-14,computers_accessories,8,693.26
2018-04-14,consoles_games,1,34.2
2018-04-14,construction_tools_lights,2,350.0
2018-04-14,cool_stuff,5,911.97
2018-04-14,costruction_tools_tools,1,93.0
2018-04-14,electronics,5,394.78999999999996
2018-04-14,fashion_bags_accessories,2,229.8
2018-04-14,furniture_decor,10,785.6800000000001
2018-04-14,furniture_living_room,1,179.9
2018-04-14,garden_tools,7,359.9
2018-04-14,health_beauty,18,1268.7
2018-04-14,home_appliances,3,393.0
2018-04-14,home_confort,1,86.9
2018-04-14,housewares,13,1567.7600000000002
2018-04-14,kitchen_dining_laundry_garden_furniture,1,48.0
2018-04-14,musical_instruments,3,261.9
2018-04-14,office_furniture,8,1209.8700000000001
2018-04-14,party_supplies,2,43.8
2018-04-14,perfumery,3,368.89
2018-04-14,pet_shop,3,226.89000000000001
2018-04-14,signaling_and_security,2,32.0
2018-04-14,small_appliances,5,99.94999999999999
2018-04-14,sports_leisure,12,1556.48
2018-04-14,stationery,3,356.9
2018-04-14,telephony,6,396.19
2018-04-14,toys,1,115.0
2018-04-14,watches_gifts,11,3056.5
2018-04-15,air_conditioning,2,182.89000000000001
2018-04-15,art,1,57.0
2018-04-15,audio,1,14.9
2018-04-15,auto,12,1233.36
2018-04-15,baby,13,1291.8600000000001
2018-04-15,bed_bath_table,24,2099.0500000000006
2018-04-15,computers,1,849.99
2018-04-15,computers_accessories,7,684.69
2018-04-15,consoles_games,2,114.10000000000001
2018-04-15,construction_tools_construction,5,425.5
2018-04-15,construction_tools_lights,1,120.0
2018-04-15,construction_tools_safety,1,99.0
2018-04-15,cool_stuff,6,703.1700000000001
2018-04-15,costruction_tools_garden,1,38.4
2018-04-15,costruction_tools_tools,2,278.1
2018-04-15,drinks,7,181.0
2018-04-15,electronics,9,360.0
2018-04-15,fashion_bags_accessories,4,325.67999999999995
2018-04-15,food,1,27.9
2018-04-15,furniture_decor,21,2280.0200000000004
2018-04-15,garden_tools,8,592.4699999999999
2018-04-15,health_beauty,29,4045.17
2018-04-15,home_appliances,8,2157.65
2018-04-15,home_appliances_2,1,39.89
2018-04-15,home_confort,2,196.8
2018-04-15,home_construction,7,247.2
2018-04-15,housewares,5,668.44
2018-04-15,industry_commerce_and_business,3,303.0
2018-04-15,kitchen_dining_laundry_garden_furniture,2,715.89
2018-04-15,luggage_accessories,1,249.99
2018-04-15,office_furniture,9,1314.45
2018-04-15,perfumery,6,638.68
2018-04-15,pet_shop,3,918.9
2018-04-15,small_appliances,2,71.24000000000001
2018-04-15,sports_leisure,17,2588.0600000000004
2018-04-15,stationery,11,1115.87
2018-04-15,telephony,11,444.57000000000005
2018-04-15,toys,3,268.69
2018-04-15,watches_gifts,7,1855.9
2018-04-16,air_conditioning,1,186.9
2018-04-16,audio,2,514.89
2018-04-16,auto,16,3209.7200000000003
2018-04-16,baby,16,2420.5400000000004
2018-04-16,bed_bath_table,24,1991.4200000000003
2018-04-16,books_general_interest,2,117.80000000000001
2018-04-16,christmas_supplies,1,79.9
2018-04-16,computers_accessories,28,3183.9700000000007
2018-04-16,consoles_games,2,772.19
2018-04-16,construction_tools_construction,1,20.99
2018-04-16,construction_tools_lights,2,240.0
2018-04-16,construction_tools_safety,2,326.96000000000004
2018-04-16,cool_stuff,7,1213.7800000000002
2018-04-16,electronics,11,617.7699999999999
2018-04-16,fashion_shoes,1,180.9
2018-04-16,fixed_telephony,1,16.99
2018-04-16,food,2,116.87
2018-04-16,furniture_decor,31,2627.0100000000007
2018-04-16,furniture_living_room,1,179.99
2018-04-16,garden_tools,8,467.39000000000004
2018-04-16,health_beauty,29,5243.599999999999
2018-04-16,home_appliances,5,289.4
2018-04-16,home_appliances_2,1,1558.0
2018-04-16,home_construction,4,348.89
2018-04-16,housewares,15,1261.1499999999999
2018-04-16,industry_commerce_and_business,2,183.0
2018-04-16,kitchen_dining_laundry_garden_furniture,1,149.0
2018-04-16,luggage_accessories,5,583.97
2018-04-16,market_place,2,144.89000000000001
2018-04-16,musical_instruments,1,61.95
2018-04-16,office_furniture,8,1180.84
2018-04-16,perfumery,5,639.66
2018-04-16,pet_shop,12,1071.06
2018-04-16,signaling_and_security,3,26.97
2018-04-16,small_appliances,2,69.13
2018-04-16,small_appliances_home_oven_and_coffee,2,1719.0
2018-04-16,sports_leisure,20,2299.4700000000007
2018-04-16,stationery,5,1019.0
2018-04-16,telephony,11,514.52
2018-04-16,toys,6,594.74
2018-04-16,watches_gifts,17,2494.1099999999997
2018-04-17,agro_industry_and_commerce,1,412.0
2018-04-17,art,1,26.5
2018-04-17,audio,1,14.9
2018-04-17,auto,13,1390.9800000000005
2018-04-17,baby,20,1800.67
2018-04-17,bed_bath_table,39,4031.770000000001
2018-04-17,books_general_interest,1,39.9
2018-04-17,books_technical,1,14.95
2018-04-17,computers,1,849.99
2018-04-17,computers_accessories,28,2397.7799999999993
2018-04-17,consoles_games,2,54.19
2018-04-17,construction_tools_construction,5,486.92999999999995
2018-04-17,construction_tools_lights,3,360.0
2018-04-17,construction_tools_safety,1,391.25
2018-04-17,cool_stuff,8,3089.709999999999
2018-04-17,costruction_tools_tools,2,186.0
2018-04-17,electronics,6,116.79
2018-04-17,fashion_bags_accessories,2,88.9
2018-04-17,food,5,193.09
2018-04-17,furniture_decor,21,2023.9000000000003
2018-04-17,garden_tools,19,1393.38
2018-04-17,health_beauty,14,1611.29
2018-04-17,home_appliances,4,1935.25
2018-04-17,home_construction,3,429.4
2018-04-17,housewares,19,2113.03
2018-04-17,la_cuisine,2,280.0
2018-04-17,luggage_accessories,1,79.99
2018-04-17,musical_instruments,1,629.9
2018-04-17,office_furniture,5,606.7900000000001
2018-04-17,perfumery,5,697.46
2018-04-17,pet_shop,3,328.89
2018-04-17,small_appliances,1,19.13
2018-04-17,sports_leisure,20,1999.6600000000003
2018-04-17,stationery,5,283.40000000000003
2018-04-17,telephony,16,481.4300000000001
2018-04-17,toys,11,713.53
2018-04-17,watches_gifts,13,2164.7400000000002
2018-04-18,agro_industry_and_commerce,1,1476.3
2018-04-18,air_conditioning,1,139.0
2018-04-18,art,2,159.98
2018-04-18,auto,16,1782.55
2018-04-18,baby,8,1071.5800000000002
2018-04-18,bed_bath_table,27,1866.3000000000002
2018-04-18,books_general_interest,2,104.80000000000001
2018-04-18,computers,4,3189.9700000000003
2018-04-18,computers_accessories,37,3607.2600000000007
2018-04-18,consoles_games,1,167.0
2018-04-18,construction_tools_construction,4,322.54
2018-04-18,cool_stuff,5,1398.96
2018-04-18,costruction_tools_garden,2,510.0
2018-04-18,diapers_and_hygiene,1,30.0
2018-04-18,electronics,4,306.35
2018-04-18,fashion_bags_accessories,1,42.15
2018-04-18,food,1,56.97
2018-04-18,furniture_decor,27,1935.7800000000002
2018-04-18,furniture_living_room,6,710.84
2018-04-18,garden_tools,8,948.5899999999999
2018-04-18,health_beauty,19,2000.2900000000002
2018-04-18,home_appliances,5,201.9
2018-04-18,home_appliances_2,3,2309.0
2018-04-18,home_construction,1,827.99
2018-04-18,housewares,19,1635.41
2018-04-18,industry_commerce_and_business,2,224.0
2018-04-18,luggage_accessories,2,129.89000000000001
2018-04-18,musical_instruments,3,193.89000000000001
2018-04-18,office_furniture,14,2189.0800000000004
2018-04-18,perfumery,3,668.6999999999999
2018-04-18,pet_shop,7,579.68
2018-04-18,signaling_and_security,2,130.0
2018-04-18,small_appliances,1,51.95
2018-04-18,sports_leisure,23,2362.8200000000006
2018-04-18,stationery,13,421.96000000000004
2018-04-18,telephony,6,201.84
2018-04-18,toys,10,1495.7700000000002
2018-04-18,watches_gifts,13,2422.8
2018-04-19,agro_industry_and_commerce,1,228.0
2018-04-19,art,2,191.99
2018-04-19,auto,12,2124.25
2018-04-19,baby,5,2209.3900000000003
2018-04-19,bed_bath_table,30,2378.730000000001
2018-04-19,books_general_interest,5,228.50000000000003
2018-04-19,computers,2,1699.98
2018-04-19,computers_accessories,26,2310.6000000000004
2018-04-19,construction_tools_construction,4,220.99
2018-04-19,construction_tools_lights,1,49.99
2018-04-19,construction_tools_safety,1,40.8
2018-04-19,cool_stuff,7,1024.85
2018-04-19,costruction_tools_garden,3,181.30999999999997
2018-04-19,drinks,14,3027.5999999999995
2018-04-19,electronics,11,468.98999999999995
2018-04-19,fashion_bags_accessories,4,229.8
2018-04-19,flowers,1,63.9
2018-04-19,food,1,56.97
2018-04-19,furniture_decor,31,2234.9600000000005
2018-04-19,garden_tools,31,3989.9900000000016
2018-04-19,health_beauty,30,5073.089999999998
2018-04-19,home_appliances,3,156.0
2018-04-19,home_confort,1,86.9
2018-04-19,home_construction,5,231.4
2018-04-19,housewares,22,2319.2200000000003
2018-04-19,kitchen_dining_laundry_garden_furniture,3,295.39
2018-04-19,luggage_accessories,2,159.58999999999997
2018-04-19,musical_instruments,3,677.9
2018-04-19,office_furniture,3,549.82
2018-04-19,perfumery,7,466.56999999999994
2018-04-19,pet_shop,3,205.89000000000001
2018-04-19,small_appliances,2,104.13
2018-04-19,small_appliances_home_oven_and_coffee,1,899.0
2018-04-19,sports_leisure,21,2865.95
2018-04-19,stationery,9,549.4999999999999
2018-04-19,telephony,15,862.6400000000001
2018-04-19,toys,10,1322.97
2018-04-19,watches_gifts,17,2961.79
2018-04-20,air_conditioning,1,190.0
2018-04-20,art,1,48.9
2018-04-20,audio,1,499.99
2018-04-20,auto,5,427.5
2018-04-20,baby,6,1740.68
2018-04-20,bed_bath_table,20,1804.0300000000002
2018-04-20,books_general_interest,3,469.69999999999993
2018-04-20,books_technical,2,64.95
2018-04-20,cds_dvds_musicals,1,65.0
2018-04-20,christmas_supplies,1,6.27
2018-04-20,cine_photo,1,49.8
2018-04-20,computers_accessories,6,1019.97
2018-04-20,construction_tools_construction,4,282.78000000000003
2018-04-20,construction_tools_lights,4,280.0
2018-04-20,cool_stuff,8,1365.21
2018-04-20,drinks,1,58.0
2018-04-20,electronics,2,18.240000000000002
2018-04-20,fashion_bags_accessories,4,218.89000000000001
2018-04-20,fashion_shoes,1,99.9
2018-04-20,food,1,27.9
2018-04-20,food_drink,2,66.35
2018-04-20,furniture_decor,17,1997.8100000000002
2018-04-20,furniture_living_room,1,299.99
2018-04-20,garden_tools,7,883.3499999999999
2018-04-20,health_beauty,23,2661.2400000000002
2018-04-20,home_appliances,2,66.9
2018-04-20,home_appliances_2,1,750.0
2018-04-20,housewares,17,1319.6
2018-04-20,luggage_accessories,1,205.0
2018-04-20,musical_instruments,2,177.89000000000001
2018-04-20,office_furniture,4,626.6800000000001
2018-04-20,perfumery,4,661.6
2018-04-20,pet_shop,2,98.89
2018-04-20,signaling_and_security,1,7.9
2018-04-20,small_appliances,1,193.0
2018-04-20,small_appliances_home_oven_and_coffee,1,750.0
2018-04-20,sports_leisure,12,1093.97
2018-04-20,stationery,6,353.87
2018-04-20,telephony,17,652.32
2018-04-20,toys,8,454.49
2018-04-20,watches_gifts,23,5117.4800000000005
2018-04-21,audio,1,109.9
2018-04-21,auto,8,866.73
2018-04-21,baby,8,839.16
2018-04-21,bed_bath_table,12,1084.89
2018-04-21,books_general_interest,1,39.99
2018-04-21,computers_accessories,10,646.92
2018-04-21,consoles_games,1,219.9
2018-04-21,construction_tools_construction,4,1474.9
2018-04-21,construction_tools_safety,1,40.8
2018-04-21,cool_stuff,6,1026.97
2018-04-21,electronics,1,50.0
2018-04-21,fashion_bags_accessories,1,39.99
2018-04-21,furniture_bedroom,1,287.0
2018-04-21,furniture_decor,16,1152.39
2018-04-21,furniture_living_room,1,75.0
2018-04-21,garden_tools,2,98.78999999999999
2018-04-21,health_beauty,17,2502.73
2018-04-21,home_appliances,3,206.6
2018-04-21,home_appliances_2,1,209.9
2018-04-21,home_confort,3,269.70000000000005
2018-04-21,home_construction,4,676.9000000000001
2018-04-21,housewares,11,728.16
2018-04-21,industry_commerce_and_business,3,388.0
2018-04-21,kitchen_dining_laundry_garden_furniture,2,134.0
2018-04-21,luggage_accessories,1,1195.0
2018-04-21,market_place,2,62.9
2018-04-21,musical_instruments,1,298.0
2018-04-21,office_furniture,4,526.8199999999999
2018-04-21,perfumery,2,268.9
2018-04-21,pet_shop,4,342.99
2018-04-21,signaling_and_security,1,18.5
2018-04-21,sports_leisure,10,802.8
2018-04-21,stationery,3,177.9
2018-04-21,telephony,5,154.86
2018-04-21,toys,7,838.77
2018-04-21,watches_gifts,9,982.6
2018-04-22,arts_and_craftmanship,1,15.99
2018-04-22,audio,2,124.80000000000001
2018-04-22,auto,10,893.1999999999998
2018-04-22,baby,5,2529.0899999999997
2018-04-22,bed_bath_table,28,2825.2000000000007
2018-04-22,books_general_interest,6,1444.65
2018-04-22,cine_photo,1,159.0
2018-04-22,computers_accessories,6,535.29
2018-04-22,consoles_games,1,229.9
2018-04-22,construction_tools_construction,2,212.79000000000002
2018-04-22,construction_tools_lights,3,274.99
2018-04-22,construction_tools_safety,1,379.94
2018-04-22,cool_stuff,3,386.88
2018-04-22,costruction_tools_garden,1,47.4
2018-04-22,drinks,1,58.0
2018-04-22,electronics,6,250.58
2018-04-22,fashion_bags_accessories,4,274.78
2018-04-22,furniture_decor,25,2280.0500000000006
2018-04-22,furniture_living_room,2,179.96
2018-04-22,garden_tools,11,635.9899999999999
2018-04-22,health_beauty,19,2098.75
2018-04-22,home_appliances,2,76.0
2018-04-22,home_construction,4,85.9
2018-04-22,housewares,15,1845.44
2018-04-22,kitchen_dining_laundry_garden_furniture,1,51.99
2018-04-22,luggage_accessories,3,548.8
2018-04-22,market_place,1,47.9
2018-04-22,musical_instruments,3,1037.9
2018-04-22,office_furniture,1,89.98
2018-04-22,perfumery,7,706.66
2018-04-22,pet_shop,6,1551.89
2018-04-22,small_appliances,5,314.61
2018-04-22,sports_leisure,8,794.16
2018-04-22,stationery,7,493.1
2018-04-22,telephony,8,1083.66
2018-04-22,toys,3,151.79
2018-04-22,watches_gifts,18,2146.0000000000005
2018-04-23,air_conditioning,1,229.9
2018-04-23,art,2,199.98
2018-04-23,auto,13,1170.8700000000001
2018-04-23,baby,7,1198.5900000000001
2018-04-23,bed_bath_table,29,3445.01
2018-04-23,books_general_interest,2,132.45
2018-04-23,books_technical,1,65.0
2018-04-23,christmas_supplies,6,70.66000000000001
2018-04-23,computers_accessories,21,1988.6500000000003
2018-04-23,construction_tools_construction,3,500.5
2018-04-23,construction_tools_lights,7,930.0
2018-04-23,cool_stuff,6,889.38
2018-04-23,drinks,1,19.49
2018-04-23,electronics,7,659.2499999999999
2018-04-23,fashion_bags_accessories,3,336.79
2018-04-23,food,2,55.8
2018-04-23,food_drink,1,14.9
2018-04-23,furniture_decor,29,3464.7299999999996
2018-04-23,garden_tools,13,2202.27
2018-04-23,health_beauty,36,3633.4699999999984
2018-04-23,home_appliances,4,513.75
2018-04-23,home_confort,2,39.8
2018-04-23,home_construction,7,1505.9299999999998
2018-04-23,housewares,17,1499.49
2018-04-23,industry_commerce_and_business,2,205.19
2018-04-23,kitchen_dining_laundry_garden_furniture,2,183.9
2018-04-23,luggage_accessories,5,308.97
2018-04-23,market_place,1,24.95
2018-04-23,musical_instruments,3,2356.79
2018-04-23,office_furniture,7,789.78
2018-04-23,perfumery,10,1308.21
2018-04-23,pet_shop,5,634.69
2018-04-23,small_appliances,1,30.49
2018-04-23,sports_leisure,18,1987.7800000000004
2018-04-23,stationery,5,205.60000000000002
2018-04-23,telephony,15,823.32
2018-04-23,toys,6,392.7
2018-04-23,watches_gifts,25,3091.4500000000003
2018-04-24,agro_industry_and_commerce,1,77.0
2018-04-24,air_conditioning,1,35.9
2018-04-24,audio,1,19.9
2018-04-24,auto,8,1419.58
2018-04-24,baby,8,2973.2799999999997
2018-04-24,bed_bath_table,20,1203.52
2018-04-24,books_general_interest,3,616.39
2018-04-24,books_technical,1,76.99
2018-04-24,computers_accessories,15,1456.02
2018-04-24,construction_tools_construction,3,79.19999999999999
2018-04-24,construction_tools_lights,2,240.0
2018-04-24,cool_stuff,8,1463.75
2018-04-24,costruction_tools_tools,1,45.9
2018-04-24,electronics,7,152.7
2018-04-24,fashion_bags_accessories,7,434.8
2018-04-24,fashion_underwear_beach,1,59.9
2018-04-24,food,2,84.87
2018-04-24,food_drink,1,17.49
2018-04-24,furniture_decor,24,1892.9400000000003
2018-04-24,furniture_living_room,2,464.89
2018-04-24,garden_tools,12,1193.0
2018-04-24,health_beauty,26,4684.919999999999
2018-04-24,home_appliances,3,156.9
2018-04-24,home_appliances_2,1,750.0
2018-04-24,home_construction,1,113.85
2018-04-24,housewares,18,2192.81
2018-04-24,industry_commerce_and_business,1,120.0
2018-04-24,kitchen_dining_laundry_garden_furniture,1,449.9
2018-04-24,luggage_accessories,2,272.57
2018-04-24,musical_instruments,1,55.0
2018-04-24,office_furniture,9,1404.6200000000001
2018-04-24,perfumery,8,337.30000000000007
2018-04-24,pet_shop,7,390.19
2018-04-24,signaling_and_security,1,358.0
2018-04-24,small_appliances,2,93.48
2018-04-24,small_appliances_home_oven_and_coffee,1,1999.0
2018-04-24,sports_leisure,25,2834.23
2018-04-24,stationery,5,422.58
2018-04-24,telephony,14,2907.6499999999987
2018-04-24,toys,16,2110.1200000000003
2018-04-24,watches_gifts,33,6333.1799999999985
2018-04-25,agro_industry_and_commerce,1,228.0
2018-04-25,art,2,148.89
2018-04-25,audio,1,499.99
2018-04-25,auto,17,2245.2700000000004
2018-04-25,baby,8,809.49
2018-04-25,bed_bath_table,28,3021.7000000000003
2018-04-25,books_general_interest,2,117.4
2018-04-25,books_technical,1,28.0
2018-04-25,computers_accessories,20,2240.05
2018-04-25,consoles_games,1,639.0
2018-04-25,construction_tools_construction,7,905.6899999999999
2018-04-25,construction_tools_safety,1,94.68
2018-04-25,cool_stuff,7,877.09
2018-04-25,costruction_tools_garden,3,285.41999999999996
2018-04-25,costruction_tools_tools,3,137.7
2018-04-25,drinks,3,112.0
2018-04-25,electronics,11,1116.77
2018-04-25,fashion_bags_accessories,5,309.77
2018-04-25,fashion_underwear_beach,1,59.9
2018-04-25,food,2,119.8
2018-04-25,furniture_decor,11,1009.5699999999999
2018-04-25,furniture_living_room,3,615.79
2018-04-25,garden_tools,13,1288.46
2018-04-25,health_beauty,29,3979.7699999999995
2018-04-25,home_appliances,6,396.4
2018-04-25,home_appliances_2,1,533.0
2018-04-25,home_construction,2,209.75
2018-04-25,housewares,16,1322.0600000000002
2018-04-25,industry_commerce_and_business,4,577.0
2018-04-25,luggage_accessories,3,239.96999999999997
2018-04-25,market_place,1,47.9
2018-04-25,music,1,1165.97
2018-04-25,musical_instruments,1,1890.0
2018-04-25,office_furniture,3,309.92
2018-04-25,perfumery,3,319.79
2018-04-25,pet_shop,10,1097.88
2018-04-25,signaling_and_security,5,1001.9300000000001
2018-04-25,small_appliances,2,470.39
2018-04-25,sports_leisure,28,2909.6500000000005
2018-04-25,stationery,5,324.8
2018-04-25,tablets_printing_image,1,52.0
2018-04-25,telephony,9,632.9200000000001
2018-04-25,toys,9,1324.48
2018-04-25,watches_gifts,24,4597.4
2018-04-26,air_conditioning,3,427.0
2018-04-26,audio,1,110.0
2018-04-26,auto,14,1907.7800000000002
2018-04-26,baby,7,726.85
2018-04-26,bed_bath_table,21,2422.76
2018-04-26,books_general_interest,1,79.9
2018-04-26,books_technical,2,74.19999999999999
2018-04-26,cine_photo,1,159.0
2018-04-26,computers_accessories,11,1044.67
2018-04-26,consoles_games,3,151.4
2018-04-26,construction_tools_construction,2,112.89
2018-04-26,construction_tools_safety,1,77.9
2018-04-26,cool_stuff,12,1508.4700000000005
2018-04-26,dvds_blu_ray,1,8.9
2018-04-26,electronics,5,96.76
2018-04-26,fashion_bags_accessories,1,59.9
2018-04-26,fashion_male_clothing,1,195.0
2018-04-26,fashion_underwear_beach,1,49.9
2018-04-26,food,1,27.9
2018-04-26,food_drink,1,21.0
2018-04-26,furniture_decor,20,2067.6900000000005
2018-04-26,garden_tools,10,687.92
2018-04-26,health_beauty,41,5189.0
2018-04-26,home_appliances,2,55.0
2018-04-26,home_construction,3,353.9
2018-04-26,housewares,23,2581.6100000000006
2018-04-26,industry_commerce_and_business,1,118.0
2018-04-26,kitchen_dining_laundry_garden_furniture,1,54.9
2018-04-26,luggage_accessories,3,525.8
2018-04-26,musical_instruments,2,375.39
2018-04-26,office_furniture,2,359.88
2018-04-26,perfumery,1,119.6
2018-04-26,pet_shop,3,463.2
2018-04-26,signaling_and_security,1,18.5
2018-04-26,small_appliances,1,153.4
2018-04-26,sports_leisure,23,2507.8000000000006
2018-04-26,stationery,6,316.63
2018-04-26,telephony,8,233.93
2018-04-26,toys,8,673.5799999999999
2018-04-26,watches_gifts,39,5126.049999999997
2018-04-27,agro_industry_and_commerce,1,410.0
2018-04-27,air_conditioning,3,148.8
2018-04-27,art,1,99.99
2018-04-27,audio,2,514.89
2018-04-27,auto,8,1161.29
2018-04-27,baby,6,3718.9799999999996
2018-04-27,bed_bath_table,28,3151.9
2018-04-27,books_general_interest,5,489.5
2018-04-27,computers_accessories,16,1345.9800000000002
2018-04-27,construction_tools_construction,2,380.85
2018-04-27,construction_tools_lights,2,200.0
2018-04-27,construction_tools_safety,4,335.9
2018-04-27,cool_stuff,5,1011.99
2018-04-27,costruction_tools_garden,2,56.9
2018-04-27,drinks,3,65.0
2018-04-27,electronics,10,288.18
2018-04-27,fashio_female_clothing,5,174.95000000000002
2018-04-27,fashion_bags_accessories,6,1075.6
2018-04-27,fixed_telephony,1,393.99
2018-04-27,food,3,112.77000000000001
2018-04-27,food_drink,3,101.22
2018-04-27,furniture_decor,18,2571.1300000000006
2018-04-27,furniture_living_room,1,66.3
2018-04-27,garden_tools,10,3721.3400000000006
2018-04-27,health_beauty,19,2336.7999999999997
2018-04-27,home_appliances,1,35.0
2018-04-27,home_appliances_2,2,584.0
2018-04-27,home_construction,2,76.4
2018-04-27,housewares,24,2311.76
2018-04-27,industry_commerce_and_business,4,519.95
2018-04-27,kitchen_dining_laundry_garden_furniture,1,54.9
2018-04-27,luggage_accessories,1,47.71
2018-04-27,market_place,1,24.95
2018-04-27,musical_instruments,4,480.9
2018-04-27,office_furniture,7,1205.3400000000001
2018-04-27,perfumery,10,1096.9
2018-04-27,pet_shop,6,708.3
2018-04-27,signaling_and_security,2,59.0
2018-04-27,small_appliances,2,1786.9
2018-04-27,sports_leisure,7,1419.64
2018-04-27,stationery,2,129.89000000000001
2018-04-27,telephony,6,199.95000000000002
2018-04-27,toys,5,1220.69
2018-04-27,watches_gifts,26,3507.4900000000007
2018-04-28,agro_industry_and_commerce,1,96.9
2018-04-28,art,3,299.96999999999997
2018-04-28,auto,7,721.5999999999999
2018-04-28,baby,4,134.49
2018-04-28,bed_bath_table,16,1298.28
2018-04-28,books_imported,1,18.99
2018-04-28,books_technical,2,65.5
2018-04-28,computers_accessories,8,719.7199999999999
2018-04-28,consoles_games,1,36.2
2018-04-28,construction_tools_safety,1,29.0
2018-04-28,cool_stuff,7,976.98
2018-04-28,diapers_and_hygiene,1,45.0
2018-04-28,electronics,13,497.80999999999995
2018-04-28,fashion_bags_accessories,9,838.2899999999998
2018-04-28,fashion_shoes,2,198.60000000000002
2018-04-28,food,1,56.97
2018-04-28,food_drink,1,32.5
2018-04-28,furniture_decor,9,545.48
2018-04-28,garden_tools,7,3453.7000000000003
2018-04-28,health_beauty,11,723.79
2018-04-28,home_appliances,1,21.9
2018-04-28,home_appliances_2,2,2201.0
2018-04-28,home_confort,1,86.9
2018-04-28,home_construction,2,577.0
2018-04-28,housewares,14,1417.97
2018-04-28,market_place,1,29.99
2018-04-28,musical_instruments,1,49.0
2018-04-28,office_furniture,3,955.89
2018-04-28,perfumery,3,255.9
2018-04-28,pet_shop,4,414.70000000000005
2018-04-28,signaling_and_security,2,95.8
2018-04-28,sports_leisure,16,1870.9900000000002
2018-04-28,stationery,4,343.29999999999995
2018-04-28,telephony,3,89.97
2018-04-28,toys,7,625.6600000000001
2018-04-28,watches_gifts,18,2127.2700000000004
2018-04-29,art,1,99.99
2018-04-29,audio,2,110.0
2018-04-29,auto,6,582.75
2018-04-29,baby,6,642.76
2018-04-29,bed_bath_table,19,1484.0700000000002
2018-04-29,books_technical,3,172.47
2018-04-29,computers_accessories,8,595.52
2018-04-29,consoles_games,1,51.0
2018-04-29,construction_tools_construction,2,102.97
2018-04-29,cool_stuff,3,647.89
2018-04-29,drinks,1,105.0
2018-04-29,dvds_blu_ray,1,8.9
2018-04-29,electronics,8,211.01999999999998
2018-04-29,fashion_bags_accessories,1,64.9
2018-04-29,fashion_shoes,1,157.9
2018-04-29,furniture_decor,18,1765.6200000000008
2018-04-29,furniture_living_room,2,249.8
2018-04-29,garden_tools,8,333.39
2018-04-29,health_beauty,15,1189.35
2018-04-29,home_appliances,2,177.9
2018-04-29,home_confort,1,89.9
2018-04-29,home_construction,3,238.75
2018-04-29,housewares,14,1506.67
2018-04-29,industry_commerce_and_business,4,378.0
2018-04-29,kitchen_dining_laundry_garden_furniture,1,449.9
2018-04-29,luggage_accessories,2,419.8
2018-04-29,music,1,220.0
2018-04-29,musical_instruments,1,55.0
2018-04-29,office_furniture,1,139.99
2018-04-29,perfumery,3,813.9
2018-04-29,pet_shop,4,476.28999999999996
2018-04-29,signaling_and_security,1,28.3
2018-04-29,small_appliances,2,47.989999999999995
2018-04-29,sports_leisure,12,1987.87
2018-04-29,stationery,1,129.9
2018-04-29,telephony,5,158.86
2018-04-29,toys,2,359.99
2018-04-29,watches_gifts,17,2732.53
2018-04-30,air_conditioning,1,139.0
2018-04-30,art,2,144.79
2018-04-30,auto,10,883.27
2018-04-30,baby,9,1729.14
2018-04-30,bed_bath_table,27,2889.1200000000003
2018-04-30,books_general_interest,1,34.0
2018-04-30,books_technical,2,87.49000000000001
2018-04-30,christmas_supplies,1,19.9
2018-04-30,computers_accessories,14,2349.6100000000006
2018-04-30,consoles_games,1,779.0
2018-04-30,construction_tools_construction,3,857.99
2018-04-30,construction_tools_lights,3,164.7
2018-04-30,construction_tools_safety,1,299.98
2018-04-30,cool_stuff,9,1630.8500000000001
2018-04-30,costruction_tools_garden,1,40.8
2018-04-30,electronics,8,127.89999999999999
2018-04-30,fashion_bags_accessories,3,124.78999999999999
2018-04-30,flowers,1,52.5
2018-04-30,food,5,222.86
2018-04-30,food_drink,2,60.06
2018-04-30,furniture_bedroom,1,169.0
2018-04-30,furniture_decor,17,1738.2900000000006
2018-04-30,furniture_living_room,2,731.86
2018-04-30,garden_tools,20,1970.6700000000005
2018-04-30,health_beauty,29,4018.05
2018-04-30,home_appliances_2,1,443.0
2018-04-30,home_construction,1,150.0
2018-04-30,housewares,14,1446.56
2018-04-30,industry_commerce_and_business,4,463.0
2018-04-30,luggage_accessories,2,283.0
2018-04-30,market_place,1,24.95
2018-04-30,music,1,150.0
2018-04-30,musical_instruments,1,169.9
2018-04-30,perfumery,7,673.1899999999999
2018-04-30,pet_shop,4,282.6
2018-04-30,signaling_and_security,1,149.9
2018-04-30,small_appliances_home_oven_and_coffee,2,2249.0
2018-04-30,sports_leisure,22,1902.34
2018-04-30,stationery,1,99.0
2018-04-30,telephony,8,355.73
2018-04-30,toys,13,1448.2500000000002
2018-04-30,watches_gifts,23,3597.6100000000006
2018-05-01,art,2,199.98
2018-05-01,audio,2,604.9
2018-05-01,auto,8,1452.38
2018-05-01,baby,8,1876.7100000000003
2018-05-01,bed_bath_table,34,3869.7200000000003
2018-05-01,books_general_interest,2,584.89
2018-05-01,books_technical,1,57.49
2018-05-01,christmas_supplies,1,67.2
2018-05-01,computers_accessories,15,1400.25
2018-05-01,consoles_games,2,89.99
2018-05-01,construction_tools_construction,2,85.89
2018-05-01,cool_stuff,11,2275.68
2018-05-01,drinks,1,102.6
2018-05-01,electronics,5,437.54999999999995
2018-05-01,fashion_bags_accessories,5,710.6999999999999
2018-05-01,flowers,1,16.4
2018-05-01,food_drink,2,79.98
2018-05-01,furniture_decor,18,1119.84
2018-05-01,garden_tools,11,936.29
2018-05-01,health_beauty,30,2730.739999999999
2018-05-01,home_construction,3,242.64999999999998
2018-05-01,housewares,18,1734.8200000000002
2018-05-01,industry_commerce_and_business,1,110.0
2018-05-01,kitchen_dining_laundry_garden_furniture,1,59.9
2018-05-01,luggage_accessories,4,727.6999999999999
2018-05-01,market_place,1,15.0
2018-05-01,music,1,16.1
2018-05-01,musical_instruments,1,177.9
2018-05-01,office_furniture,3,564.78
2018-05-01,perfumery,8,699.92
2018-05-01,pet_shop,6,762.4
2018-05-01,signaling_and_security,1,25.0
2018-05-01,small_appliances,1,69.0
2018-05-01,sports_leisure,20,4324.97
2018-05-01,stationery,4,184.88
2018-05-01,telephony,5,137.85999999999999
2018-05-01,toys,8,535.0899999999999
2018-05-01,watches_gifts,26,3557.9500000000007
2018-05-02,air_conditioning,1,34.9
2018-05-02,art,1,37.0
2018-05-02,audio,1,55.0
2018-05-02,auto,11,1778.1300000000003
2018-05-02,baby,10,926.8799999999999
2018-05-02,bed_bath_table,24,2256.6699999999996
2018-05-02,books_general_interest,4,608.79
2018-05-02,books_technical,2,97.39
2018-05-02,computers_accessories,21,2074.76
2018-05-02,construction_tools_construction,5,708.5
2018-05-02,construction_tools_lights,2,275.0
2018-05-02,construction_tools_safety,3,809.0799999999999
2018-05-02,cool_stuff,7,907.96
2018-05-02,electronics,4,126.89
2018-05-02,fashion_bags_accessories,4,163.79000000000002
2018-05-02,fashion_shoes,2,299.6
2018-05-02,fashion_underwear_beach,2,7.8
2018-05-02,food,3,158.27
2018-05-02,furniture_decor,19,1931.0500000000006
2018-05-02,furniture_living_room,1,139.9
2018-05-02,garden_tools,25,2174.6900000000005
2018-05-02,health_beauty,58,5183.779999999996
2018-05-02,home_appliances,2,216.99
2018-05-02,home_construction,3,184.9
2018-05-02,housewares,20,3041.8000000000006
2018-05-02,luggage_accessories,1,89.9
2018-05-02,musical_instruments,1,100.6
2018-05-02,office_furniture,4,534.88
2018-05-02,perfumery,15,1174.74
2018-05-02,pet_shop,4,302.78
2018-05-02,sports_leisure,14,1212.79
2018-05-02,stationery,3,249.79000000000002
2018-05-02,telephony,9,1516.8200000000002
2018-05-02,toys,5,378.59000000000003
2018-05-02,watches_gifts,36,6577.639999999998
2018-05-03,art,1,14.9
2018-05-03,auto,13,1428.5500000000002
2018-05-03,baby,9,747.1800000000001
2018-05-03,bed_bath_table,23,1591.6699999999998
2018-05-03,books_general_interest,4,768.9
2018-05-03,books_technical,4,164.78
2018-05-03,computers,1,640.0
2018-05-03,computers_accessories,23,1984.8800000000003
2018-05-03,consoles_games,2,258.0
2018-05-03,construction_tools_construction,3,223.1
2018-05-03,cool_stuff,13,1478.8600000000001
2018-05-03,costruction_tools_tools,1,93.0
2018-05-03,drinks,4,239.98000000000002
2018-05-03,electronics,16,1050.95
2018-05-03,fashion_bags_accessories,7,2592.7000000000003
2018-05-03,fashion_shoes,1,365.0
2018-05-03,food,1,27.9
2018-05-03,furniture_decor,31,1891.5900000000001
2018-05-03,furniture_living_room,2,509.89
2018-05-03,garden_tools,21,1385.3800000000003
2018-05-03,health_beauty,31,3477.670000000001
2018-05-03,home_appliances,4,105.69999999999999
2018-05-03,home_appliances_2,1,159.9
2018-05-03,home_construction,4,380.15
2018-05-03,housewares,24,2943.9900000000002
2018-05-03,kitchen_dining_laundry_garden_furniture,2,216.0
2018-05-03,luggage_accessories,2,111.99
2018-05-03,musical_instruments,3,2674.89
2018-05-03,office_furniture,3,959.7399999999999
2018-05-03,perfumery,6,451.15999999999997
2018-05-03,pet_shop,4,598.47
2018-05-03,signaling_and_security,2,299.8
2018-05-03,small_appliances,2,159.98
2018-05-03,sports_leisure,26,3148.41
2018-05-03,stationery,5,491.6
2018-05-03,telephony,8,204.74
2018-05-03,toys,9,672.38
2018-05-03,watches_gifts,36,6222.49
2018-05-04,art,1,99.99
2018-05-04,auto,17,2481.64
2018-05-04,baby,12,721.15
2018-05-04,bed_bath_table,29,3116.220000000001
2018-05-04,books_general_interest,2,42.349999999999994
2018-05-04,books_technical,3,140.73000000000002
2018-05-04,computers_accessories,12,1557.3999999999999
2018-05-04,consoles_games,6,306.0
2018-05-04,construction_tools_construction,3,807.13
2018-05-04,construction_tools_lights,1,230.0
2018-05-04,cool_stuff,9,1596.67
2018-05-04,costruction_tools_garden,1,35.0
2018-05-04,electronics,8,237.54000000000002
2018-05-04,fashion_bags_accessories,10,753.5799999999999
2018-05-04,food,1,49.0
2018-05-04,furniture_decor,20,2048.59
2018-05-04,garden_tools,10,552.6899999999999
2018-05-04,health_beauty,33,4730.2199999999975
2018-05-04,home_appliances,2,89.9
2018-05-04,home_appliances_2,2,2545.0
2018-05-04,housewares,15,1732.7800000000002
2018-05-04,luggage_accessories,1,92.0
2018-05-04,market_place,1,95.9
2018-05-04,musical_instruments,1,629.0
2018-05-04,office_furniture,1,79.98
2018-05-04,perfumery,5,625.1
2018-05-04,pet_shop,8,759.68
2018-05-04,small_appliances,3,111.84
2018-05-04,sports_leisure,25,2727.8300000000004
2018-05-04,stationery,8,772.45
2018-05-04,telephony,8,1109.39
2018-05-04,toys,12,1160.1200000000001
2018-05-04,watches_gifts,36,6954.089999999999
2018-05-05,art,1,99.99
2018-05-05,auto,7,737.6199999999999
2018-05-05,baby,5,424.6
2018-05-05,bed_bath_table,21,1924.5400000000004
2018-05-05,books_general_interest,1,69.45
2018-05-05,books_technical,2,92.89
2018-05-05,computers_accessories,12,872.8
2018-05-05,consoles_games,2,229.89000000000001
2018-05-05,construction_tools_safety,1,339.9
2018-05-05,cool_stuff,6,1433.96
2018-05-05,costruction_tools_garden,1,16.44
2018-05-05,drinks,4,453.3
2018-05-05,dvds_blu_ray,1,83.99
2018-05-05,electronics,3,329.8
2018-05-05,fashion_bags_accessories,2,49.98
2018-05-05,food_drink,1,165.0
2018-05-05,furniture_decor,16,1813.3900000000003
2018-05-05,garden_tools,5,300.69
2018-05-05,health_beauty,25,3598.91
2018-05-05,home_appliances,1,125.25
2018-05-05,home_appliances_2,1,750.0
2018-05-05,home_construction,2,467.79999999999995
2018-05-05,housewares,20,1485.7000000000003
2018-05-05,industry_commerce_and_business,1,85.0
2018-05-05,kitchen_dining_laundry_garden_furniture,1,449.9
2018-05-05,luggage_accessories,1,14.5
2018-05-05,musical_instruments,1,110.0
2018-05-05,office_furniture,2,484.79999999999995
2018-05-05,perfumery,10,1290.15
2018-05-05,pet_shop,2,129.69
2018-05-05,signaling_and_security,1,7.9
2018-05-05,sports_leisure,10,1683.9
2018-05-05,stationery,4,1808.23
2018-05-05,telephony,8,307.72
2018-05-05,toys,5,1729.69
2018-05-05,watches_gifts,28,3781.89
2018-05-06,agro_industry_and_commerce,1,45.0
2018-05-06,art,1,99.99
2018-05-06,arts_and_craftmanship,1,89.8
2018-05-06,auto,12,2017.13
2018-05-06,baby,11,908.93
2018-05-06,bed_bath_table,26,2305.350000000001
2018-05-06,books_general_interest,4,55.7
2018-05-06,books_technical,2,113.89
2018-05-06,christmas_supplies,1,79.9
2018-05-06,cine_photo,1,119.9
2018-05-06,computers_accessories,8,837.68
2018-05-06,consoles_games,2,116.10000000000001
2018-05-06,construction_tools_lights,1,100.0
2018-05-06,cool_stuff,7,1194.96
2018-05-06,costruction_tools_garden,2,56.9
2018-05-06,costruction_tools_tools,1,93.0
2018-05-06,drinks,5,104.25
2018-05-06,electronics,4,133.7
2018-05-06,fashion_bags_accessories,1,89.9
2018-05-06,fixed_telephony,1,90.0
2018-05-06,food,2,39.98
2018-05-06,food_drink,1,35.76
2018-05-06,furniture_decor,18,1877.3899999999999
2018-05-06,garden_tools,4,242.26
2018-05-06,health_beauty,20,1798.2800000000004
2018-05-06,home_appliances,1,25.0
2018-05-06,home_appliances_2,2,2736.0
2018-05-06,home_confort,1,329.0
2018-05-06,home_construction,2,110.80000000000001
2018-05-06,housewares,26,1811.2900000000004
2018-05-06,luggage_accessories,2,184.44
2018-05-06,music,1,220.0
2018-05-06,musical_instruments,3,1347.9
2018-05-06,office_furniture,2,428.9
2018-05-06,perfumery,2,247.8
2018-05-06,pet_shop,2,182.89000000000001
2018-05-06,signaling_and_security,1,75.9
2018-05-06,small_appliances,3,542.45
2018-05-06,sports_leisure,13,1961.2800000000002
2018-05-06,stationery,4,496.4
2018-05-06,telephony,8,231.31000000000003
2018-05-06,toys,3,120.69999999999999
2018-05-06,watches_gifts,21,4074.2900000000004
2018-05-07,agro_industry_and_commerce,1,269.9
2018-05-07,air_conditioning,1,99.0
2018-05-07,art,1,37.0
2018-05-07,audio,1,590.0
2018-05-07,auto,12,1286.88
2018-05-07,baby,14,3560.11
2018-05-07,bed_bath_table,29,2333.120000000001
2018-05-07,books_general_interest,2,574.89
2018-05-07,books_imported,2,40.98
2018-05-07,books_technical,4,170.67999999999998
2018-05-07,computers_accessories,17,1805.5700000000002
2018-05-07,consoles_games,3,142.81
2018-05-07,construction_tools_construction,8,2294.8900000000003
2018-05-07,construction_tools_lights,1,169.99
2018-05-07,construction_tools_safety,1,40.8
2018-05-07,cool_stuff,9,1323.7900000000002
2018-05-07,costruction_tools_garden,3,484.73999999999995
2018-05-07,diapers_and_hygiene,1,43.0
2018-05-07,drinks,7,318.19
2018-05-07,electronics,18,513.67
2018-05-07,fashion_bags_accessories,5,553.8
2018-05-07,fashion_shoes,1,157.9
2018-05-07,food,1,27.9
2018-05-07,furniture_bedroom,1,169.0
2018-05-07,furniture_decor,26,2941.1900000000005
2018-05-07,garden_tools,16,1464.5200000000004
2018-05-07,health_beauty,47,4997.219999999999
2018-05-07,home_appliances,3,212.97
2018-05-07,home_appliances_2,1,443.0
2018-05-07,home_confort,4,347.6
2018-05-07,home_construction,9,894.99
2018-05-07,housewares,27,3391.07
2018-05-07,industry_commerce_and_business,1,110.0
2018-05-07,luggage_accessories,2,338.4
2018-05-07,musical_instruments,5,463.9
2018-05-07,office_furniture,4,639.78
2018-05-07,party_supplies,1,40.0
2018-05-07,perfumery,8,1719.28
2018-05-07,pet_shop,7,692.67
2018-05-07,small_appliances,5,382.7
2018-05-07,small_appliances_home_oven_and_coffee,1,858.9
2018-05-07,sports_leisure,21,2288.9799999999996
2018-05-07,stationery,7,514.4
2018-05-07,telephony,18,2466.9700000000003
2018-05-07,toys,12,1698.4400000000003
2018-05-07,watches_gifts,41,8810.439999999997
2018-05-08,agro_industry_and_commerce,1,410.0
2018-05-08,air_conditioning,2,370.0
2018-05-08,art,2,85.9
2018-05-08,audio,2,110.0
2018-05-08,auto,14,1139.48
2018-05-08,baby,4,385.79
2018-05-08,bed_bath_table,32,2778.4400000000005
2018-05-08,books_general_interest,2,124.89000000000001
2018-05-08,books_technical,4,225.15999999999997
2018-05-08,cine_photo,1,873.99
2018-05-08,computers_accessories,15,1200.4
2018-05-08,consoles_games,1,60.0
2018-05-08,construction_tools_construction,5,303.8
2018-05-08,construction_tools_lights,1,169.99
2018-05-08,construction_tools_safety,2,322.5
2018-05-08,cool_stuff,5,570.87
2018-05-08,drinks,1,28.9
2018-05-08,electronics,6,476.41999999999996
2018-05-08,fashion_bags_accessories,9,702.6999999999999
2018-05-08,fixed_telephony,1,104.2
2018-05-08,food,4,204.67
2018-05-08,furniture_decor,30,2499.5400000000013
2018-05-08,garden_tools,10,4501.17
2018-05-08,health_beauty,45,6297.149999999999
2018-05-08,home_appliances,2,46.519999999999996
2018-05-08,home_appliances_2,2,909.9
2018-05-08,housewares,30,2461.79
2018-05-08,industry_commerce_and_business,2,310.0
2018-05-08,luggage_accessories,1,219.9
2018-05-08,market_place,1,29.99
2018-05-08,music,1,220.0
2018-05-08,musical_instruments,1,56.9
2018-05-08,office_furniture,8,2222.5000000000005
2018-05-08,perfumery,9,724.23
2018-05-08,pet_shop,9,745.5300000000001
2018-05-08,small_appliances,1,255.0
2018-05-08,sports_leisure,25,4443.289999999999
2018-05-08,stationery,6,451.4
2018-05-08,telephony,14,667.2
2018-05-08,toys,12,1732.91
2018-05-08,watches_gifts,49,6553.789999999998
2018-05-09,agro_industry_and_commerce,1,68.85
2018-05-09,art,2,83.55
2018-05-09,audio,1,137.2
2018-05-09,auto,14,2186.2400000000002
2018-05-09,baby,13,2615.47
2018-05-09,bed_bath_table,28,2941.6400000000003
2018-05-09,books_general_interest,1,19.95
2018-05-09,books_technical,3,173.67000000000002
2018-05-09,cine_photo,2,169.8
2018-05-09,computers_accessories,24,2316.8500000000004
2018-05-09,consoles_games,1,10.37
2018-05-09,construction_tools_construction,10,434.79
2018-05-09,cool_stuff,11,1660.94
2018-05-09,dvds_blu_ray,1,83.99
2018-05-09,electronics,9,323.89
2018-05-09,fashion_bags_accessories,8,817.3
2018-05-09,fashion_shoes,1,99.9
2018-05-09,fashion_underwear_beach,1,49.9
2018-05-09,fixed_telephony,1,299.0
2018-05-09,food,2,84.87
2018-05-09,furniture_decor,33,3079.230000000001
2018-05-09,furniture_living_room,1,79.99
2018-05-09,garden_tools,4,252.88
2018-05-09,health_beauty,43,4220.15
2018-05-09,home_appliances,3,93.4
2018-05-09,home_appliances_2,1,19.99
2018-05-09,home_confort,2,173.8
2018-05-09,housewares,23,2233.68
2018-05-09,industry_commerce_and_business,5,565.0
2018-05-09,kitchen_dining_laundry_garden_furniture,1,145.0
2018-05-09,musical_instruments,3,158.8
2018-05-09,office_furniture,9,1370.2200000000003
2018-05-09,perfumery,9,1271.38
2018-05-09,pet_shop,10,686.2899999999998
2018-05-09,small_appliances,1,99.9
2018-05-09,sports_leisure,36,3152.7200000000003
2018-05-09,stationery,4,311.89
2018-05-09,telephony,14,1519.23
2018-05-09,toys,14,2381.4500000000003
2018-05-09,watches_gifts,33,4835.969999999999
2018-05-10,agro_industry_and_commerce,2,1592.0
2018-05-10,art,2,198.99
2018-05-10,auto,13,2164.96
2018-05-10,baby,9,757.89
2018-05-10,bed_bath_table,23,1551.0400000000002
2018-05-10,books_general_interest,2,44.849999999999994
2018-05-10,books_technical,2,169.88
2018-05-10,computers,5,3099.95
2018-05-10,computers_accessories,20,4220.98
2018-05-10,consoles_games,1,36.2
2018-05-10,construction_tools_construction,8,1497.9
2018-05-10,cool_stuff,8,1313.8700000000001
2018-05-10,costruction_tools_tools,1,93.0
2018-05-10,drinks,5,272.78000000000003
2018-05-10,electronics,10,485.19999999999993
2018-05-10,fashion_bags_accessories,2,89.89
2018-05-10,food,1,27.9
2018-05-10,furniture_decor,31,2225.2700000000004
2018-05-10,garden_tools,12,3299.37
2018-05-10,health_beauty,42,4415.3799999999965
2018-05-10,home_appliances,1,1054.0
2018-05-10,home_appliances_2,2,1155.99
2018-05-10,home_confort,1,86.9
2018-05-10,housewares,34,2681.02
2018-05-10,luggage_accessories,2,418.9
2018-05-10,market_place,1,65.0
2018-05-10,musical_instruments,1,1899.0
2018-05-10,office_furniture,2,738.99
2018-05-10,perfumery,6,937.49
2018-05-10,pet_shop,6,515.5799999999999
2018-05-10,small_appliances,3,201.08
2018-05-10,sports_leisure,14,1886.97
2018-05-10,telephony,6,168.46
2018-05-10,toys,11,2707.38
2018-05-10,watches_gifts,37,7525.919999999999
2018-05-11,air_conditioning,1,139.0
2018-05-11,art,2,113.03
2018-05-11,auto,10,1422.45
2018-05-11,baby,7,873.67
2018-05-11,bed_bath_table,18,1363.44
2018-05-11,books_general_interest,6,219.69000000000003
2018-05-11,books_imported,1,18.99
2018-05-11,books_technical,1,59.0
2018-05-11,christmas_supplies,2,99.73
2018-05-11,cine_photo,1,49.8
2018-05-11,computers,3,1859.97
2018-05-11,computers_accessories,17,3910.86
2018-05-11,consoles_games,1,11.5
2018-05-11,construction_tools_construction,8,2315.5199999999995
2018-05-11,construction_tools_lights,9,659.97
2018-05-11,construction_tools_safety,2,534.19
2018-05-11,cool_stuff,6,906.96
2018-05-11,costruction_tools_garden,2,56.9
2018-05-11,drinks,2,22.0
2018-05-11,electronics,10,367.75
2018-05-11,fashion_bags_accessories,5,684.5999999999999
2018-05-11,fashion_male_clothing,1,129.99
2018-05-11,fashion_underwear_beach,1,49.9
2018-05-11,food,2,76.9
2018-05-11,furniture_decor,21,2014.8900000000003
2018-05-11,garden_tools,7,825.8
2018-05-11,health_beauty,33,4058.15
2018-05-11,home_appliances,1,69.0
2018-05-11,home_confort,1,220.0
2018-05-11,home_construction,3,569.79
2018-05-11,housewares,19,1725.0200000000002
2018-05-11,industry_commerce_and_business,1,38.0
2018-05-11,luggage_accessories,1,299.9
2018-05-11,market_place,1,47.9
2018-05-11,musical_instruments,4,1162.72
2018-05-11,office_furniture,2,359.8
2018-05-11,perfumery,12,1643.0000000000002
2018-05-11,pet_shop,3,323.98
2018-05-11,small_appliances_home_oven_and_coffee,1,1799.0
2018-05-11,sports_leisure,17,1813.1900000000003
2018-05-11,stationery,8,720.6999999999999
2018-05-11,telephony,8,607.16
2018-05-11,toys,5,967.6999999999999
2018-05-11,watches_gifts,13,2481.8900000000003
2018-05-12,art,1,79.9
2018-05-12,auto,21,2764.210000000001
2018-05-12,baby,8,541.6
2018-05-12,bed_bath_table,10,1408.7700000000002
2018-05-12,books_technical,1,28.0
2018-05-12,computers_accessories,23,1365.6100000000004
2018-05-12,consoles_games,3,945.48
2018-05-12,construction_tools_construction,8,657.5
2018-05-12,cool_stuff,3,954.89
2018-05-12,electronics,10,229.34
2018-05-12,fashion_bags_accessories,4,448.79
2018-05-12,food,1,27.9
2018-05-12,furniture_decor,16,1416.69
2018-05-12,garden_tools,8,506.37
2018-05-12,health_beauty,14,925.78
2018-05-12,home_appliances,2,116.0
2018-05-12,home_confort,1,129.0
2018-05-12,home_construction,1,219.22
2018-05-12,housewares,15,1421.4
2018-05-12,industry_commerce_and_business,4,358.0
2018-05-12,luggage_accessories,3,547.0
2018-05-12,musical_instruments,1,1990.0
2018-05-12,office_furniture,7,1047.7
2018-05-12,perfumery,6,760.1
2018-05-12,pet_shop,4,305.98
2018-05-12,small_appliances,3,2120.35
2018-05-12,sports_leisure,10,747.26
2018-05-12,stationery,3,173.95
2018-05-12,telephony,13,367.81000000000006
2018-05-12,toys,3,359.97
2018-05-12,watches_gifts,23,5405.68
2018-05-13,air_conditioning,1,190.0
2018-05-13,art,1,79.9
2018-05-13,audio,1,15.9
2018-05-13,auto,6,789.6
2018-05-13,baby,5,1223.6200000000001
2018-05-13,bed_bath_table,23,1534.8200000000006
2018-05-13,computers_accessories,16,1299.1799999999998
2018-05-13,consoles_games,2,44.89
2018-05-13,construction_tools_construction,6,1948.18
2018-05-13,construction_tools_lights,1,100.0
2018-05-13,cool_stuff,6,903.78
2018-05-13,costruction_tools_garden,2,67.11
2018-05-13,drinks,3,437.05
2018-05-13,dvds_blu_ray,2,79.98
2018-05-13,electronics,9,291.34
2018-05-13,fashion_bags_accessories,1,89.0
2018-05-13,food,1,27.9
2018-05-13,food_drink,1,39.99
2018-05-13,furniture_decor,16,1422.3000000000002
2018-05-13,furniture_living_room,1,89.0
2018-05-13,garden_tools,4,1375.7
2018-05-13,health_beauty,16,1412.47
2018-05-13,home_appliances_2,2,1225.98
2018-05-13,home_construction,4,427.95
2018-05-13,housewares,24,1856.6600000000005
2018-05-13,industry_commerce_and_business,3,278.0
2018-05-13,luggage_accessories,4,549.8
2018-05-13,market_place,3,282.89
2018-05-13,music,1,220.0
2018-05-13,musical_instruments,3,1543.1799999999998
2018-05-13,perfumery,5,593.1999999999999
2018-05-13,pet_shop,2,127.89000000000001
2018-05-13,small_appliances_home_oven_and_coffee,2,1717.8
2018-05-13,sports_leisure,23,2547.1499999999996
2018-05-13,stationery,4,591.8
2018-05-13,telephony,6,187.94
2018-05-13,toys,7,906.5699999999999
2018-05-13,watches_gifts,26,4540.1
2018-05-14,air_conditioning,2,233.4
2018-05-14,art,4,319.6
2018-05-14,audio,2,69.9
2018-05-14,auto,22,3646.070000000001
2018-05-14,baby,9,689.9799999999999
2018-05-14,bed_bath_table,44,4130.94
2018-05-14,books_general_interest,3,629.8
2018-05-14,books_technical,2,75.34
2018-05-14,christmas_supplies,1,239.8
2018-05-14,cine_photo,1,193.65
2018-05-14,computers_accessories,25,2548.6600000000003
2018-05-14,consoles_games,2,91.19
2018-05-14,construction_tools_construction,4,321.03
2018-05-14,construction_tools_lights,8,834.99
2018-05-14,construction_tools_safety,1,25.0
2018-05-14,cool_stuff,12,3237.5099999999993
2018-05-14,electronics,16,866.2699999999999
2018-05-14,fashion_bags_accessories,7,1195.79
2018-05-14,fixed_telephony,2,162.0
2018-05-14,food,5,139.5
2018-05-14,food_drink,5,204.02
2018-05-14,furniture_bedroom,2,179.98
2018-05-14,furniture_decor,19,2137.6800000000003
2018-05-14,furniture_living_room,1,89.0
2018-05-14,garden_tools,15,5699.5199999999995
2018-05-14,health_beauty,26,1873.05
2018-05-14,home_appliances,4,411.19
2018-05-14,home_appliances_2,1,139.9
2018-05-14,home_confort,1,379.0
2018-05-14,home_construction,3,290.4
2018-05-14,housewares,30,2980.7700000000004
2018-05-14,industry_commerce_and_business,2,209.0
2018-05-14,kitchen_dining_laundry_garden_furniture,1,189.99
2018-05-14,luggage_accessories,6,995.6999999999999
2018-05-14,musical_instruments,7,3875.88
2018-05-14,office_furniture,2,374.79999999999995
2018-05-14,perfumery,13,1670.8000000000002
2018-05-14,pet_shop,7,365.30000000000007
2018-05-14,small_appliances,2,607.56
2018-05-14,sports_leisure,31,3562.6899999999996
2018-05-14,stationery,4,206.38
2018-05-14,telephony,9,465.83000000000004
2018-05-14,toys,9,772.35
2018-05-14,watches_gifts,29,4831.9
2018-05-15,air_conditioning,2,269.0
2018-05-15,art,2,99.98
2018-05-15,audio,4,99.70000000000002
2018-05-15,auto,13,1226.54
2018-05-15,baby,11,1830.2200000000003
2018-05-15,bed_bath_table,51,4653.969999999998
2018-05-15,books_general_interest,4,135.4
2018-05-15,books_imported,1,18.99
2018-05-15,books_technical,2,127.89
2018-05-15,cine_photo,3,149.39999999999998
2018-05-15,computers_accessories,29,2412.61
2018-05-15,consoles_games,1,19.99
2018-05-15,construction_tools_construction,1,95.2
2018-05-15,construction_tools_lights,2,299.99
2018-05-15,cool_stuff,6,669.62
2018-05-15,costruction_tools_garden,1,47.99
2018-05-15,diapers_and_hygiene,1,37.0
2018-05-15,drinks,1,47.49
2018-05-15,dvds_blu_ray,1,83.99
2018-05-15,electronics,19,979.93
2018-05-15,fashion_bags_accessories,4,245.70000000000002
2018-05-15,food,6,176.9
2018-05-15,food_drink,2,86.0
2018-05-15,furniture_decor,39,3269.5499999999997
2018-05-15,furniture_living_room,3,596.97
2018-05-15,garden_tools,10,602.4999999999999
2018-05-15,health_beauty,35,3674.3800000000006
2018-05-15,home_appliances,2,108.55
2018-05-15,home_appliances_2,1,119.99
2018-05-15,home_confort,2,173.8
2018-05-15,home_construction,3,308.97
2018-05-15,housewares,48,4552.6
2018-05-15,industry_commerce_and_business,4,286.0
2018-05-15,kitchen_dining_laundry_garden_furniture,2,899.8
2018-05-15,luggage_accessories,2,228.9
2018-05-15,market_place,1,180.0
2018-05-15,musical_instruments,2,154.0
2018-05-15,office_furniture,8,1164.67
2018-05-15,perfumery,6,264.03999999999996
2018-05-15,pet_shop,6,493.76
2018-05-15,small_appliances,1,69.9
2018-05-15,sports_leisure,25,3482.2300000000005
2018-05-15,stationery,8,944.28
2018-05-15,tablets_printing_image,1,49.9
2018-05-15,telephony,11,452.98
2018-05-15,toys,10,739.73
2018-05-15,watches_gifts,20,3893.62
2018-05-16,air_conditioning,2,278.0
2018-05-16,art,3,258.33
2018-05-16,audio,2,110.0
2018-05-16,auto,21,1644.46
2018-05-16,baby,17,2579.060000000001
2018-05-16,bed_bath_table,42,5548.71
2018-05-16,books_general_interest,2,1044.8
2018-05-16,books_imported,1,58.99
2018-05-16,books_technical,3,150.78
2018-05-16,cine_photo,1,49.8
2018-05-16,computers_accessories,23,3236.55
2018-05-16,consoles_games,4,278.69
2018-05-16,construction_tools_construction,2,33.0
2018-05-16,construction_tools_lights,1,45.0
2018-05-16,construction_tools_safety,1,99.0
2018-05-16,cool_stuff,15,2718.87
2018-05-16,drinks,1,11.0
2018-05-16,dvds_blu_ray,1,83.99
2018-05-16,electronics,15,1188.83
2018-05-16,fashion_bags_accessories,4,214.69
2018-05-16,food,3,115.69999999999999
2018-05-16,food_drink,2,119.69
2018-05-16,furniture_bedroom,1,650.0
2018-05-16,furniture_decor,35,3386.8900000000003
2018-05-16,garden_tools,10,2280.6600000000003
2018-05-16,health_beauty,31,6163.059999999999
2018-05-16,home_appliances,6,1288.7
2018-05-16,housewares,34,4469.82
2018-05-16,luggage_accessories,2,90.49000000000001
2018-05-16,musical_instruments,4,394.78999999999996
2018-05-16,office_furniture,3,599.87
2018-05-16,perfumery,8,669.1800000000001
2018-05-16,pet_shop,11,726.6700000000001
2018-05-16,small_appliances,4,715.0
2018-05-16,small_appliances_home_oven_and_coffee,1,1799.0
2018-05-16,sports_leisure,27,3312.2400000000002
2018-05-16,stationery,10,798.1499999999999
2018-05-16,telephony,15,345.11000000000007
2018-05-16,toys,12,2723.46
2018-05-16,watches_gifts,20,5281.0999999999985
2018-05-17,agro_industry_and_commerce,1,429.0
2018-05-17,auto,12,1495.78
2018-05-17,baby,11,926.0699999999999
2018-05-17,bed_bath_table,21,1970.0900000000004
2018-05-17,books_technical,2,115.78
2018-05-17,cine_photo,1,49.8
2018-05-17,computers_accessories,14,1814.38
2018-05-17,consoles_games,1,11.5
2018-05-17,construction_tools_construction,6,937.59
2018-05-17,construction_tools_lights,2,90.0
2018-05-17,construction_tools_safety,4,578.7
2018-05-17,cool_stuff,5,771.95
2018-05-17,electronics,6,450.1
2018-05-17,fashion_bags_accessories,3,128.6
2018-05-17,fashion_underwear_beach,1,49.9
2018-05-17,food,1,27.9
2018-05-17,food_drink,4,84.0
2018-05-17,furniture_decor,26,2195.100000000001
2018-05-17,garden_tools,12,1686.65
2018-05-17,health_beauty,25,3592.5700000000006
2018-05-17,home_appliances,2,241.99
2018-05-17,home_appliances_2,1,254.9
2018-05-17,home_confort,1,89.9
2018-05-17,home_construction,2,1322.99
2018-05-17,housewares,10,1179.3899999999999
2018-05-17,industry_commerce_and_business,4,394.0
2018-05-17,luggage_accessories,1,28.99
2018-05-17,office_furniture,2,409.88
2018-05-17,perfumery,8,1694.48
2018-05-17,pet_shop,6,402.38
2018-05-17,small_appliances,1,239.0
2018-05-17,small_appliances_home_oven_and_coffee,2,1608.9
2018-05-17,sports_leisure,22,1593.0700000000002
2018-05-17,stationery,3,256.4
2018-05-17,telephony,8,230.70000000000002
2018-05-17,toys,6,1055.96
2018-05-17,watches_gifts,13,2208.59
2018-05-18,art,2,199.98
2018-05-18,audio,1,65.0
2018-05-18,auto,17,2941.72
2018-05-18,baby,8,843.9699999999999
2018-05-18,bed_bath_table,24,1936.0500000000004
2018-05-18,books_general_interest,4,638.6899999999999
2018-05-18,books_imported,1,18.99
2018-05-18,books_technical,2,92.19
2018-05-18,cine_photo,1,49.8
2018-05-18,computers_accessories,19,1755.0400000000002
2018-05-18,consoles_games,9,2012.92
2018-05-18,construction_tools_construction,5,394.79999999999995
2018-05-18,construction_tools_lights,3,429.89
2018-05-18,construction_tools_safety,1,289.98
2018-05-18,cool_stuff,4,345.78
2018-05-18,drinks,1,58.0
2018-05-18,electronics,9,634.92
2018-05-18,fashion_bags_accessories,4,223.8
2018-05-18,fashion_shoes,1,175.9
2018-05-18,fixed_telephony,1,125.0
2018-05-18,food_drink,1,105.0
2018-05-18,furniture_decor,24,2122.1500000000005
2018-05-18,furniture_living_room,1,75.0
2018-05-18,garden_tools,14,1158.9999999999998
2018-05-18,health_beauty,16,1393.38
2018-05-18,home_appliances,4,247.4
2018-05-18,home_appliances_2,1,159.9
2018-05-18,home_confort,1,89.9
2018-05-18,home_construction,3,232.34999999999997
2018-05-18,housewares,29,2640.4300000000003
2018-05-18,industry_commerce_and_business,3,161.0
2018-05-18,kitchen_dining_laundry_garden_furniture,1,54.9
2018-05-18,luggage_accessories,3,429.88
2018-05-18,musical_instruments,3,139.0
2018-05-18,office_furniture,1,179.99
2018-05-18,perfumery,10,1409.4
2018-05-18,pet_shop,1,42.99
2018-05-18,signaling_and_security,2,274.9
2018-05-18,sports_leisure,12,1665.0700000000002
2018-05-18,stationery,3,384.7
2018-05-18,telephony,6,124.26999999999998
2018-05-18,toys,5,1681.78
2018-05-18,watches_gifts,10,2912.5000000000005
2018-05-19,auto,5,567.6899999999999
2018-05-19,baby,6,2736.0200000000004
2018-05-19,bed_bath_table,13,1892.3300000000006
2018-05-19,books_general_interest,2,89.35
2018-05-19,cine_photo,1,49.8
2018-05-19,computers_accessories,4,320.89
2018-05-19,construction_tools_construction,5,189.48000000000002
2018-05-19,cool_stuff,3,324.98
2018-05-19,drinks,2,18.98
2018-05-19,electronics,4,2508.39
2018-05-19,fashion_bags_accessories,3,394.8
2018-05-19,fashion_shoes,1,99.9
2018-05-19,food,5,118.30000000000001
2018-05-19,furniture_decor,11,937.1999999999999
2018-05-19,garden_tools,16,978.5899999999998
2018-05-19,health_beauty,12,2261.7200000000003
2018-05-19,home_appliances,1,29.9
2018-05-19,home_appliances_2,1,2110.0
2018-05-19,home_construction,2,189.75
2018-05-19,housewares,11,1060.22
2018-05-19,industry_commerce_and_business,1,69.0
2018-05-19,market_place,1,89.9
2018-05-19,musical_instruments,2,99.4
2018-05-19,office_furniture,4,629.72
2018-05-19,perfumery,9,1260.2900000000002
2018-05-19,pet_shop,2,145.9
2018-05-19,small_appliances,2,1638.0
2018-05-19,sports_leisure,6,349.37
2018-05-19,stationery,4,113.77999999999999
2018-05-19,telephony,8,175.35000000000002
2018-05-19,toys,8,1735.69
2018-05-19,watches_gifts,12,1867.7000000000003
2018-05-20,air_conditioning,1,139.0
2018-05-20,art,1,99.99
2018-05-20,auto,6,613.5
2018-05-20,baby,5,467.76
2018-05-20,bed_bath_table,20,1710.04
2018-05-20,books_technical,2,115.78
2018-05-20,cine_photo,1,99.95
2018-05-20,computers_accessories,10,591.5999999999999
2018-05-20,construction_tools_construction,5,350.78
2018-05-20,construction_tools_lights,1,230.0
2018-05-20,cool_stuff,4,479.78
2018-05-20,electronics,9,273.5
2018-05-20,fashion_bags_accessories,1,29.99
2018-05-20,furniture_decor,22,1531.1999999999998
2018-05-20,garden_tools,8,526.39
2018-05-20,health_beauty,19,2564.44
2018-05-20,home_appliances,4,210.3
2018-05-20,home_construction,3,189.75
2018-05-20,housewares,15,1714.92
2018-05-20,industry_commerce_and_business,1,85.0
2018-05-20,market_place,1,32.99
2018-05-20,musical_instruments,2,94.99000000000001
2018-05-20,office_furniture,4,750.6
2018-05-20,perfumery,3,379.65
2018-05-20,pet_shop,3,288.8
2018-05-20,sports_leisure,9,695.85
2018-05-20,stationery,4,525.03
2018-05-20,telephony,4,1778.67
2018-05-20,toys,6,791.56
2018-05-20,watches_gifts,11,1656.0
2018-05-21,art,1,99.99
2018-05-21,audio,1,119.59
2018-05-21,auto,5,973.3100000000001
2018-05-21,baby,4,382.96000000000004
2018-05-21,bed_bath_table,18,1573.7400000000002
2018-05-21,books_general_interest,2,177.8
2018-05-21,books_imported,2,212.0
2018-05-21,books_technical,3,370.88
2018-05-21,computers_accessories,17,1523.9500000000005
2018-05-21,consoles_games,1,19.99
2018-05-21,construction_tools_construction,4,358.79999999999995
2018-05-21,cool_stuff,1,169.99
2018-05-21,costruction_tools_tools,1,45.9
2018-05-21,drinks,3,122.0
2018-05-21,electronics,8,2619.09
2018-05-21,fashion_bags_accessories,5,256.69000000000005
2018-05-21,fixed_telephony,5,625.0
2018-05-21,food,2,55.8
2018-05-21,food_drink,1,30.0
2018-05-21,furniture_decor,22,1627.5800000000008
2018-05-21,garden_tools,5,254.50000000000003
2018-05-21,health_beauty,16,2023.0200000000002
2018-05-21,home_appliances,6,346.8
2018-05-21,home_appliances_2,1,131.0
2018-05-21,home_confort,1,86.9
2018-05-21,home_construction,3,409.34999999999997
2018-05-21,housewares,15,1303.86
2018-05-21,kitchen_dining_laundry_garden_furniture,1,129.9
2018-05-21,luggage_accessories,2,184.44
2018-05-21,musical_instruments,2,150.0
2018-05-21,office_furniture,3,399.87
2018-05-21,perfumery,7,736.56
2018-05-21,pet_shop,6,600.39
2018-05-21,small_appliances,2,79.4
2018-05-21,sports_leisure,15,1724.9300000000003
2018-05-21,stationery,6,563.5999999999999
2018-05-21,telephony,7,260.19
2018-05-21,toys,11,736.7199999999999
2018-05-21,watches_gifts,19,3059.7000000000003
2018-05-22,auto,8,1512.37
2018-05-22,baby,5,413.77000000000004
2018-05-22,bed_bath_table,35,3306.16
2018-05-22,books_imported,1,18.99
2018-05-22,books_technical,3,173.67000000000002
2018-05-22,cine_photo,2,169.8
2018-05-22,computers,1,730.0
2018-05-22,computers_accessories,29,5123.249999999996
2018-05-22,construction_tools_construction,2,90.63
2018-05-22,construction_tools_lights,1,45.0
2018-05-22,construction_tools_safety,2,139.8
2018-05-22,cool_stuff,2,279.89
2018-05-22,diapers_and_hygiene,1,37.0
2018-05-22,drinks,2,58.49
2018-05-22,electronics,1,12.0
2018-05-22,fashion_bags_accessories,3,137.99
2018-05-22,fashion_underwear_beach,1,49.9
2018-05-22,food,2,91.77
2018-05-22,furniture_decor,15,1966.7
2018-05-22,garden_tools,3,186.70000000000002
2018-05-22,health_beauty,25,2869.9300000000003
2018-05-22,home_appliances,1,108.6
2018-05-22,home_confort,2,215.9
2018-05-22,home_construction,3,275.33000000000004
2018-05-22,housewares,18,1545.66
2018-05-22,industry_commerce_and_business,1,110.0
2018-05-22,kitchen_dining_laundry_garden_furniture,1,54.9
2018-05-22,luggage_accessories,1,39.9
2018-05-22,musical_instruments,1,39.5
2018-05-22,office_furniture,7,2116.55
2018-05-22,perfumery,6,431.93000000000006
2018-05-22,pet_shop,5,369.80999999999995
2018-05-22,small_appliances,2,49.98
2018-05-22,sports_leisure,10,1090.1499999999999
2018-05-22,stationery,4,373.1
2018-05-22,telephony,5,143.68
2018-05-22,toys,3,134.79
2018-05-22,watches_gifts,11,2667.0
2018-05-23,air_conditioning,1,99.0
2018-05-23,art,1,47.08
2018-05-23,auto,7,639.7
2018-05-23,baby,6,335.69
2018-05-23,bed_bath_table,18,2152.9700000000003
2018-05-23,books_imported,1,22.99
2018-05-23,books_technical,2,115.78
2018-05-23,christmas_supplies,1,37.9
2018-05-23,computers_accessories,13,1178.27
2018-05-23,consoles_games,1,5.18
2018-05-23,construction_tools_construction,4,578.06
2018-05-23,construction_tools_safety,2,528.15
2018-05-23,cool_stuff,2,677.9
2018-05-23,drinks,3,116.49000000000001
2018-05-23,dvds_blu_ray,1,24.0
2018-05-23,electronics,2,34.849999999999994
2018-05-23,fashion_bags_accessories,2,74.8
2018-05-23,fixed_telephony,3,283.0
2018-05-23,furniture_decor,9,1148.1000000000001
2018-05-23,garden_tools,3,1126.0
2018-05-23,health_beauty,11,715.97
2018-05-23,home_appliances,2,235.4
2018-05-23,home_appliances_2,1,1079.9
2018-05-23,home_construction,6,335.64
2018-05-23,housewares,7,524.87
2018-05-23,musical_instruments,1,349.9
2018-05-23,office_furniture,4,1666.8200000000002
2018-05-23,perfumery,4,609.53
2018-05-23,pet_shop,5,568.86
2018-05-23,small_appliances,1,15.5
2018-05-23,sports_leisure,10,922.9799999999999
2018-05-23,stationery,2,84.73
2018-05-23,telephony,5,147.64
2018-05-23,toys,5,343.4
2018-05-23,watches_gifts,3,489.0
2018-05-24,auto,6,584.4399999999999
2018-05-24,baby,4,262.01
2018-05-24,bed_bath_table,16,1332.2700000000002
2018-05-24,computers_accessories,1,19.0
2018-05-24,construction_tools_construction,6,2074.98
2018-05-24,construction_tools_lights,1,45.0
2018-05-24,construction_tools_safety,1,2062.99
2018-05-24,cool_stuff,4,1049.8500000000001
2018-05-24,costruction_tools_garden,3,209.3
2018-05-24,drinks,1,36.49
2018-05-24,electronics,3,69.89
2018-05-24,fixed_telephony,1,33.0
2018-05-24,food_drink,1,30.0
2018-05-24,furniture_decor,5,916.8
2018-05-24,garden_tools,11,1418.1000000000004
2018-05-24,health_beauty,12,1273.0
2018-05-24,home_confort,1,84.0
2018-05-24,home_construction,1,150.0
2018-05-24,housewares,8,484.49999999999994
2018-05-24,industry_commerce_and_business,1,110.0
2018-05-24,kitchen_dining_laundry_garden_furniture,2,109.8
2018-05-24,luggage_accessories,2,314.0
2018-05-24,office_furniture,1,129.0
2018-05-24,perfumery,4,402.63
2018-05-24,pet_shop,2,199.0
2018-05-24,small_appliances,6,1844.3700000000001
2018-05-24,small_appliances_home_oven_and_coffee,1,1799.0
2018-05-24,sports_leisure,8,1317.0700000000002
2018-05-24,stationery,5,182.10000000000002
2018-05-24,telephony,3,87.87
2018-05-24,toys,2,195.8
2018-05-24,watches_gifts,6,1197.0
2018-05-25,auto,6,261.49
2018-05-25,baby,1,74.0
2018-05-25,bed_bath_table,16,1124.66
2018-05-25,books_technical,2,63.199999999999996
2018-05-25,computers,3,2370.0
2018-05-25,computers_accessories,4,257.78
2018-05-25,construction_tools_construction,3,2097.2
2018-05-25,construction_tools_lights,1,230.0
2018-05-25,drinks,1,58.0
2018-05-25,electronics,5,266.79
2018-05-25,food_drink,4,260.0
2018-05-25,furniture_decor,13,883.1899999999998
2018-05-25,garden_tools,8,783.11
2018-05-25,health_beauty,11,577.3499999999999
2018-05-25,home_appliances,1,26.0
2018-05-25,home_construction,1,150.0
2018-05-25,housewares,9,591.3799999999999
2018-05-25,industry_commerce_and_business,1,109.99
2018-05-25,luggage_accessories,2,284.9
2018-05-25,office_furniture,9,1296.4200000000003
2018-05-25,perfumery,2,13.8
2018-05-25,pet_shop,2,141.9
2018-05-25,small_appliances_home_oven_and_coffee,1,579.0
2018-05-25,sports_leisure,2,304.89
2018-05-25,stationery,1,134.49
2018-05-25,telephony,8,215.70000000000002
2018-05-25,toys,7,1136.78
2018-05-25,watches_gifts,4,1596.9
2018-05-26,art,1,37.0
2018-05-26,auto,2,82.4
2018-05-26,baby,4,519.6899999999999
2018-05-26,bed_bath_table,18,2103.13
2018-05-26,computers_accessories,5,506.39000000000004
2018-05-26,construction_tools_safety,1,274.92
2018-05-26,cool_stuff,4,779.6899999999999
2018-05-26,electronics,3,523.4499999999999
2018-05-26,fashion_bags_accessories,1,39.9
2018-05-26,furniture_decor,8,795.5
2018-05-26,garden_tools,6,299.4
2018-05-26,health_beauty,15,2487.14
2018-05-26,home_appliances,1,69.9
2018-05-26,home_appliances_2,1,109.9
2018-05-26,home_confort,2,303.0
2018-05-26,home_construction,3,684.9
2018-05-26,housewares,12,1046.2800000000002
2018-05-26,musical_instruments,2,110.0
2018-05-26,office_furniture,1,119.9
2018-05-26,perfumery,1,339.9
2018-05-26,pet_shop,1,29.9
2018-05-26,sports_leisure,4,411.0
2018-05-26,stationery,2,56.099999999999994
2018-05-26,telephony,4,1179.88
2018-05-26,toys,3,995.79
2018-05-26,watches_gifts,10,861.11
2018-05-27,auto,3,205.8
2018-05-27,baby,4,373.78
2018-05-27,bed_bath_table,11,1189.2700000000002
2018-05-27,computers_accessories,4,509.8
2018-05-27,construction_tools_construction,1,579.99
2018-05-27,construction_tools_lights,1,230.0
2018-05-27,cool_stuff,4,546.79
2018-05-27,electronics,4,63.05
2018-05-27,fashion_bags_accessories,1,350.0
2018-05-27,fixed_telephony,1,125.0
2018-05-27,furniture_decor,9,827.5999999999999
2018-05-27,garden_tools,9,401.46999999999997
2018-05-27,health_beauty,5,383.18999999999994
2018-05-27,home_appliances,2,49.42
2018-05-27,home_construction,1,113.85
2018-05-27,housewares,13,2727.98
2018-05-27,luggage_accessories,1,195.0
2018-05-27,market_place,2,69.98
2018-05-27,musical_instruments,1,144.9
2018-05-27,office_furniture,1,169.99
2018-05-27,party_supplies,1,16.9
2018-05-27,perfumery,1,189.0
2018-05-27,pet_shop,1,94.9
2018-05-27,small_appliances,2,122.98
2018-05-27,sports_leisure,7,615.93
2018-05-27,stationery,1,79.0
2018-05-27,telephony,7,144.31
2018-05-27,toys,4,546.5999999999999
2018-05-27,watches_gifts,8,1387.79
2018-05-28,audio,1,586.0
2018-05-28,auto,5,1000.2299999999999
2018-05-28,baby,7,2599.9700000000003
2018-05-28,bed_bath_table,21,2050.2900000000004
2018-05-28,books_general_interest,1,19.95
2018-05-28,computers_accessories,15,1460.7800000000004
2018-05-28,consoles_games,1,90.0
2018-05-28,construction_tools_construction,2,347.99
2018-05-28,cool_stuff,1,146.65
2018-05-28,costruction_tools_tools,1,93.0
2018-05-28,electronics,3,116.88
2018-05-28,fashion_bags_accessories,1,69.0
2018-05-28,furniture_decor,13,1211.97
2018-05-28,garden_tools,6,265.20000000000005
2018-05-28,health_beauty,11,2678.68
2018-05-28,home_appliances,1,325.49
2018-05-28,home_appliances_2,1,389.99
2018-05-28,home_construction,4,1077.35
2018-05-28,housewares,22,2576.2700000000004
2018-05-28,luggage_accessories,1,70.0
2018-05-28,musical_instruments,1,164.9
2018-05-28,office_furniture,1,159.99
2018-05-28,perfumery,6,794.2
2018-05-28,pet_shop,3,376.79
2018-05-28,small_appliances,2,1104.0
2018-05-28,sports_leisure,11,1353.99
2018-05-28,stationery,5,382.49
2018-05-28,telephony,5,1745.7700000000002
2018-05-28,toys,6,1125.78
2018-05-28,watches_gifts,8,2222.12
2018-05-29,auto,4,225.29000000000002
2018-05-29,baby,9,914.05
2018-05-29,bed_bath_table,16,1650.0500000000004
2018-05-29,books_general_interest,1,39.99
2018-05-29,books_technical,2,87.78999999999999
2018-05-29,computers_accessories,7,1414.0500000000002
2018-05-29,consoles_games,5,348.59
2018-05-29,construction_tools_construction,5,504.98
2018-05-29,construction_tools_lights,1,169.99
2018-05-29,cool_stuff,6,1069.68
2018-05-29,electronics,4,184.88
2018-05-29,furniture_bedroom,2,486.0
2018-05-29,furniture_decor,19,1349.84
2018-05-29,furniture_living_room,2,138.99
2018-05-29,garden_tools,9,1333.59
2018-05-29,health_beauty,17,5796.37
2018-05-29,home_construction,3,241.2
2018-05-29,housewares,12,913.8699999999999
2018-05-29,luggage_accessories,2,161.83
2018-05-29,music,1,52.9
2018-05-29,musical_instruments,1,55.0
2018-05-29,office_furniture,2,266.93
2018-05-29,party_supplies,2,43.8
2018-05-29,perfumery,2,151.4
2018-05-29,pet_shop,2,89.9
2018-05-29,sports_leisure,13,2251.39
2018-05-29,stationery,4,784.9
2018-05-29,telephony,6,1361.8400000000001
2018-05-29,toys,4,459.59000000000003
2018-05-29,watches_gifts,10,3023.4000000000005
2018-05-30,agro_industry_and_commerce,1,465.0
2018-05-30,auto,4,656.88
2018-05-30,baby,5,450.76
2018-05-30,bed_bath_table,22,2484.02
2018-05-30,books_general_interest,1,35.0
2018-05-30,books_technical,1,57.89
2018-05-30,computers_accessories,8,985.8199999999999
2018-05-30,consoles_games,1,149.99
2018-05-30,cool_stuff,1,157.0
2018-05-30,electronics,4,219.39000000000001
2018-05-30,fashion_shoes,3,384.5
2018-05-30,food,1,63.87
2018-05-30,furniture_decor,5,530.74
2018-05-30,furniture_living_room,3,988.44
2018-05-30,garden_tools,1,95.0
2018-05-30,health_beauty,14,1688.5100000000004
2018-05-30,home_appliances,3,229.3
2018-05-30,home_construction,5,495.44999999999993
2018-05-30,housewares,16,2840.1600000000003
2018-05-30,industry_commerce_and_business,2,179.0
2018-05-30,musical_instruments,3,543.9
2018-05-30,office_furniture,1,289.0
2018-05-30,perfumery,4,634.46
2018-05-30,pet_shop,4,486.38
2018-05-30,small_appliances,1,193.0
2018-05-30,sports_leisure,12,1549.26
2018-05-30,stationery,4,286.67
2018-05-30,telephony,8,457.92
2018-05-30,toys,7,362.12
2018-05-30,watches_gifts,8,1035.37
2018-05-31,art,1,99.9
2018-05-31,audio,2,134.49
2018-05-31,auto,4,924.5
2018-05-31,baby,8,1290.2900000000002
2018-05-31,bed_bath_table,14,1480.9400000000003
2018-05-31,cine_photo,1,82.8
2018-05-31,computers_accessories,3,125.78999999999999
2018-05-31,construction_tools_construction,4,516.89
2018-05-31,costruction_tools_garden,1,98.9
2018-05-31,electronics,4,160.54
2018-05-31,fashion_bags_accessories,8,381.69
2018-05-31,furniture_decor,8,587.6999999999999
2018-05-31,furniture_living_room,1,13.9
2018-05-31,garden_tools,5,786.5999999999999
2018-05-31,health_beauty,13,4672.719999999999
2018-05-31,home_appliances,2,66.0
2018-05-31,home_construction,2,189.75
2018-05-31,housewares,14,1150.5699999999997
2018-05-31,industry_commerce_and_business,2,214.0
2018-05-31,market_place,1,47.9
2018-05-31,musical_instruments,1,126.12
2018-05-31,office_furniture,3,679.8
2018-05-31,perfumery,2,693.9
2018-05-31,pet_shop,2,151.0
2018-05-31,sports_leisure,11,1069.07
2018-05-31,telephony,6,133.96
2018-05-31,toys,4,649.52
2018-05-31,watches_gifts,18,7852.040000000001
2018-06-01,audio,1,110.0
2018-06-01,auto,7,335.6
2018-06-01,baby,5,547.88
2018-06-01,bed_bath_table,18,1887.8300000000002
2018-06-01,books_technical,1,28.0
2018-06-01,computers,1,790.0
2018-06-01,computers_accessories,7,1481.8999999999999
2018-06-01,consoles_games,1,12.99
2018-06-01,construction_tools_construction,5,576.09
2018-06-01,cool_stuff,2,269.99
2018-06-01,costruction_tools_garden,1,47.99
2018-06-01,diapers_and_hygiene,1,37.0
2018-06-01,electronics,2,29.6
2018-06-01,fashion_bags_accessories,2,104.0
2018-06-01,fashion_shoes,1,89.9
2018-06-01,fashion_underwear_beach,1,49.9
2018-06-01,fixed_telephony,1,18.9
2018-06-01,food_drink,1,14.9
2018-06-01,furniture_decor,13,851.28
2018-06-01,garden_tools,2,303.88
2018-06-01,health_beauty,15,2522.4500000000003
2018-06-01,home_appliances,6,177.64
2018-06-01,home_appliances_2,2,35.98
2018-06-01,home_construction,4,816.0
2018-06-01,housewares,25,3865.5399999999995
2018-06-01,luggage_accessories,1,289.9
2018-06-01,musical_instruments,3,604.9
2018-06-01,office_furniture,6,1109.8400000000001
2018-06-01,perfumery,6,1080.8600000000001
2018-06-01,pet_shop,6,1510.8700000000001
2018-06-01,signaling_and_security,6,2919.4
2018-06-01,small_appliances,4,2619.09
2018-06-01,sports_leisure,12,1261.57
2018-06-01,stationery,8,534.29
2018-06-01,telephony,7,1017.9200000000001
2018-06-01,toys,9,1461.55
2018-06-01,watches_gifts,18,2883.4900000000002
2018-06-02,art,2,199.8
2018-06-02,auto,11,3401.28
2018-06-02,baby,5,415.67
2018-06-02,bed_bath_table,18,1376.53
2018-06-02,books_general_interest,2,30.0
2018-06-02,computers_accessories,2,248.9
2018-06-02,construction_tools_construction,1,187.9
2018-06-02,construction_tools_lights,2,644.99
2018-06-02,cool_stuff,3,334.88
2018-06-02,costruction_tools_garden,1,34.89
2018-06-02,costruction_tools_tools,1,93.0
2018-06-02,electronics,2,34.89
2018-06-02,fashion_bags_accessories,2,119.80000000000001
2018-06-02,fashion_male_clothing,1,65.0
2018-06-02,fashion_shoes,1,99.9
2018-06-02,fixed_telephony,1,18.9
2018-06-02,furniture_decor,13,1080.79
2018-06-02,garden_tools,2,99.8
2018-06-02,health_beauty,17,2613.17
2018-06-02,home_appliances,2,150.68
2018-06-02,home_construction,3,320.34999999999997
2018-06-02,housewares,12,991.16
2018-06-02,industry_commerce_and_business,1,110.0
2018-06-02,kitchen_dining_laundry_garden_furniture,4,842.99
2018-06-02,musical_instruments,2,1954.0
2018-06-02,office_furniture,1,79.98
2018-06-02,perfumery,6,996.5500000000001
2018-06-02,pet_shop,2,384.89
2018-06-02,sports_leisure,8,878.6899999999999
2018-06-02,stationery,2,179.8
2018-06-02,telephony,3,64.97999999999999
2018-06-02,toys,5,2191.38
2018-06-02,watches_gifts,19,4971.08
2018-06-03,art,1,99.0
2018-06-03,audio,1,586.0
2018-06-03,auto,6,2820.25
2018-06-03,baby,10,802.51
2018-06-03,bed_bath_table,20,2444.4600000000005
2018-06-03,books_technical,1,108.99
2018-06-03,computers_accessories,7,592.77
2018-06-03,consoles_games,3,131.5
2018-06-03,construction_tools_construction,2,137.49
2018-06-03,construction_tools_lights,4,489.99
2018-06-03,construction_tools_safety,2,423.15
2018-06-03,cool_stuff,4,882.99
2018-06-03,costruction_tools_garden,1,72.9
2018-06-03,electronics,10,320.48
2018-06-03,fashion_bags_accessories,6,733.6999999999999
2018-06-03,fashion_childrens_clothes,1,89.99
2018-06-03,fashion_shoes,1,89.9
2018-06-03,food,1,27.9
2018-06-03,furniture_decor,17,1359.7600000000002
2018-06-03,garden_tools,3,352.79999999999995
2018-06-03,health_beauty,26,4310.8
2018-06-03,home_appliances,3,400.9
2018-06-03,home_construction,3,606.99
2018-06-03,housewares,23,1519.1099999999997
2018-06-03,industry_commerce_and_business,2,220.0
2018-06-03,luggage_accessories,1,799.0
2018-06-03,musical_instruments,2,175.12
2018-06-03,perfumery,5,1168.87
2018-06-03,pet_shop,7,1402.8700000000001
2018-06-03,sports_leisure,16,1818.8800000000006
2018-06-03,stationery,3,424.89
2018-06-03,telephony,6,645.53
2018-06-03,toys,6,453.77000000000004
2018-06-03,watches_gifts,9,1565.8
2018-06-04,audio,1,14.9
2018-06-04,auto,10,1561.0799999999997
2018-06-04,baby,9,1003.5799999999999
2018-06-04,bed_bath_table,29,2350.550000000001
2018-06-04,books_general_interest,2,75.89
2018-06-04,books_technical,1,274.95
2018-06-04,cine_photo,1,109.0
2018-06-04,computers_accessories,19,1746.95
2018-06-04,consoles_games,2,239.99
2018-06-04,construction_tools_construction,5,351.69
2018-06-04,construction_tools_lights,2,90.0
2018-06-04,cool_stuff,3,277.25
2018-06-04,diapers_and_hygiene,1,37.0
2018-06-04,drinks,1,167.5
2018-06-04,electronics,5,162.69
2018-06-04,fashion_bags_accessories,3,198.79000000000002
2018-06-04,food,1,93.0
2018-06-04,food_drink,4,62.6
2018-06-04,furniture_decor,8,1012.8
2018-06-04,furniture_living_room,1,110.0
2018-06-04,garden_tools,6,323.5
2018-06-04,health_beauty,21,5767.24
2018-06-04,home_appliances,6,140.09
2018-06-04,home_appliances_2,1,119.99
2018-06-04,home_confort,3,657.0
2018-06-04,home_construction,2,265.9
2018-06-04,housewares,27,1759.0
2018-06-04,luggage_accessories,3,285.0
2018-06-04,musical_instruments,1,940.0
2018-06-04,office_furniture,7,1219.7400000000002
2018-06-04,party_supplies,1,16.9
2018-06-04,perfumery,5,521.29
2018-06-04,pet_shop,7,935.87
2018-06-04,signaling_and_security,3,244.9
2018-06-04,small_appliances,3,108.18
2018-06-04,sports_leisure,14,798.87
2018-06-04,stationery,7,485.68
2018-06-04,telephony,8,648.84
2018-06-04,toys,10,488.1700000000001
2018-06-04,watches_gifts,10,2313.66
2018-06-05,agro_industry_and_commerce,1,479.0
2018-06-05,air_conditioning,7,1330.0
2018-06-05,auto,10,901.79
2018-06-05,baby,10,4929.089999999999
2018-06-05,bed_bath_table,32,2479.6600000000008
2018-06-05,christmas_supplies,2,63.56
2018-06-05,computers_accessories,18,2319.039999999999
2018-06-05,consoles_games,1,69.99
2018-06-05,construction_tools_construction,2,544.0
2018-06-05,construction_tools_lights,2,399.99
2018-06-05,cool_stuff,2,17.8
2018-06-05,electronics,6,358.7499999999999
2018-06-05,fashion_bags_accessories,3,142.99
2018-06-05,fashion_shoes,1,79.9
2018-06-05,food,1,27.9
2018-06-05,furniture_decor,17,1657.4200000000003
2018-06-05,furniture_living_room,1,128.7
2018-06-05,garden_tools,11,642.6999999999998
2018-06-05,health_beauty,28,4000.54
2018-06-05,home_appliances_2,1,170.0
2018-06-05,home_confort,1,84.0
2018-06-05,home_construction,2,199.75
2018-06-05,housewares,18,1960.8500000000001
2018-06-05,industry_commerce_and_business,3,278.0
2018-06-05,kitchen_dining_laundry_garden_furniture,1,54.9
2018-06-05,musical_instruments,2,117.9
2018-06-05,office_furniture,2,539.89
2018-06-05,perfumery,7,853.9
2018-06-05,pet_shop,11,857.4799999999999
2018-06-05,sports_leisure,11,1420.67
2018-06-05,stationery,8,313.28
2018-06-05,telephony,5,1552.18
2018-06-05,toys,8,1162.76
2018-06-05,watches_gifts,3,325.99
2018-06-06,auto,21,1730.1800000000003
2018-06-06,baby,7,567.61
2018-06-06,bed_bath_table,27,2252.9900000000007
2018-06-06,books_general_interest,2,49.849999999999994
2018-06-06,books_imported,1,24.95
2018-06-06,books_technical,3,135.84
2018-06-06,christmas_supplies,1,79.0
2018-06-06,computers,1,790.0
2018-06-06,computers_accessories,23,1572.3200000000002
2018-06-06,construction_tools_construction,1,3.99
2018-06-06,construction_tools_lights,2,92.0
2018-06-06,cool_stuff,2,464.0
2018-06-06,costruction_tools_tools,1,92.0
2018-06-06,drinks,2,40.489999999999995
2018-06-06,electronics,5,183.60000000000002
2018-06-06,fashion_bags_accessories,4,189.78
2018-06-06,food,1,50.9
2018-06-06,furniture_bedroom,1,150.0
2018-06-06,furniture_decor,9,607.68
2018-06-06,garden_tools,10,796.4799999999999
2018-06-06,health_beauty,28,3406.8599999999997
2018-06-06,home_appliances,3,195.95000000000002
2018-06-06,home_construction,6,900.8000000000001
2018-06-06,housewares,23,1223.8999999999996
2018-06-06,industry_commerce_and_business,1,148.9
2018-06-06,kitchen_dining_laundry_garden_furniture,5,849.5
2018-06-06,luggage_accessories,2,409.98
2018-06-06,office_furniture,4,719.76
2018-06-06,perfumery,5,520.59
2018-06-06,pet_shop,6,382.9
2018-06-06,signaling_and_security,1,79.9
2018-06-06,small_appliances,2,921.94
2018-06-06,sports_leisure,18,1480.2900000000004
2018-06-06,stationery,13,749.3
2018-06-06,telephony,6,157.94
2018-06-06,toys,7,312.59
2018-06-06,watches_gifts,20,3129.7000000000003
2018-06-07,agro_industry_and_commerce,1,1234.0
2018-06-07,auto,7,891.08
2018-06-07,baby,11,1006.5899999999999
2018-06-07,bed_bath_table,33,2972.78
2018-06-07,books_general_interest,4,149.37
2018-06-07,computers_accessories,21,3108.62
2018-06-07,consoles_games,2,3198.0
2018-06-07,construction_tools_construction,7,933.87
2018-06-07,construction_tools_lights,3,261.99
2018-06-07,construction_tools_safety,1,99.0
2018-06-07,cool_stuff,2,301.99
2018-06-07,costruction_tools_tools,1,92.0
2018-06-07,drinks,1,58.0
2018-06-07,electronics,6,155.1
2018-06-07,fashion_bags_accessories,3,167.9
2018-06-07,fashion_male_clothing,1,52.9
2018-06-07,fixed_telephony,1,125.0
2018-06-07,food_drink,1,46.98
2018-06-07,furniture_decor,10,1762.2999999999997
2018-06-07,garden_tools,8,1491.7900000000006
2018-06-07,health_beauty,30,5313.9
2018-06-07,home_appliances,1,62.19
2018-06-07,home_confort,1,129.0
2018-06-07,housewares,18,2149.54
2018-06-07,kitchen_dining_laundry_garden_furniture,1,34.95
2018-06-07,luggage_accessories,1,115.99
2018-06-07,market_place,2,137.8
2018-06-07,musical_instruments,3,1274.9
2018-06-07,office_furniture,3,509.97
2018-06-07,perfumery,16,2128.32
2018-06-07,pet_shop,5,356.5
2018-06-07,signaling_and_security,1,670.0
2018-06-07,small_appliances,3,228.60000000000002
2018-06-07,sports_leisure,15,1609.17
2018-06-07,stationery,2,171.99
2018-06-07,telephony,5,267.95000000000005
2018-06-07,toys,4,400.79999999999995
2018-06-07,watches_gifts,16,3349.57
2018-06-08,art,2,199.8
2018-06-08,auto,9,732.14
2018-06-08,baby,8,2056.6
2018-06-08,bed_bath_table,17,1195.09
2018-06-08,books_general_interest,1,519.9
2018-06-08,books_technical,1,35.0
2018-06-08,computers_accessories,14,1886.7900000000002
2018-06-08,construction_tools_construction,1,141.4
2018-06-08,construction_tools_safety,2,124.0
2018-06-08,cool_stuff,2,338.0
2018-06-08,costruction_tools_garden,1,72.9
2018-06-08,diapers_and_hygiene,1,30.0
2018-06-08,drinks,2,88.78999999999999
2018-06-08,dvds_blu_ray,1,25.0
2018-06-08,electronics,6,275.39
2018-06-08,fashion_bags_accessories,4,475.8
2018-06-08,food,1,67.8
2018-06-08,furniture_bedroom,1,287.0
2018-06-08,furniture_decor,8,1043.69
2018-06-08,garden_tools,5,492.53
2018-06-08,health_beauty,37,5144.249999999998
2018-06-08,home_appliances_2,1,19.65
2018-06-08,home_comfort_2,2,25.8
2018-06-08,home_confort,2,345.9
2018-06-08,home_construction,3,556.9
2018-06-08,housewares,30,1938.8400000000004
2018-06-08,luggage_accessories,3,387.99
2018-06-08,musical_instruments,1,164.9
2018-06-08,perfumery,7,774.5699999999999
2018-06-08,pet_shop,4,671.99
2018-06-08,small_appliances,2,99.4
2018-06-08,sports_leisure,6,445.69000000000005
2018-06-08,stationery,11,1014.6899999999999
2018-06-08,telephony,6,538.68
2018-06-08,toys,11,804.56
2018-06-08,watches_gifts,18,3139.5900000000006
2018-06-09,air_conditioning,2,234.8
2018-06-09,auto,7,1758.29
2018-06-09,baby,7,1410.8700000000001
2018-06-09,bed_bath_table,28,3178.9200000000005
2018-06-09,books_general_interest,1,29.95
2018-06-09,books_technical,1,35.0
2018-06-09,computers_accessories,9,1497.38
2018-06-09,construction_tools_construction,2,102.84
2018-06-09,construction_tools_lights,2,343.3
2018-06-09,cool_stuff,7,907.68
2018-06-09,costruction_tools_tools,1,250.0
2018-06-09,drinks,1,58.0
2018-06-09,electronics,6,180.04000000000002
2018-06-09,fashion_bags_accessories,2,114.80000000000001
2018-06-09,food,2,152.8
2018-06-09,furniture_decor,13,1108.4
2018-06-09,garden_tools,5,651.6999999999999
2018-06-09,health_beauty,19,2802.729999999999
2018-06-09,home_appliances,2,681.63
2018-06-09,home_appliances_2,2,1223.0
2018-06-09,home_construction,1,119.85
2018-06-09,housewares,16,1149.83
2018-06-09,industry_commerce_and_business,3,207.0
2018-06-09,luggage_accessories,1,52.82
2018-06-09,musical_instruments,3,1859.0
2018-06-09,office_furniture,1,119.99
2018-06-09,perfumery,5,1063.67
2018-06-09,pet_shop,1,158.0
2018-06-09,small_appliances,1,849.0
2018-06-09,sports_leisure,6,495.38
2018-06-09,stationery,9,325.0
2018-06-09,tablets_printing_image,1,50.0
2018-06-09,telephony,8,4290.449999999999
2018-06-09,toys,2,75.1
2018-06-09,watches_gifts,11,1395.89
2018-06-10,auto,15,1702.6000000000004
2018-06-10,baby,5,297.8
2018-06-10,bed_bath_table,32,2507.460000000001
2018-06-10,books_imported,1,59.89
2018-06-10,computers_accessories,7,580.68
2018-06-10,construction_tools_construction,3,385.97
2018-06-10,cool_stuff,3,564.98
2018-06-10,drinks,2,251.8
2018-06-10,electronics,7,313.76
2018-06-10,fashion_bags_accessories,3,233.5
2018-06-10,fashion_shoes,2,199.8
2018-06-10,fixed_telephony,1,18.99
2018-06-10,food_drink,1,14.9
2018-06-10,furniture_decor,3,179.70000000000002
2018-06-10,furniture_living_room,3,579.79
2018-06-10,garden_tools,2,236.0
2018-06-10,health_beauty,29,3723.1099999999997
2018-06-10,home_appliances,1,89.19
2018-06-10,home_confort,1,79.9
2018-06-10,home_construction,4,205.75
2018-06-10,housewares,33,2839.6800000000003
2018-06-10,kitchen_dining_laundry_garden_furniture,1,54.9
2018-06-10,luggage_accessories,1,58.0
2018-06-10,market_place,1,65.0
2018-06-10,perfumery,6,845.6899999999999
2018-06-10,pet_shop,12,1266.9100000000003
2018-06-10,signaling_and_security,1,105.0
2018-06-10,small_appliances,6,3092.7
2018-06-10,sports_leisure,7,782.58
2018-06-10,stationery,4,206.0
2018-06-10,telephony,7,200.76000000000002
2018-06-10,toys,4,345.88
2018-06-10,watches_gifts,12,3221.6800000000007
2018-06-11,agro_industry_and_commerce,1,260.0
2018-06-11,art,1,99.9
2018-06-11,audio,1,56.9
2018-06-11,auto,12,1454.79
2018-06-11,baby,7,1241.68
2018-06-11,bed_bath_table,33,3168.75
2018-06-11,books_general_interest,1,19.95
2018-06-11,books_technical,3,87.45
2018-06-11,cine_photo,2,17.7
2018-06-11,computers,6,4420.0
2018-06-11,computers_accessories,18,1629.2300000000005
2018-06-11,consoles_games,2,167.4
2018-06-11,construction_tools_construction,5,2816.0600000000004
2018-06-11,construction_tools_lights,1,29.0
2018-06-11,construction_tools_safety,1,289.98
2018-06-11,cool_stuff,5,2909.87
2018-06-11,costruction_tools_garden,1,47.99
2018-06-11,drinks,4,146.47
2018-06-11,electronics,12,538.81
2018-06-11,fashion_bags_accessories,4,255.70000000000002
2018-06-11,fashion_shoes,1,220.7
2018-06-11,fixed_telephony,2,155.99
2018-06-11,flowers,2,108.0
2018-06-11,food,4,113.6
2018-06-11,furniture_bedroom,1,287.0
2018-06-11,furniture_decor,21,3870.6100000000006
2018-06-11,furniture_living_room,4,634.79
2018-06-11,garden_tools,10,629.79
2018-06-11,health_beauty,34,5757.5199999999995
2018-06-11,home_appliances,1,104.0
2018-06-11,home_construction,6,935.6500000000001
2018-06-11,housewares,28,3608.57
2018-06-11,industry_commerce_and_business,1,120.0
2018-06-11,luggage_accessories,2,154.0
2018-06-11,office_furniture,2,424.79999999999995
2018-06-11,perfumery,22,3216.7000000000007
2018-06-11,pet_shop,5,434.40000000000003
2018-06-11,small_appliances,3,1128.89
2018-06-11,sports_leisure,18,1357.27
2018-06-11,stationery,8,646.3
2018-06-11,telephony,8,421.83000000000004
2018-06-11,toys,6,526.6800000000001
2018-06-11,watches_gifts,28,5015.209999999999
2018-06-12,agro_industry_and_commerce,1,35.0
2018-06-12,air_conditioning,1,1599.0
2018-06-12,art,3,234.97
2018-06-12,auto,10,2553.28
2018-06-12,baby,8,1298.69
2018-06-12,bed_bath_table,26,2311.4500000000003
2018-06-12,books_general_interest,1,24.9
2018-06-12,books_imported,1,59.89
2018-06-12,books_technical,2,72.84
2018-06-12,cine_photo,2,199.55
2018-06-12,computers_accessories,17,1570.82
2018-06-12,consoles_games,1,23.89
2018-06-12,construction_tools_construction,1,299.99
2018-06-12,construction_tools_lights,3,138.0
2018-06-12,cool_stuff,5,1147.97
2018-06-12,drinks,2,47.49
2018-06-12,electronics,12,718.17
2018-06-12,fashion_bags_accessories,1,320.0
2018-06-12,food,3,282.49
2018-06-12,furniture_decor,15,1693.27
2018-06-12,garden_tools,10,1106.88
2018-06-12,health_beauty,37,3184.850000000001
2018-06-12,home_appliances,3,272.0
2018-06-12,home_appliances_2,1,21.42
2018-06-12,housewares,19,1567.8700000000003
2018-06-12,industry_commerce_and_business,2,107.0
2018-06-12,musical_instruments,2,2146.9
2018-06-12,perfumery,8,1218.0900000000001
2018-06-12,pet_shop,5,475.64
2018-06-12,signaling_and_security,3,229.49
2018-06-12,small_appliances,1,399.79
2018-06-12,small_appliances_home_oven_and_coffee,2,2749.0
2018-06-12,sports_leisure,19,1592.48
2018-06-12,stationery,11,1871.3400000000001
2018-06-12,telephony,17,3647.2400000000007
2018-06-12,toys,8,1354.17
2018-06-12,watches_gifts,22,3691.38
2018-06-13,art,2,179.98
2018-06-13,auto,9,942.79
2018-06-13,baby,13,1136.52
2018-06-13,bed_bath_table,27,2223.86
2018-06-13,books_general_interest,4,248.79000000000002
2018-06-13,books_imported,2,83.88
2018-06-13,computers_accessories,9,1190.09
2018-06-13,consoles_games,2,188.89000000000001
2018-06-13,construction_tools_construction,6,843.3800000000001
2018-06-13,construction_tools_safety,1,34.89
2018-06-13,cool_stuff,3,459.38
2018-06-13,diapers_and_hygiene,1,37.0
2018-06-13,drinks,3,94.88
2018-06-13,dvds_blu_ray,2,79.98
2018-06-13,electronics,6,598.5
2018-06-13,fashion_bags_accessories,6,898.6899999999999
2018-06-13,fashion_shoes,1,59.99
2018-06-13,food,1,27.9
2018-06-13,furniture_decor,15,1178.77
2018-06-13,furniture_living_room,1,135.9
2018-06-13,garden_tools,8,767.26
2018-06-13,health_beauty,48,6224.209999999996
2018-06-13,home_appliances,2,232.4
2018-06-13,home_confort,1,139.99
2018-06-13,home_construction,3,309.9
2018-06-13,housewares,29,2340.7400000000007
2018-06-13,industry_commerce_and_business,1,69.0
2018-06-13,kitchen_dining_laundry_garden_furniture,2,278.0
2018-06-13,luggage_accessories,2,307.9
2018-06-13,market_place,1,27.93
2018-06-13,music,1,50.35
2018-06-13,office_furniture,3,677.88
2018-06-13,perfumery,8,1198.95
2018-06-13,pet_shop,7,701.47
2018-06-13,small_appliances,1,50.0
2018-06-13,sports_leisure,23,3126.3399999999992
2018-06-13,stationery,8,445.37000000000006
2018-06-13,telephony,9,253.82000000000002
2018-06-13,toys,7,823.1899999999999
2018-06-13,watches_gifts,20,4900.78
2018-06-14,art,1,49.9
2018-06-14,auto,7,977.27
2018-06-14,baby,9,891.7399999999999
2018-06-14,bed_bath_table,34,3003.0900000000006
2018-06-14,books_imported,1,59.89
2018-06-14,books_technical,1,108.99
2018-06-14,cine_photo,1,34.9
2018-06-14,computers_accessories,13,1079.44
2018-06-14,consoles_games,3,243.19
2018-06-14,construction_tools_construction,6,676.36
2018-06-14,construction_tools_lights,1,169.99
2018-06-14,construction_tools_safety,1,391.25
2018-06-14,cool_stuff,1,1013.4
2018-06-14,electronics,3,137.4
2018-06-14,fashion_bags_accessories,5,398.89
2018-06-14,furniture_decor,12,1381.5700000000002
2018-06-14,garden_tools,3,380.55
2018-06-14,health_beauty,38,4384.15
2018-06-14,home_appliances,2,123.89
2018-06-14,home_construction,2,353.85
2018-06-14,housewares,15,1467.0499999999997
2018-06-14,luggage_accessories,2,359.8
2018-06-14,market_place,1,27.93
2018-06-14,musical_instruments,2,219.0
2018-06-14,office_furniture,1,144.9
2018-06-14,perfumery,9,1088.3600000000001
2018-06-14,pet_shop,10,665.9599999999999
2018-06-14,signaling_and_security,1,319.9
2018-06-14,small_appliances,4,318.70000000000005
2018-06-14,small_appliances_home_oven_and_coffee,1,750.0
2018-06-14,sports_leisure,15,1691.3500000000001
2018-06-14,stationery,1,23.9
2018-06-14,telephony,4,220.97000000000003
2018-06-14,toys,8,1079.69
2018-06-14,watches_gifts,17,3098.48
2018-06-15,air_conditioning,1,48.9
2018-06-15,art,2,199.98
2018-06-15,audio,1,110.0
2018-06-15,auto,5,441.6
2018-06-15,baby,6,1185.14
2018-06-15,bed_bath_table,17,1727.3200000000004
2018-06-15,books_general_interest,2,99.96000000000001
2018-06-15,computers_accessories,7,869.0
2018-06-15,construction_tools_construction,3,1626.6000000000001
2018-06-15,construction_tools_lights,1,29.0
2018-06-15,construction_tools_safety,1,230.0
2018-06-15,cool_stuff,3,609.88
2018-06-15,electronics,6,368.08
2018-06-15,fashion_underwear_beach,5,19.5
2018-06-15,fixed_telephony,1,142.85
2018-06-15,furniture_decor,17,1774.5800000000004
2018-06-15,garden_tools,3,537.99
2018-06-15,health_beauty,33,4357.99
2018-06-15,home_appliances,2,124.78999999999999
2018-06-15,home_construction,1,101.9
2018-06-15,housewares,14,1077.25
2018-06-15,kitchen_dining_laundry_garden_furniture,2,245.9
2018-06-15,luggage_accessories,1,169.9
2018-06-15,music,1,54.88
2018-06-15,musical_instruments,4,937.04
2018-06-15,office_furniture,3,439.88
2018-06-15,perfumery,6,813.2800000000001
2018-06-15,pet_shop,5,666.84
2018-06-15,signaling_and_security,3,174.8
2018-06-15,small_appliances,2,2298.0
2018-06-15,sports_leisure,11,1014.97
2018-06-15,stationery,8,536.1999999999999
2018-06-15,telephony,6,110.38
2018-06-15,toys,8,1929.8000000000002
2018-06-15,watches_gifts,13,1209.59
2018-06-16,audio,1,14.9
2018-06-16,auto,9,1520.8400000000001
2018-06-16,baby,4,539.7
2018-06-16,bed_bath_table,24,1625.7300000000005
2018-06-16,books_general_interest,1,115.0
2018-06-16,computers_accessories,10,1023.99
2018-06-16,consoles_games,4,224.89000000000001
2018-06-16,construction_tools_construction,2,464.2
2018-06-16,construction_tools_safety,1,128.25
2018-06-16,cool_stuff,1,209.99
2018-06-16,costruction_tools_garden,1,33.0
2018-06-16,drinks,1,47.49
2018-06-16,dvds_blu_ray,2,269.0
2018-06-16,electronics,3,230.8
2018-06-16,fashion_bags_accessories,1,49.0
2018-06-16,fixed_telephony,1,125.0
2018-06-16,furniture_decor,9,886.5
2018-06-16,furniture_living_room,2,169.0
2018-06-16,garden_tools,4,314.88
2018-06-16,health_beauty,15,2381.16
2018-06-16,home_appliances,3,293.35
2018-06-16,home_construction,2,312.0
2018-06-16,housewares,13,2648.02
2018-06-16,musical_instruments,4,366.79
2018-06-16,office_furniture,3,362.82
2018-06-16,party_supplies,1,67.9
2018-06-16,perfumery,2,288.99
2018-06-16,pet_shop,7,998.87
2018-06-16,sports_leisure,12,2045.97
2018-06-16,stationery,2,117.0
2018-06-16,telephony,8,223.12
2018-06-16,toys,6,631.28
2018-06-16,watches_gifts,15,5557.739999999999
2018-06-17,air_conditioning,2,278.0
2018-06-17,art,1,99.99
2018-06-17,auto,3,207.99
2018-06-17,baby,4,217.79
2018-06-17,bed_bath_table,21,1782.14
2018-06-17,computers_accessories,5,186.86
2018-06-17,consoles_games,1,40.0
2018-06-17,construction_tools_construction,4,2312.95
2018-06-17,cool_stuff,2,274.89
2018-06-17,drinks,3,51.489999999999995
2018-06-17,electronics,6,93.88999999999999
2018-06-17,fashion_bags_accessories,4,474.89
2018-06-17,food,1,210.0
2018-06-17,furniture_decor,10,898.5
2018-06-17,furniture_living_room,1,44.9
2018-06-17,garden_tools,3,192.79
2018-06-17,health_beauty,18,1523.41
2018-06-17,home_appliances,1,40.8
2018-06-17,home_confort,1,219.0
2018-06-17,home_construction,2,199.75
2018-06-17,housewares,10,1352.68
2018-06-17,luggage_accessories,3,223.4
2018-06-17,musical_instruments,2,155.8
2018-06-17,perfumery,5,350.8
2018-06-17,pet_shop,7,656.87
2018-06-17,sports_leisure,11,1184.9700000000003
2018-06-17,stationery,7,233.67000000000002
2018-06-17,telephony,9,1109.86
2018-06-17,toys,7,617.86
2018-06-17,watches_gifts,20,2002.39
2018-06-18,art,2,138.99
2018-06-18,auto,12,3842.3300000000004
2018-06-18,baby,17,2044.7700000000002
2018-06-18,bed_bath_table,36,3052.360000000001
2018-06-18,books_general_interest,1,59.99
2018-06-18,books_technical,3,193.87
2018-06-18,computers_accessories,13,1087.92
2018-06-18,consoles_games,1,40.0
2018-06-18,construction_tools_construction,6,1639.3700000000001
2018-06-18,construction_tools_lights,1,169.99
2018-06-18,cool_stuff,1,109.13
2018-06-18,costruction_tools_garden,1,104.99
2018-06-18,diapers_and_hygiene,1,60.0
2018-06-18,drinks,2,40.98
2018-06-18,electronics,4,139.70000000000002
2018-06-18,fashion_bags_accessories,3,567.99
2018-06-18,fashion_shoes,1,169.79
2018-06-18,furniture_decor,19,1505.7099999999998
2018-06-18,garden_tools,2,187.5
2018-06-18,health_beauty,38,5312.34
2018-06-18,home_appliances,1,89.9
2018-06-18,home_construction,4,353.75
2018-06-18,housewares,13,894.27
2018-06-18,industry_commerce_and_business,1,117.0
2018-06-18,luggage_accessories,2,239.9
2018-06-18,office_furniture,4,816.8199999999999
2018-06-18,perfumery,9,1583.92
2018-06-18,pet_shop,7,367.09
2018-06-18,small_appliances,1,50.0
2018-06-18,sports_leisure,17,1983.3000000000002
2018-06-18,stationery,8,488.72999999999996
2018-06-18,telephony,12,1206.3300000000002
2018-06-18,toys,7,707.68
2018-06-18,watches_gifts,26,4358.09
2018-06-19,art,1,55.0
2018-06-19,audio,1,14.9
2018-06-19,auto,14,1460.0700000000002
2018-06-19,baby,11,943.3599999999999
2018-06-19,bed_bath_table,29,3777.2600000000007
2018-06-19,books_general_interest,4,151.69
2018-06-19,books_technical,1,29.9
2018-06-19,christmas_supplies,1,38.9
2018-06-19,cine_photo,1,10.9
2018-06-19,computers,3,1977.0
2018-06-19,computers_accessories,13,1067.24
2018-06-19,consoles_games,1,36.2
2018-06-19,construction_tools_lights,4,431.98
2018-06-19,construction_tools_safety,1,289.98
2018-06-19,cool_stuff,4,903.89
2018-06-19,drinks,1,75.0
2018-06-19,electronics,5,265.54
2018-06-19,fashion_bags_accessories,2,374.0
2018-06-19,fashion_shoes,1,220.7
2018-06-19,fixed_telephony,2,538.0
2018-06-19,food,1,27.9
2018-06-19,furniture_decor,13,1557.2500000000005
2018-06-19,furniture_living_room,3,152.7
2018-06-19,garden_tools,8,761.96
2018-06-19,health_beauty,29,3257.7699999999995
2018-06-19,home_appliances,3,332.75
2018-06-19,home_appliances_2,2,2450.99
2018-06-19,home_confort,1,79.9
2018-06-19,home_construction,4,439.45000000000005
2018-06-19,housewares,15,2231.5
2018-06-19,kitchen_dining_laundry_garden_furniture,2,96.0
2018-06-19,luggage_accessories,1,163.0
2018-06-19,office_furniture,5,1019.59
2018-06-19,perfumery,5,1060.1
2018-06-19,pet_shop,4,484.79999999999995
2018-06-19,small_appliances,1,153.0
2018-06-19,sports_leisure,15,2001.7700000000002
2018-06-19,stationery,6,979.9599999999999
2018-06-19,telephony,8,435.85
2018-06-19,toys,7,796.27
2018-06-19,watches_gifts,22,2549.69
2018-06-20,auto,5,497.47
2018-06-20,baby,5,910.87
2018-06-20,bed_bath_table,38,4445.78
2018-06-20,books_general_interest,2,139.9
2018-06-20,books_technical,3,352.73999999999995
2018-06-20,computers_accessories,25,2097.6400000000003
2018-06-20,consoles_games,2,109.99
2018-06-20,construction_tools_construction,5,740.36
2018-06-20,construction_tools_lights,1,29.0
2018-06-20,construction_tools_safety,1,138.9
2018-06-20,cool_stuff,4,844.89
2018-06-20,diapers_and_hygiene,1,60.0
2018-06-20,drinks,1,11.49
2018-06-20,electronics,7,408.42999999999995
2018-06-20,fashion_bags_accessories,2,239.8
2018-06-20,food,1,95.0
2018-06-20,furniture_bedroom,2,160.0
2018-06-20,furniture_decor,10,1179.8500000000001
2018-06-20,furniture_living_room,2,136.0
2018-06-20,garden_tools,9,877.8399999999999
2018-06-20,health_beauty,35,2216.4900000000002
2018-06-20,housewares,14,2349.9
2018-06-20,industry_commerce_and_business,1,329.0
2018-06-20,kitchen_dining_laundry_garden_furniture,1,89.9
2018-06-20,luggage_accessories,2,163.5
2018-06-20,musical_instruments,1,23.9
2018-06-20,office_furniture,3,305.82
2018-06-20,perfumery,8,1445.37
2018-06-20,pet_shop,9,1859.5
2018-06-20,signaling_and_security,1,43.5
2018-06-20,small_appliances,1,193.0
2018-06-20,sports_leisure,14,1176.2700000000002
2018-06-20,stationery,3,259.70000000000005
2018-06-20,telephony,9,1948.3500000000001
2018-06-20,toys,7,335.15
2018-06-20,watches_gifts,15,2507.6900000000005
2018-06-21,air_conditioning,1,46.2
2018-06-21,auto,16,2254.53
2018-06-21,baby,5,712.74
2018-06-21,bed_bath_table,26,1915.3500000000004
2018-06-21,books_technical,1,68.99
2018-06-21,computers_accessories,24,2508.75
2018-06-21,consoles_games,1,40.0
2018-06-21,construction_tools_construction,7,1237.6
2018-06-21,construction_tools_lights,1,46.0
2018-06-21,cool_stuff,6,930.79
2018-06-21,drinks,2,119.8
2018-06-21,electronics,9,704.3199999999999
2018-06-21,fashion_bags_accessories,2,128.9
2018-06-21,fashion_male_clothing,2,80.0
2018-06-21,fixed_telephony,1,419.99
2018-06-21,food_drink,2,80.71000000000001
2018-06-21,furniture_bedroom,1,80.0
2018-06-21,furniture_decor,13,1333.38
2018-06-21,garden_tools,2,154.99
2018-06-21,health_beauty,39,3621.890000000001
2018-06-21,home_appliances,2,475.15
2018-06-21,home_appliances_2,3,285.8
2018-06-21,housewares,22,1463.2900000000002
2018-06-21,kitchen_dining_laundry_garden_furniture,1,56.9
2018-06-21,luggage_accessories,3,366.4
2018-06-21,office_furniture,4,579.87
2018-06-21,perfumery,4,563.66
2018-06-21,pet_shop,4,354.59
2018-06-21,small_appliances,2,223.3
2018-06-21,sports_leisure,15,2098.59
2018-06-21,stationery,4,449.9
2018-06-21,telephony,11,300.86
2018-06-21,toys,4,493.84
2018-06-21,watches_gifts,21,3398.6000000000004
2018-06-22,agro_industry_and_commerce,2,599.0
2018-06-22,art,1,149.99
2018-06-22,audio,2,29.8
2018-06-22,auto,13,1341.5700000000002
2018-06-22,baby,5,277.68
2018-06-22,bed_bath_table,16,1521.09
2018-06-22,computers,1,4590.0
2018-06-22,computers_accessories,13,1390.8400000000004
2018-06-22,consoles_games,3,737.0
2018-06-22,construction_tools_construction,5,464.96000000000004
2018-06-22,construction_tools_safety,1,226.18
2018-06-22,drinks,1,11.49
2018-06-22,electronics,9,340.34999999999997
2018-06-22,fashion_bags_accessories,4,223.79000000000002
2018-06-22,fixed_telephony,1,125.0
2018-06-22,furniture_decor,10,545.39
2018-06-22,garden_tools,5,396.78000000000003
2018-06-22,health_beauty,20,2627.3700000000003
2018-06-22,home_appliances,3,435.5
2018-06-22,home_confort,1,129.0
2018-06-22,housewares,15,1113.6000000000001
2018-06-22,kitchen_dining_laundry_garden_furniture,2,156.89
2018-06-22,music,1,3.85
2018-06-22,musical_instruments,2,506.9
2018-06-22,office_furniture,3,539.8199999999999
2018-06-22,perfumery,3,268.99
2018-06-22,pet_shop,4,282.39
2018-06-22,small_appliances,1,69.9
2018-06-22,sports_leisure,25,2005.3000000000002
2018-06-22,stationery,4,463.79
2018-06-22,telephony,9,213.32000000000002
2018-06-22,toys,3,294.8
2018-06-22,watches_gifts,14,2393.1000000000004
2018-06-23,audio,2,73.9
2018-06-23,auto,5,801.39
2018-06-23,baby,4,630.5500000000001
2018-06-23,bed_bath_table,18,1392.08
2018-06-23,books_general_interest,1,19.95
2018-06-23,books_technical,3,179.87
2018-06-23,christmas_supplies,1,19.83
2018-06-23,cine_photo,1,11.9
2018-06-23,computers_accessories,9,803.58
2018-06-23,construction_tools_construction,2,169.79
2018-06-23,construction_tools_lights,5,230.0
2018-06-23,cool_stuff,4,728.88
2018-06-23,costruction_tools_garden,1,72.9
2018-06-23,drinks,1,35.0
2018-06-23,electronics,6,201.75000000000003
2018-06-23,fashion_bags_accessories,1,32.0
2018-06-23,furniture_decor,11,1416.47
2018-06-23,furniture_living_room,2,136.0
2018-06-23,garden_tools,2,99.8
2018-06-23,health_beauty,25,3381.9000000000005
2018-06-23,home_appliances,2,56.3
2018-06-23,home_construction,3,115.9
2018-06-23,housewares,14,1437.4900000000002
2018-06-23,kitchen_dining_laundry_garden_furniture,1,89.9
2018-06-23,luggage_accessories,1,119.9
2018-06-23,musical_instruments,2,1059.77
2018-06-23,office_furniture,1,146.94
2018-06-23,pet_shop,4,557.96
2018-06-23,signaling_and_security,1,180.9
2018-06-23,sports_leisure,9,1031.5900000000001
2018-06-23,stationery,7,251.76000000000005
2018-06-23,telephony,6,212.95000000000002
2018-06-23,toys,4,145.88
2018-06-23,watches_gifts,9,1400.6
2018-06-24,agro_industry_and_commerce,1,35.0
2018-06-24,art,2,154.99
2018-06-24,audio,3,645.89
2018-06-24,auto,8,565.39
2018-06-24,baby,7,766.17
2018-06-24,bed_bath_table,30,3542.6500000000005
2018-06-24,books_general_interest,2,556.9
2018-06-24,books_imported,1,59.89
2018-06-24,computers_accessories,7,499.68999999999994
2018-06-24,consoles_games,1,189.9
2018-06-24,construction_tools_construction,6,300.37
2018-06-24,construction_tools_lights,1,46.0
2018-06-24,cool_stuff,5,924.78
2018-06-24,drinks,1,152.42
2018-06-24,electronics,7,943.3700000000001
2018-06-24,fashion_bags_accessories,2,123.99000000000001
2018-06-24,food,1,27.9
2018-06-24,food_drink,1,29.7
2018-06-24,furniture_decor,11,1004.3899999999999
2018-06-24,garden_tools,2,238.99
2018-06-24,health_beauty,38,3057.070000000001
2018-06-24,home_appliances,1,29.9
2018-06-24,home_appliances_2,1,2110.0
2018-06-24,home_confort,1,129.0
2018-06-24,home_construction,5,613.8
2018-06-24,housewares,19,1455.78
2018-06-24,industry_commerce_and_business,2,238.0
2018-06-24,kitchen_dining_laundry_garden_furniture,1,67.9
2018-06-24,luggage_accessories,1,149.0
2018-06-24,market_place,1,47.9
2018-06-24,office_furniture,3,277.97
2018-06-24,perfumery,4,613.8
2018-06-24,pet_shop,4,322.05
2018-06-24,signaling_and_security,3,353.49
2018-06-24,small_appliances,4,247.8
2018-06-24,sports_leisure,12,1143.3700000000001
2018-06-24,stationery,2,214.4
2018-06-24,telephony,3,88.97
2018-06-24,toys,3,350.02
2018-06-24,watches_gifts,10,1985.0
2018-06-25,agro_industry_and_commerce,1,124.9
2018-06-25,art,1,139.0
2018-06-25,audio,3,88.80000000000001
2018-06-25,auto,13,4042.9799999999996
2018-06-25,baby,4,739.73
2018-06-25,bed_bath_table,16,1237.05
2018-06-25,books_general_interest,3,736.8
2018-06-25,christmas_supplies,1,69.9
2018-06-25,computers_accessories,27,2917.07
2018-06-25,consoles_games,2,583.4
2018-06-25,construction_tools_construction,8,2943.3899999999994
2018-06-25,construction_tools_lights,1,113.3
2018-06-25,cool_stuff,4,560.69
2018-06-25,diapers_and_hygiene,1,60.0
2018-06-25,dvds_blu_ray,1,8.9
2018-06-25,electronics,15,709.54
2018-06-25,fashion_bags_accessories,4,156.88
2018-06-25,fashion_male_clothing,1,40.9
2018-06-25,fashion_underwear_beach,1,59.9
2018-06-25,fixed_telephony,2,155.8
2018-06-25,food,1,27.9
2018-06-25,furniture_decor,16,1453.4700000000003
2018-06-25,furniture_living_room,4,548.88
2018-06-25,garden_tools,13,1614.4
2018-06-25,health_beauty,31,2357.26
2018-06-25,home_appliances,4,202.99
2018-06-25,home_construction,4,844.6
2018-06-25,housewares,17,1032.71
2018-06-25,industry_commerce_and_business,2,136.0
2018-06-25,kitchen_dining_laundry_garden_furniture,2,113.8
2018-06-25,luggage_accessories,1,99.0
2018-06-25,musical_instruments,2,1684.0
2018-06-25,office_furniture,4,629.77
2018-06-25,perfumery,5,303.4
2018-06-25,pet_shop,2,158.9
2018-06-25,signaling_and_security,1,79.9
2018-06-25,small_appliances,1,950.0
2018-06-25,sports_leisure,26,2506.5600000000004
2018-06-25,stationery,3,498.69
2018-06-25,telephony,4,735.97
2018-06-25,toys,5,289.49
2018-06-25,watches_gifts,21,3589.9000000000005
2018-06-26,art,2,199.98
2018-06-26,auto,16,1263.5700000000002
2018-06-26,baby,7,734.57
2018-06-26,bed_bath_table,40,4353.349999999999
2018-06-26,books_imported,1,59.89
2018-06-26,christmas_supplies,1,35.0
2018-06-26,cine_photo,4,40.0
2018-06-26,computers_accessories,12,1393.7900000000002
2018-06-26,construction_tools_construction,3,235.84
2018-06-26,construction_tools_lights,2,229.99
2018-06-26,construction_tools_safety,2,164.79
2018-06-26,cool_stuff,7,1053.3
2018-06-26,electronics,6,502.88
2018-06-26,fashion_bags_accessories,5,447.69999999999993
2018-06-26,fashion_male_clothing,1,169.0
2018-06-26,food,1,27.9
2018-06-26,furniture_decor,22,2804.350000000001
2018-06-26,garden_tools,13,1352.88
2018-06-26,health_beauty,29,2727.9
2018-06-26,home_appliances,1,361.9
2018-06-26,home_appliances_2,1,429.99
2018-06-26,home_construction,5,384.94999999999993
2018-06-26,housewares,19,1670.89
2018-06-26,market_place,1,249.9
2018-06-26,musical_instruments,3,210.2
2018-06-26,office_furniture,4,356.90999999999997
2018-06-26,perfumery,6,780.1
2018-06-26,pet_shop,5,366.70000000000005
2018-06-26,signaling_and_security,2,462.0
2018-06-26,small_appliances,3,231.44
2018-06-26,sports_leisure,14,1192.8700000000001
2018-06-26,stationery,4,264.98
2018-06-26,telephony,13,1431.83
2018-06-26,toys,9,993.7099999999999
2018-06-26,watches_gifts,21,3222.55
2018-06-27,agro_industry_and_commerce,1,549.0
2018-06-27,art,1,68.9
2018-06-27,auto,12,887.31
2018-06-27,baby,11,1156.56
2018-06-27,bed_bath_table,16,1963.0900000000006
2018-06-27,books_general_interest,3,190.8
2018-06-27,computers_accessories,12,1315.8100000000002
2018-06-27,consoles_games,5,324.8
2018-06-27,construction_tools_construction,2,179.9
2018-06-27,construction_tools_lights,3,316.6
2018-06-27,construction_tools_safety,1,25.0
2018-06-27,cool_stuff,4,685.36
2018-06-27,costruction_tools_garden,2,286.89
2018-06-27,electronics,2,69.9
2018-06-27,fixed_telephony,1,77.9
2018-06-27,food,1,27.9
2018-06-27,food_drink,1,44.06
2018-06-27,furniture_decor,24,2002.1200000000006
2018-06-27,furniture_living_room,2,524.99
2018-06-27,garden_tools,20,1535.020000000001
2018-06-27,health_beauty,36,3667.9499999999994
2018-06-27,home_appliances,1,69.9
2018-06-27,home_appliances_2,2,1223.0
2018-06-27,home_confort,2,313.9
2018-06-27,home_construction,1,56.9
2018-06-27,housewares,19,1670.0200000000002
2018-06-27,industry_commerce_and_business,1,60.0
2018-06-27,kitchen_dining_laundry_garden_furniture,2,347.0
2018-06-27,luggage_accessories,1,77.5
2018-06-27,musical_instruments,3,1049.0
2018-06-27,office_furniture,1,349.9
2018-06-27,perfumery,4,696.69
2018-06-27,pet_shop,7,389.92
2018-06-27,sports_leisure,10,1290.0800000000002
2018-06-27,stationery,1,45.0
2018-06-27,telephony,1,18.9
2018-06-27,toys,8,553.26
2018-06-27,watches_gifts,19,2385.65
2018-06-28,agro_industry_and_commerce,1,199.9
2018-06-28,art,2,129.98
2018-06-28,auto,12,2955.74
2018-06-28,baby,7,624.58
2018-06-28,bed_bath_table,31,2460.5800000000013
2018-06-28,computers_accessories,21,1966.2000000000005
2018-06-28,consoles_games,2,139.8
2018-06-28,construction_tools_construction,7,625.49
2018-06-28,construction_tools_lights,1,169.0
2018-06-28,cool_stuff,5,632.79
2018-06-28,electronics,6,426.36
2018-06-28,fashion_bags_accessories,6,271.77000000000004
2018-06-28,fixed_telephony,1,125.0
2018-06-28,furniture_bedroom,3,595.99
2018-06-28,furniture_decor,21,1364.18
2018-06-28,furniture_living_room,1,99.99
2018-06-28,garden_tools,4,187.19
2018-06-28,health_beauty,46,4415.12
2018-06-28,home_appliances,4,227.09
2018-06-28,home_appliances_2,2,222.9
2018-06-28,home_construction,1,79.9
2018-06-28,housewares,24,2666.4399999999996
2018-06-28,industry_commerce_and_business,4,372.0
2018-06-28,musical_instruments,3,727.9
2018-06-28,office_furniture,3,492.74
2018-06-28,perfumery,7,1156.02
2018-06-28,pet_shop,7,539.26
2018-06-28,small_appliances,1,159.9
2018-06-28,sports_leisure,17,2455.88
2018-06-28,stationery,4,217.79
2018-06-28,telephony,6,344.26000000000005
2018-06-28,toys,7,481.07
2018-06-28,watches_gifts,13,3148.19
2018-06-29,audio,3,84.7
2018-06-29,auto,6,549.69
2018-06-29,baby,3,729.8
2018-06-29,bed_bath_table,19,1489.6600000000003
2018-06-29,books_general_interest,1,55.9
2018-06-29,books_imported,1,59.89
2018-06-29,computers_accessories,13,1505.0500000000002
2018-06-29,construction_tools_construction,3,1734.9
2018-06-29,cool_stuff,6,507.05000000000007
2018-06-29,costruction_tools_garden,1,24.99
2018-06-29,drinks,1,33.49
2018-06-29,electronics,9,194.83
2018-06-29,fashion_bags_accessories,2,129.9
2018-06-29,fashion_male_clothing,1,40.0
2018-06-29,food,2,82.39
2018-06-29,furniture_decor,13,2859.7400000000002
2018-06-29,furniture_living_room,2,139.98
2018-06-29,garden_tools,3,258.89
2018-06-29,health_beauty,21,1553.3400000000001
2018-06-29,home_appliances,2,38.4
2018-06-29,housewares,20,1812.4500000000005
2018-06-29,kitchen_dining_laundry_garden_furniture,1,159.0
2018-06-29,luggage_accessories,1,79.0
2018-06-29,office_furniture,4,100.0
2018-06-29,perfumery,2,243.0
2018-06-29,pet_shop,9,1003.9799999999999
2018-06-29,small_appliances,1,89.0
2018-06-29,sports_leisure,11,1539.0500000000002
2018-06-29,stationery,9,445.67999999999995
2018-06-29,telephony,7,211.85000000000002
2018-06-29,toys,4,529.78
2018-06-29,watches_gifts,11,1962.6000000000001
2018-06-30,air_conditioning,1,31.0
2018-06-30,art,1,99.99
2018-06-30,auto,5,567.6999999999999
2018-06-30,baby,9,729.48
2018-06-30,bed_bath_table,13,1218.17
2018-06-30,books_technical,1,35.0
2018-06-30,cine_photo,1,11.9
2018-06-30,computers,1,560.0
2018-06-30,computers_accessories,6,668.01
2018-06-30,consoles_games,3,161.19
2018-06-30,construction_tools_construction,3,270.97
2018-06-30,construction_tools_lights,1,113.3
2018-06-30,cool_stuff,3,449.88
2018-06-30,drinks,1,35.0
2018-06-30,electronics,3,57.65
2018-06-30,fashion_bags_accessories,1,295.0
2018-06-30,fixed_telephony,1,33.0
2018-06-30,furniture_decor,9,668.3
2018-06-30,garden_tools,6,961.16
2018-06-30,health_beauty,15,1130.98
2018-06-30,home_appliances,3,421.1
2018-06-30,home_confort,1,79.9
2018-06-30,housewares,13,2654.64
2018-06-30,industry_commerce_and_business,1,98.0
2018-06-30,office_furniture,1,159.98
2018-06-30,perfumery,1,119.4
2018-06-30,pet_shop,5,276.31
2018-06-30,small_appliances,1,950.0
2018-06-30,sports_leisure,12,1486.24
2018-06-30,telephony,5,147.97
2018-06-30,toys,6,464.77
2018-06-30,watches_gifts,4,353.89
2018-07-01,air_conditioning,1,99.0
2018-07-01,art,1,45.08
2018-07-01,auto,5,265.29
2018-07-01,baby,4,367.78999999999996
2018-07-01,bed_bath_table,19,1251.7400000000002
2018-07-01,computers,1,560.0
2018-07-01,computers_accessories,12,691.5699999999999
2018-07-01,consoles_games,6,358.96
2018-07-01,construction_tools_construction,5,258.97
2018-07-01,construction_tools_lights,2,261.72
2018-07-01,cool_stuff,5,611.4200000000001
2018-07-01,electronics,9,400.00999999999993
2018-07-01,fashion_bags_accessories,4,179.68
2018-07-01,furniture_decor,13,1824.4300000000003
2018-07-01,furniture_living_room,1,99.0
2018-07-01,garden_tools,12,921.18
2018-07-01,health_beauty,10,877.1299999999999
2018-07-01,home_appliances,2,141.19
2018-07-01,home_construction,2,375.0
2018-07-01,housewares,23,2189.55
2018-07-01,musical_instruments,3,1870.0
2018-07-01,pet_shop,8,911.68
2018-07-01,small_appliances,1,6.5
2018-07-01,sports_leisure,9,1937.69
2018-07-01,stationery,4,640.0
2018-07-01,telephony,1,855.0
2018-07-01,toys,5,613.79
2018-07-01,watches_gifts,16,5272.1
2018-07-02,art,1,99.99
2018-07-02,auto,9,515.77
2018-07-02,baby,5,652.29
2018-07-02,bed_bath_table,19,1683.4300000000003
2018-07-02,books_general_interest,2,554.8
2018-07-02,books_imported,2,137.88
2018-07-02,books_technical,1,53.99
2018-07-02,christmas_supplies,1,24.9
2018-07-02,computers_accessories,14,1578.28
2018-07-02,consoles_games,4,1080.39
2018-07-02,construction_tools_construction,4,745.06
2018-07-02,cool_stuff,3,488.8
2018-07-02,costruction_tools_garden,1,89.0
2018-07-02,electronics,4,52.39
2018-07-02,fashion_bags_accessories,1,69.0
2018-07-02,food,3,154.19
2018-07-02,furniture_decor,23,2729.440000000001
2018-07-02,garden_tools,9,728.68
2018-07-02,health_beauty,23,1674.5700000000002
2018-07-02,home_appliances,1,36.2
2018-07-02,home_construction,3,338.75
2018-07-02,housewares,17,1123.8700000000001
2018-07-02,kitchen_dining_laundry_garden_furniture,1,139.0
2018-07-02,music,1,763.5
2018-07-02,perfumery,7,659.54
2018-07-02,pet_shop,8,888.86
2018-07-02,signaling_and_security,6,1050.0
2018-07-02,small_appliances,1,255.0
2018-07-02,sports_leisure,13,1180.2999999999997
2018-07-02,stationery,4,231.8
2018-07-02,telephony,3,87.97
2018-07-02,toys,5,437.78
2018-07-02,watches_gifts,15,2552.88
2018-07-03,air_conditioning,1,144.88
2018-07-03,art,1,99.99
2018-07-03,auto,6,584.8
2018-07-03,baby,7,618.73
2018-07-03,bed_bath_table,24,1789.9400000000003
2018-07-03,books_general_interest,1,514.9
2018-07-03,books_imported,2,129.98
2018-07-03,books_technical,3,266.96999999999997
2018-07-03,computers_accessories,11,1314.36
2018-07-03,consoles_games,6,1103.6800000000003
2018-07-03,construction_tools_construction,4,977.4999999999999
2018-07-03,construction_tools_lights,1,124.17
2018-07-03,cool_stuff,3,344.8
2018-07-03,costruction_tools_garden,2,51.4
2018-07-03,electronics,5,178.72
2018-07-03,fashion_bags_accessories,1,49.0
2018-07-03,food,2,136.02
2018-07-03,furniture_decor,7,786.54
2018-07-03,furniture_mattress_and_upholstery,1,129.9
2018-07-03,garden_tools,3,239.99
2018-07-03,health_beauty,37,4040.8899999999985
2018-07-03,home_appliances,1,117.6
2018-07-03,home_appliances_2,1,109.9
2018-07-03,home_construction,1,95.2
2018-07-03,housewares,25,2076.42
2018-07-03,kitchen_dining_laundry_garden_furniture,2,588.9
2018-07-03,luggage_accessories,1,14.5
2018-07-03,office_furniture,3,474.88
2018-07-03,perfumery,9,1003.18
2018-07-03,pet_shop,2,147.88
2018-07-03,signaling_and_security,1,180.9
2018-07-03,small_appliances,1,349.0
2018-07-03,small_appliances_home_oven_and_coffee,2,954.0
2018-07-03,sports_leisure,22,3209.92
2018-07-03,stationery,5,505.79999999999995
2018-07-03,telephony,9,289.11
2018-07-03,toys,7,559.5
2018-07-03,watches_gifts,16,1795.67
2018-07-04,agro_industry_and_commerce,2,613.9
2018-07-04,air_conditioning,1,209.9
2018-07-04,audio,1,598.99
2018-07-04,auto,18,2159.8700000000003
2018-07-04,baby,7,1839.5900000000001
2018-07-04,bed_bath_table,37,3015.060000000001
2018-07-04,books_technical,1,57.89
2018-07-04,cine_photo,1,112.9
2018-07-04,computers,1,580.0
2018-07-04,computers_accessories,17,2669.27
2018-07-04,construction_tools_construction,4,728.59
2018-07-04,cool_stuff,5,610.13
2018-07-04,drinks,2,93.0
2018-07-04,electronics,2,88.0
2018-07-04,fashion_bags_accessories,5,313.28
2018-07-04,fashion_underwear_beach,1,49.9
2018-07-04,food,1,27.9
2018-07-04,food_drink,1,58.32
2018-07-04,furniture_decor,19,1240.78
2018-07-04,furniture_living_room,2,249.89
2018-07-04,garden_tools,4,1211.8899999999999
2018-07-04,health_beauty,34,4219.26
2018-07-04,home_appliances,4,217.54
2018-07-04,home_appliances_2,1,1999.99
2018-07-04,home_construction,2,245.10000000000002
2018-07-04,housewares,29,1936.8200000000004
2018-07-04,industry_commerce_and_business,1,210.0
2018-07-04,kitchen_dining_laundry_garden_furniture,1,56.9
2018-07-04,luggage_accessories,1,79.0
2018-07-04,office_furniture,1,25.0
2018-07-04,perfumery,10,1340.0
2018-07-04,pet_shop,7,582.9399999999999
2018-07-04,signaling_and_security,3,759.9
2018-07-04,small_appliances,1,62.99
2018-07-04,sports_leisure,18,1791.5599999999997
2018-07-04,stationery,5,264.39
2018-07-04,telephony,7,840.86
2018-07-04,toys,9,1052.98
2018-07-04,watches_gifts,18,2645.59
2018-07-05,art,1,39.0
2018-07-05,auto,10,1557.1100000000001
2018-07-05,baby,11,782.18
2018-07-05,bed_bath_table,21,2308.0600000000004
2018-07-05,books_general_interest,3,404.89
2018-07-05,books_imported,1,44.99
2018-07-05,books_technical,1,93.99
2018-07-05,computers_accessories,14,1485.6800000000003
2018-07-05,construction_tools_construction,1,39.28
2018-07-05,cool_stuff,3,506.98
2018-07-05,electronics,4,554.54
2018-07-05,food,3,124.19
2018-07-05,food_drink,1,29.7
2018-07-05,furniture_decor,18,1797.57
2018-07-05,garden_tools,11,2043.38
2018-07-05,health_beauty,31,3973.670000000001
2018-07-05,home_appliances,4,433.55
2018-07-05,home_appliances_2,1,1399.99
2018-07-05,home_construction,3,260.21000000000004
2018-07-05,housewares,16,3137.2000000000007
2018-07-05,industry_commerce_and_business,1,62.21
2018-07-05,kitchen_dining_laundry_garden_furniture,3,290.0
2018-07-05,luggage_accessories,3,164.15
2018-07-05,office_furniture,1,144.9
2018-07-05,perfumery,2,75.8
2018-07-05,pet_shop,1,199.9
2018-07-05,small_appliances,3,321.4
2018-07-05,sports_leisure,14,1730.6699999999998
2018-07-05,stationery,3,208.5
2018-07-05,telephony,9,496.18
2018-07-05,toys,5,484.59
2018-07-05,watches_gifts,15,3156.2000000000003
2018-07-06,auto,6,367.38
2018-07-06,baby,3,288.7
2018-07-06,bed_bath_table,7,634.58
2018-07-06,computers_accessories,8,620.97
2018-07-06,construction_tools_construction,1,1260.0
2018-07-06,construction_tools_lights,1,129.9
2018-07-06,construction_tools_safety,1,99.0
2018-07-06,cool_stuff,4,416.69000000000005
2018-07-06,electronics,1,89.0
2018-07-06,furniture_decor,15,1215.8700000000001
2018-07-06,furniture_living_room,3,209.96999999999997
2018-07-06,garden_tools,2,871.98
2018-07-06,health_beauty,15,2112.57
2018-07-06,home_appliances,2,169.0
2018-07-06,home_construction,2,295.2
2018-07-06,housewares,11,1466.4700000000003
2018-07-06,industry_commerce_and_business,1,3089.0
2018-07-06,kitchen_dining_laundry_garden_furniture,1,67.9
2018-07-06,luggage_accessories,1,14.5
2018-07-06,office_furniture,1,89.99
2018-07-06,pet_shop,3,346.8
2018-07-06,small_appliances,1,69.9
2018-07-06,sports_leisure,18,2027.1900000000005
2018-07-06,stationery,9,1304.3
2018-07-06,telephony,1,27.99
2018-07-06,toys,2,103.80000000000001
2018-07-06,watches_gifts,9,1350.99
2018-07-07,auto,6,874.38
2018-07-07,baby,2,45.5
2018-07-07,bed_bath_table,8,847.76
2018-07-07,computers_accessories,7,257.43
2018-07-07,consoles_games,1,34.9
2018-07-07,construction_tools_construction,1,24.33
2018-07-07,cool_stuff,1,34.99
2018-07-07,costruction_tools_tools,2,438.0
2018-07-07,electronics,2,204.7
2018-07-07,fashion_bags_accessories,1,35.0
2018-07-07,furniture_decor,2,224.0
2018-07-07,furniture_living_room,2,99.88999999999999
2018-07-07,garden_tools,4,151.29
2018-07-07,health_beauty,19,1407.29
2018-07-07,home_confort,1,79.9
2018-07-07,home_construction,1,79.9
2018-07-07,housewares,5,469.71999999999997
2018-07-07,luggage_accessories,2,77.4
2018-07-07,office_furniture,4,439.93000000000006
2018-07-07,perfumery,1,54.9
2018-07-07,pet_shop,3,518.8
2018-07-07,small_appliances,1,38.62
2018-07-07,small_appliances_home_oven_and_coffee,1,795.0
2018-07-07,sports_leisure,10,646.46
2018-07-07,stationery,1,15.99
2018-07-07,telephony,2,38.989999999999995
2018-07-07,toys,3,215.79
2018-07-07,watches_gifts,6,665.9
2018-07-08,art,2,199.98
2018-07-08,auto,4,135.88
2018-07-08,baby,5,270.7
2018-07-08,bed_bath_table,9,1183.1899999999998
2018-07-08,books_general_interest,1,69.9
2018-07-08,computers_accessories,7,881.5799999999999
2018-07-08,construction_tools_construction,5,219.5
2018-07-08,construction_tools_lights,4,689.96
2018-07-08,construction_tools_safety,1,99.0
2018-07-08,cool_stuff,1,65.0
2018-07-08,costruction_tools_garden,3,254.9
2018-07-08,electronics,4,51.03
2018-07-08,fashion_bags_accessories,2,67.4
2018-07-08,fixed_telephony,1,33.0
2018-07-08,food,3,83.69999999999999
2018-07-08,furniture_decor,5,552.7
2018-07-08,furniture_living_room,1,69.99
2018-07-08,garden_tools,3,905.75
2018-07-08,health_beauty,22,1581.5800000000004
2018-07-08,home_appliances,2,20.0
2018-07-08,home_construction,1,225.0
2018-07-08,housewares,6,495.9
2018-07-08,office_furniture,2,379.97
2018-07-08,perfumery,10,329.26
2018-07-08,pet_shop,3,439.65
2018-07-08,small_appliances,2,42.72
2018-07-08,sports_leisure,18,1488.1899999999994
2018-07-08,stationery,1,437.0
2018-07-08,telephony,4,470.69
2018-07-08,toys,3,188.60000000000002
2018-07-08,watches_gifts,6,2132.98
2018-07-09,auto,8,792.25
2018-07-09,baby,8,818.58
2018-07-09,bed_bath_table,11,1032.6399999999999
2018-07-09,cine_photo,1,99.95
2018-07-09,computers_accessories,7,638.48
2018-07-09,consoles_games,1,68.0
2018-07-09,construction_tools_construction,3,338.32
2018-07-09,construction_tools_lights,2,29.8
2018-07-09,construction_tools_safety,1,99.0
2018-07-09,cool_stuff,8,996.27
2018-07-09,costruction_tools_tools,1,232.75
2018-07-09,electronics,2,30.24
2018-07-09,food,1,27.9
2018-07-09,furniture_decor,5,795.79
2018-07-09,furniture_living_room,1,69.99
2018-07-09,garden_tools,1,49.9
2018-07-09,health_beauty,23,2145.63
2018-07-09,home_appliances_2,2,1924.99
2018-07-09,home_construction,1,48.59
2018-07-09,housewares,11,1595.1200000000001
2018-07-09,kitchen_dining_laundry_garden_furniture,1,34.95
2018-07-09,luggage_accessories,2,169.89000000000001
2018-07-09,office_furniture,2,529.98
2018-07-09,perfumery,7,487.10999999999996
2018-07-09,pet_shop,2,169.8
2018-07-09,small_appliances,1,193.0
2018-07-09,sports_leisure,15,1762.3700000000003
2018-07-09,stationery,2,188.0
2018-07-09,telephony,3,363.98
2018-07-09,toys,6,297.59000000000003
2018-07-09,watches_gifts,13,2571.42
2018-07-10,art,1,99.99
2018-07-10,audio,1,14.9
2018-07-10,auto,7,1030.62
2018-07-10,baby,8,563.5699999999999
2018-07-10,bed_bath_table,9,766.5
2018-07-10,books_technical,1,274.95
2018-07-10,computers_accessories,11,935.6499999999999
2018-07-10,construction_tools_construction,2,333.98
2018-07-10,cool_stuff,3,508.98
2018-07-10,costruction_tools_garden,4,118.24
2018-07-10,electronics,2,210.79000000000002
2018-07-10,fashion_bags_accessories,2,74.89
2018-07-10,furniture_decor,6,521.79
2018-07-10,garden_tools,5,1959.9
2018-07-10,health_beauty,17,2464.63
2018-07-10,home_appliances,1,33.6
2018-07-10,home_construction,1,119.85
2018-07-10,housewares,12,1360.3200000000002
2018-07-10,industry_commerce_and_business,1,45.0
2018-07-10,luggage_accessories,1,14.5
2018-07-10,musical_instruments,3,2189.9
2018-07-10,office_furniture,4,559.93
2018-07-10,perfumery,4,101.3
2018-07-10,pet_shop,2,86.21000000000001
2018-07-10,sports_leisure,9,606.89
2018-07-10,stationery,2,140.9
2018-07-10,telephony,12,514.8900000000001
2018-07-10,toys,3,238.88
2018-07-10,watches_gifts,14,2236.04
2018-07-11,art,1,99.99
2018-07-11,auto,10,1060.19
2018-07-11,baby,8,536.3399999999999
2018-07-11,bed_bath_table,9,1760.7900000000002
2018-07-11,books_technical,2,112.98
2018-07-11,computers,1,770.0
2018-07-11,computers_accessories,7,719.4000000000001
2018-07-11,consoles_games,3,368.78999999999996
2018-07-11,construction_tools_construction,1,65.0
2018-07-11,cool_stuff,6,1248.75
2018-07-11,costruction_tools_tools,1,32.0
2018-07-11,electronics,3,117.0
2018-07-11,fashion_bags_accessories,1,39.9
2018-07-11,food,1,27.9
2018-07-11,furniture_decor,4,376.1
2018-07-11,furniture_living_room,3,549.0
2018-07-11,health_beauty,11,1095.67
2018-07-11,home_appliances,2,52.19
2018-07-11,home_appliances_2,1,48.98
2018-07-11,home_construction,3,219.8
2018-07-11,housewares,6,535.6499999999999
2018-07-11,luggage_accessories,1,181.0
2018-07-11,musical_instruments,4,1158.76
2018-07-11,office_furniture,1,169.99
2018-07-11,perfumery,6,343.75
2018-07-11,pet_shop,10,812.71
2018-07-11,signaling_and_security,3,149.7
2018-07-11,small_appliances,1,779.0
2018-07-11,sports_leisure,5,347.98
2018-07-11,stationery,4,203.3
2018-07-11,telephony,2,38.89
2018-07-11,toys,4,818.8
2018-07-11,watches_gifts,15,2864.0
2018-07-12,art,4,399.96
2018-07-12,auto,6,857.79
2018-07-12,baby,5,1023.7
2018-07-12,bed_bath_table,7,1134.32
2018-07-12,books_general_interest,1,115.89
2018-07-12,computers_accessories,8,1178.33
2018-07-12,construction_tools_construction,2,179.9
2018-07-12,cool_stuff,2,241.9
2018-07-12,costruction_tools_garden,1,34.84
2018-07-12,electronics,2,113.9
2018-07-12,fashion_shoes,1,169.79
2018-07-12,food_drink,1,59.0
2018-07-12,furniture_decor,7,562.9
2018-07-12,furniture_living_room,4,1262.93
2018-07-12,garden_tools,5,324.94000000000005
2018-07-12,health_beauty,12,1183.6299999999999
2018-07-12,home_appliances_2,1,2199.99
2018-07-12,home_construction,2,225.8
2018-07-12,housewares,8,585.79
2018-07-12,kitchen_dining_laundry_garden_furniture,1,67.9
2018-07-12,luggage_accessories,2,268.99
2018-07-12,music,1,68.9
2018-07-12,office_furniture,2,289.88
2018-07-12,perfumery,2,104.9
2018-07-12,pet_shop,1,220.0
2018-07-12,signaling_and_security,1,79.9
2018-07-12,small_appliances,1,169.0
2018-07-12,sports_leisure,7,659.6999999999999
2018-07-12,stationery,1,169.9
2018-07-12,telephony,1,24.9
2018-07-12,toys,2,124.88999999999999
2018-07-12,watches_gifts,22,5447.82
2018-07-13,air_conditioning,2,315.0
2018-07-13,art,1,99.99
2018-07-13,audio,1,14.9
2018-07-13,auto,11,928.87
2018-07-13,baby,1,37.8
2018-07-13,bed_bath_table,8,471.74
2018-07-13,books_technical,1,121.99
2018-07-13,cine_photo,1,59.9
2018-07-13,computers_accessories,18,1668.3400000000001
2018-07-13,consoles_games,1,39.9
2018-07-13,cool_stuff,1,89.99
2018-07-13,drinks,2,105.49000000000001
2018-07-13,electronics,6,381.6
2018-07-13,fashion_bags_accessories,3,167.9
2018-07-13,food,3,168.3
2018-07-13,furniture_decor,9,1497.8000000000002
2018-07-13,furniture_living_room,3,174.88
2018-07-13,garden_tools,6,429.1
2018-07-13,health_beauty,28,5857.249999999998
2018-07-13,home_appliances,2,47.99
2018-07-13,home_appliances_2,2,1294.9
2018-07-13,home_confort,1,329.0
2018-07-13,housewares,16,1029.2199999999998
2018-07-13,party_supplies,1,35.0
2018-07-13,perfumery,7,985.74
2018-07-13,pet_shop,4,550.87
2018-07-13,signaling_and_security,2,190.54
2018-07-13,small_appliances,3,3213.3
2018-07-13,sports_leisure,9,1329.88
2018-07-13,stationery,13,1050.79
2018-07-13,telephony,2,322.89
2018-07-13,toys,1,14.9
2018-07-13,watches_gifts,20,4581.570000000001
2018-07-14,auto,7,1978.4900000000002
2018-07-14,baby,2,158.8
2018-07-14,bed_bath_table,19,1179.4399999999998
2018-07-14,books_general_interest,1,514.9
2018-07-14,computers_accessories,7,851.19
2018-07-14,consoles_games,1,599.0
2018-07-14,construction_tools_construction,4,704.87
2018-07-14,construction_tools_lights,4,451.88
2018-07-14,cool_stuff,4,607.48
2018-07-14,electronics,4,63.199999999999996
2018-07-14,food,3,150.29000000000002
2018-07-14,food_drink,1,29.7
2018-07-14,furniture_decor,6,593.8
2018-07-14,furniture_living_room,1,72.99
2018-07-14,garden_tools,3,263.89
2018-07-14,health_beauty,20,2515.159999999999
2018-07-14,home_appliances,3,185.74
2018-07-14,home_comfort_2,2,25.8
2018-07-14,home_confort,1,99.9
2018-07-14,home_construction,3,319.6
2018-07-14,housewares,7,1632.8000000000002
2018-07-14,luggage_accessories,2,177.99
2018-07-14,market_place,1,47.9
2018-07-14,musical_instruments,3,132.0
2018-07-14,office_furniture,2,259.88
2018-07-14,perfumery,4,413.38000000000005
2018-07-14,pet_shop,2,174.9
2018-07-14,signaling_and_security,1,55.0
2018-07-14,sports_leisure,9,2152.8999999999996
2018-07-14,stationery,3,129.0
2018-07-14,telephony,6,1308.96
2018-07-14,toys,1,120.0
2018-07-14,watches_gifts,17,3572.0899999999997
2018-07-15,art,1,99.99
2018-07-15,auto,6,564.09
2018-07-15,baby,2,229.8
2018-07-15,bed_bath_table,16,1272.8700000000001
2018-07-15,books_imported,1,19.99
2018-07-15,cine_photo,1,675.99
2018-07-15,computers,1,650.0
2018-07-15,computers_accessories,7,416.19000000000005
2018-07-15,consoles_games,1,85.95
2018-07-15,construction_tools_construction,3,451.33000000000004
2018-07-15,cool_stuff,2,428.99
2018-07-15,diapers_and_hygiene,1,37.0
2018-07-15,dvds_blu_ray,1,83.99
2018-07-15,electronics,8,812.01
2018-07-15,fashion_bags_accessories,1,478.0
2018-07-15,fixed_telephony,4,7160.0
2018-07-15,food,4,185.68
2018-07-15,furniture_decor,6,727.5999999999999
2018-07-15,garden_tools,2,177.89
2018-07-15,health_beauty,30,7877.899999999996
2018-07-15,home_appliances,2,61.2
2018-07-15,home_confort,1,89.9
2018-07-15,home_construction,1,119.85
2018-07-15,housewares,8,1199.76
2018-07-15,industry_commerce_and_business,1,69.0
2018-07-15,luggage_accessories,2,142.99
2018-07-15,musical_instruments,2,119.8
2018-07-15,office_furniture,1,159.98
2018-07-15,perfumery,1,25.9
2018-07-15,pet_shop,1,106.99
2018-07-15,signaling_and_security,5,374.54999999999995
2018-07-15,small_appliances,1,129.0
2018-07-15,sports_leisure,5,334.69
2018-07-15,stationery,2,158.9
2018-07-15,telephony,5,166.85999999999999
2018-07-15,toys,5,819.77
2018-07-15,watches_gifts,19,2846.4999999999995
2018-07-16,agro_industry_and_commerce,1,420.0
2018-07-16,art,3,299.96999999999997
2018-07-16,arts_and_craftmanship,1,129.49
2018-07-16,audio,1,14.9
2018-07-16,auto,17,2215.88
2018-07-16,baby,7,641.0400000000001
2018-07-16,bed_bath_table,19,1521.2700000000002
2018-07-16,books_technical,1,40.0
2018-07-16,computers_accessories,18,1852.7600000000004
2018-07-16,consoles_games,2,330.09999999999997
2018-07-16,construction_tools_construction,1,6.1
2018-07-16,construction_tools_lights,11,478.09999999999997
2018-07-16,construction_tools_safety,1,40.8
2018-07-16,cool_stuff,4,513.88
2018-07-16,costruction_tools_garden,1,24.7
2018-07-16,electronics,6,402.3999999999999
2018-07-16,fashion_bags_accessories,3,192.7
2018-07-16,food,2,151.38
2018-07-16,furniture_decor,13,1494.0900000000001
2018-07-16,furniture_living_room,3,159.9
2018-07-16,garden_tools,7,523.39
2018-07-16,health_beauty,39,6209.919999999997
2018-07-16,home_appliances,2,326.9
2018-07-16,home_confort,2,184.89000000000001
2018-07-16,home_construction,1,79.9
2018-07-16,housewares,20,2058.34
2018-07-16,industry_commerce_and_business,1,120.0
2018-07-16,luggage_accessories,1,149.0
2018-07-16,office_furniture,4,359.91
2018-07-16,perfumery,5,197.78000000000003
2018-07-16,pet_shop,1,94.9
2018-07-16,small_appliances,3,340.9
2018-07-16,small_appliances_home_oven_and_coffee,2,830.19
2018-07-16,sports_leisure,10,1151.98
2018-07-16,stationery,8,567.3
2018-07-16,telephony,8,422.84000000000003
2018-07-16,toys,8,1009.0500000000001
2018-07-16,watches_gifts,19,4213.45
2018-07-17,agro_industry_and_commerce,1,76.0
2018-07-17,air_conditioning,1,293.2
2018-07-17,arts_and_craftmanship,1,9.8
2018-07-17,audio,1,14.9
2018-07-17,auto,12,2795.91
2018-07-17,baby,5,431.65
2018-07-17,bed_bath_table,24,1635.5200000000002
2018-07-17,books_technical,1,40.0
2018-07-17,computers_accessories,10,1034.78
2018-07-17,construction_tools_construction,4,578.97
2018-07-17,construction_tools_lights,4,663.9
2018-07-17,construction_tools_safety,1,430.0
2018-07-17,cool_stuff,1,237.9
2018-07-17,costruction_tools_tools,2,2198.0
2018-07-17,diapers_and_hygiene,1,37.0
2018-07-17,drinks,2,67.48
2018-07-17,electronics,7,274.5
2018-07-17,food,1,67.8
2018-07-17,furniture_decor,9,689.2900000000001
2018-07-17,furniture_living_room,1,72.99
2018-07-17,garden_tools,8,526.66
2018-07-17,health_beauty,42,4953.369999999999
2018-07-17,home_appliances,3,171.5
2018-07-17,home_construction,2,304.9
2018-07-17,housewares,18,1252.54
2018-07-17,luggage_accessories,2,189.89000000000001
2018-07-17,musical_instruments,4,218.9
2018-07-17,office_furniture,2,289.97
2018-07-17,party_supplies,1,22.5
2018-07-17,perfumery,2,748.9
2018-07-17,pet_shop,9,841.99
2018-07-17,small_appliances,2,211.51000000000002
2018-07-17,sports_leisure,15,1362.2700000000002
2018-07-17,stationery,7,666.02
2018-07-17,telephony,7,1188.85
2018-07-17,toys,3,174.89
2018-07-17,watches_gifts,21,4615.99
2018-07-18,agro_industry_and_commerce,4,1451.18
2018-07-18,air_conditioning,1,169.9
2018-07-18,audio,1,14.9
2018-07-18,auto,20,2951.7799999999997
2018-07-18,baby,10,894.5
2018-07-18,bed_bath_table,43,3151.7700000000027
2018-07-18,books_general_interest,4,109.27999999999999
2018-07-18,computers_accessories,20,1778.3600000000006
2018-07-18,construction_tools_construction,8,999.8
2018-07-18,construction_tools_lights,2,456.0
2018-07-18,construction_tools_safety,2,130.9
2018-07-18,cool_stuff,6,485.67999999999995
2018-07-18,costruction_tools_garden,1,19.94
2018-07-18,drinks,1,28.9
2018-07-18,electronics,7,225.58
2018-07-18,fashion_bags_accessories,3,867.9
2018-07-18,flowers,1,17.99
2018-07-18,food,2,92.13
2018-07-18,food_drink,1,89.0
2018-07-18,furniture_bedroom,1,159.0
2018-07-18,furniture_decor,19,2010.0600000000002
2018-07-18,furniture_living_room,6,478.94
2018-07-18,garden_tools,6,1797.8
2018-07-18,health_beauty,42,6191.889999999998
2018-07-18,home_appliances,3,298.9
2018-07-18,home_appliances_2,1,170.0
2018-07-18,home_confort,2,307.9
2018-07-18,home_construction,2,299.85
2018-07-18,housewares,18,1888.5100000000002
2018-07-18,industry_commerce_and_business,4,357.0
2018-07-18,kitchen_dining_laundry_garden_furniture,1,63.9
2018-07-18,luggage_accessories,2,169.99
2018-07-18,musical_instruments,2,328.9
2018-07-18,office_furniture,9,1389.91
2018-07-18,perfumery,7,1220.5
2018-07-18,pet_shop,8,722.78
2018-07-18,signaling_and_security,1,195.0
2018-07-18,small_appliances_home_oven_and_coffee,1,795.0
2018-07-18,sports_leisure,19,2111.05
2018-07-18,stationery,9,572.99
2018-07-18,telephony,9,1816.93
2018-07-18,toys,6,505.47
2018-07-18,watches_gifts,20,2973.16
2018-07-19,agro_industry_and_commerce,4,1184.48
2018-07-19,audio,2,154.9
2018-07-19,auto,14,3170.3300000000004
2018-07-19,baby,8,959.02
2018-07-19,bed_bath_table,33,4322.02
2018-07-19,books_technical,2,88.99000000000001
2018-07-19,cine_photo,1,15.9
2018-07-19,computers_accessories,11,1556.5
2018-07-19,consoles_games,3,189.97
2018-07-19,construction_tools_construction,1,36.0
2018-07-19,cool_stuff,6,1204.02
2018-07-19,costruction_tools_tools,1,72.2
2018-07-19,drinks,1,86.9
2018-07-19,electronics,3,58.699999999999996
2018-07-19,fashion_bags_accessories,2,103.99000000000001
2018-07-19,flowers,1,30.0
2018-07-19,food,4,319.38
2018-07-19,food_drink,1,29.7
2018-07-19,furniture_decor,25,2735.0000000000005
2018-07-19,garden_tools,3,199.9
2018-07-19,health_beauty,31,4313.639999999999
2018-07-19,home_appliances,1,71.95
2018-07-19,home_appliances_2,5,757.6999999999999
2018-07-19,home_confort,3,374.79999999999995
2018-07-19,home_construction,2,199.75
2018-07-19,housewares,24,3289.1499999999996
2018-07-19,industry_commerce_and_business,1,98.0
2018-07-19,luggage_accessories,4,313.65999999999997
2018-07-19,musical_instruments,1,89.0
2018-07-19,office_furniture,9,1686.6999999999998
2018-07-19,perfumery,7,875.9
2018-07-19,pet_shop,6,826.1299999999999
2018-07-19,small_appliances,7,327.3
2018-07-19,sports_leisure,16,1438.89
2018-07-19,stationery,8,1041.92
2018-07-19,telephony,10,2998.1299999999997
2018-07-19,toys,6,433.67999999999995
2018-07-19,watches_gifts,15,2693.59
2018-07-20,agro_industry_and_commerce,3,105.0
2018-07-20,arts_and_craftmanship,1,129.49
2018-07-20,audio,2,101.94999999999999
2018-07-20,auto,9,572.48
2018-07-20,baby,8,346.49
2018-07-20,bed_bath_table,17,1249.0
2018-07-20,books_general_interest,1,34.0
2018-07-20,books_technical,2,90.0
2018-07-20,computers_accessories,20,1369.9500000000003
2018-07-20,consoles_games,1,89.99
2018-07-20,construction_tools_construction,8,644.99
2018-07-20,construction_tools_lights,4,459.78
2018-07-20,construction_tools_safety,1,459.0
2018-07-20,cool_stuff,4,503.78999999999996
2018-07-20,costruction_tools_garden,1,35.0
2018-07-20,costruction_tools_tools,1,232.75
2018-07-20,drinks,2,265.7
2018-07-20,electronics,5,360.59000000000003
2018-07-20,fashion_bags_accessories,2,98.9
2018-07-20,fashion_male_clothing,1,24.9
2018-07-20,fashion_shoes,1,99.9
2018-07-20,fixed_telephony,1,109.9
2018-07-20,food,1,84.99
2018-07-20,food_drink,3,90.88
2018-07-20,furniture_decor,30,2562.0300000000007
2018-07-20,furniture_living_room,3,232.88
2018-07-20,garden_tools,5,2556.89
2018-07-20,health_beauty,20,2781.1
2018-07-20,home_appliances,1,29.9
2018-07-20,home_appliances_2,2,150.07999999999998
2018-07-20,home_confort,1,219.0
2018-07-20,home_construction,3,241.7
2018-07-20,housewares,17,1177.48
2018-07-20,industry_commerce_and_business,1,150.0
2018-07-20,kitchen_dining_laundry_garden_furniture,1,999.9
2018-07-20,luggage_accessories,1,89.9
2018-07-20,music,1,16.9
2018-07-20,musical_instruments,1,59.9
2018-07-20,office_furniture,2,279.8
2018-07-20,perfumery,10,819.56
2018-07-20,pet_shop,12,1150.4700000000003
2018-07-20,small_appliances,2,54.9
2018-07-20,small_appliances_home_oven_and_coffee,1,38.6
2018-07-20,sports_leisure,16,2619.7699999999995
2018-07-20,stationery,7,626.0999999999999
2018-07-20,telephony,11,2818.9899999999993
2018-07-20,toys,4,299.63
2018-07-20,watches_gifts,31,4171.2
2018-07-21,audio,2,29.8
2018-07-21,auto,8,891.47
2018-07-21,baby,7,317.85
2018-07-21,bed_bath_table,13,952.41
2018-07-21,christmas_supplies,1,31.78
2018-07-21,computers_accessories,13,1255.0700000000004
2018-07-21,consoles_games,3,488.99
2018-07-21,construction_tools_construction,4,329.02
2018-07-21,construction_tools_lights,2,1266.0
2018-07-21,construction_tools_safety,2,120.25
2018-07-21,cool_stuff,3,189.65
2018-07-21,electronics,6,440.80000000000007
2018-07-21,fashion_bags_accessories,2,335.79999999999995
2018-07-21,fashion_shoes,1,239.9
2018-07-21,fixed_telephony,2,427.5
2018-07-21,food,1,18.45
2018-07-21,food_drink,1,99.99
2018-07-21,furniture_decor,12,1413.39
2018-07-21,furniture_living_room,1,179.9
2018-07-21,garden_tools,7,530.17
2018-07-21,health_beauty,28,2464.7900000000004
2018-07-21,home_appliances,5,457.59999999999997
2018-07-21,home_construction,2,199.75
2018-07-21,housewares,11,954.3800000000001
2018-07-21,kitchen_dining_laundry_garden_furniture,1,63.9
2018-07-21,luggage_accessories,1,129.9
2018-07-21,office_furniture,3,444.87
2018-07-21,perfumery,12,959.6399999999999
2018-07-21,pet_shop,8,534.4899999999999
2018-07-21,sports_leisure,14,1567.4800000000005
2018-07-21,stationery,4,403.87
2018-07-21,telephony,7,395.76
2018-07-21,toys,4,317.87
2018-07-21,watches_gifts,14,2393.19
2018-07-22,air_conditioning,1,99.0
2018-07-22,audio,5,482.7
2018-07-22,auto,13,1415.0700000000002
2018-07-22,baby,3,337.70000000000005
2018-07-22,bed_bath_table,33,3227.990000000001
2018-07-22,computers_accessories,11,895.41
2018-07-22,consoles_games,1,79.99
2018-07-22,construction_tools_construction,3,205.73000000000002
2018-07-22,construction_tools_lights,1,228.0
2018-07-22,cool_stuff,3,754.98
2018-07-22,costruction_tools_tools,1,118.0
2018-07-22,drinks,1,75.0
2018-07-22,electronics,10,616.26
2018-07-22,fashion_bags_accessories,4,211.79
2018-07-22,fashion_shoes,1,89.9
2018-07-22,food,4,126.84
2018-07-22,furniture_decor,8,561.69
2018-07-22,furniture_living_room,3,257.89
2018-07-22,garden_tools,4,366.39
2018-07-22,health_beauty,13,1111.7799999999997
2018-07-22,home_appliances,5,244.39000000000001
2018-07-22,home_appliances_2,2,1573.37
2018-07-22,home_confort,1,77.9
2018-07-22,home_construction,2,300.0
2018-07-22,housewares,21,1836.1900000000003
2018-07-22,industry_commerce_and_business,1,102.0
2018-07-22,kitchen_dining_laundry_garden_furniture,1,161.0
2018-07-22,luggage_accessories,2,199.8
2018-07-22,musical_instruments,1,247.88
2018-07-22,office_furniture,2,259.97
2018-07-22,perfumery,8,421.7999999999999
2018-07-22,pet_shop,2,402.0
2018-07-22,signaling_and_security,1,165.0
2018-07-22,small_appliances,1,545.0
2018-07-22,small_appliances_home_oven_and_coffee,1,200.0
2018-07-22,sports_leisure,14,929.7599999999999
2018-07-22,stationery,4,1368.79
2018-07-22,telephony,9,643.45
2018-07-22,toys,11,980.5399999999998
2018-07-22,watches_gifts,23,3882.4800000000005
2018-07-23,agro_industry_and_commerce,1,120.0
2018-07-23,air_conditioning,1,99.0
2018-07-23,arts_and_craftmanship,3,98.8
2018-07-23,auto,19,2787.66
2018-07-23,baby,10,1095.95
2018-07-23,bed_bath_table,26,3078.5399999999995
2018-07-23,books_general_interest,3,753.8
2018-07-23,books_technical,3,246.97
2018-07-23,christmas_supplies,2,38.15
2018-07-23,computers_accessories,22,1875.4500000000005
2018-07-23,consoles_games,2,350.0
2018-07-23,construction_tools_construction,3,173.31
2018-07-23,construction_tools_lights,2,303.0
2018-07-23,construction_tools_safety,1,99.0
2018-07-23,cool_stuff,7,1198.6
2018-07-23,costruction_tools_garden,4,545.84
2018-07-23,electronics,10,703.28
2018-07-23,fashion_bags_accessories,8,602.88
2018-07-23,fashion_male_clothing,3,138.8
2018-07-23,furniture_bedroom,1,219.0
2018-07-23,furniture_decor,24,3931.4700000000003
2018-07-23,furniture_living_room,6,497.85
2018-07-23,garden_tools,9,1975.8
2018-07-23,health_beauty,38,3432.5100000000007
2018-07-23,home_appliances,3,71.08
2018-07-23,home_appliances_2,1,349.99
2018-07-23,home_confort,1,249.0
2018-07-23,home_construction,3,309.8
2018-07-23,housewares,30,2938.76
2018-07-23,luggage_accessories,2,269.89
2018-07-23,perfumery,8,1275.8700000000001
2018-07-23,pet_shop,9,1198.7500000000002
2018-07-23,small_appliances,1,89.0
2018-07-23,sports_leisure,26,3945.7300000000005
2018-07-23,stationery,7,432.87
2018-07-23,telephony,10,293.67
2018-07-23,toys,5,999.09
2018-07-23,watches_gifts,18,2177.48
2018-07-24,agro_industry_and_commerce,3,711.89
2018-07-24,air_conditioning,2,198.0
2018-07-24,arts_and_craftmanship,1,129.49
2018-07-24,audio,2,233.9
2018-07-24,auto,14,1276.63
2018-07-24,baby,15,2691.36
2018-07-24,bed_bath_table,23,1947.8000000000004
2018-07-24,books_general_interest,2,69.0
2018-07-24,books_technical,2,265.82
2018-07-24,christmas_supplies,1,79.9
2018-07-24,computers_accessories,11,684.25
2018-07-24,consoles_games,1,65.0
2018-07-24,construction_tools_construction,8,1140.38
2018-07-24,cool_stuff,5,3619.87
2018-07-24,costruction_tools_tools,1,1899.0
2018-07-24,drinks,1,140.0
2018-07-24,electronics,5,104.47
2018-07-24,fashion_bags_accessories,4,258.69
2018-07-24,fixed_telephony,1,63.99
2018-07-24,food,4,277.87
2018-07-24,furniture_decor,28,2594.2000000000003
2018-07-24,furniture_living_room,1,74.99
2018-07-24,garden_tools,8,1669.0200000000002
2018-07-24,health_beauty,28,4926.38
2018-07-24,home_appliances,5,323.98
2018-07-24,home_construction,6,671.45
2018-07-24,housewares,27,3431.7400000000007
2018-07-24,kitchen_dining_laundry_garden_furniture,3,343.0
2018-07-24,luggage_accessories,1,295.7
2018-07-24,musical_instruments,2,353.8
2018-07-24,office_furniture,4,929.86
2018-07-24,perfumery,11,1011.7599999999999
2018-07-24,pet_shop,5,330.53000000000003
2018-07-24,signaling_and_security,1,49.9
2018-07-24,small_appliances,2,157.8
2018-07-24,small_appliances_home_oven_and_coffee,1,30.0
2018-07-24,sports_leisure,19,1958.5900000000001
2018-07-24,stationery,9,607.1999999999999
2018-07-24,telephony,8,743.33
2018-07-24,toys,5,631.6999999999999
2018-07-24,watches_gifts,10,2593.79
2018-07-25,agro_industry_and_commerce,2,109.9
2018-07-25,air_conditioning,1,31.0
2018-07-25,arts_and_craftmanship,1,19.8
2018-07-25,auto,18,1505.77
2018-07-25,baby,8,722.0699999999999
2018-07-25,bed_bath_table,20,1375.5500000000002
2018-07-25,books_general_interest,1,30.4
2018-07-25,christmas_supplies,1,280.0
2018-07-25,computers,1,6729.0
2018-07-25,computers_accessories,19,1598.17
2018-07-25,consoles_games,4,795.9
2018-07-25,construction_tools_construction,5,332.66999999999996
2018-07-25,construction_tools_lights,2,108.9
2018-07-25,cool_stuff,5,1417.0900000000001
2018-07-25,costruction_tools_garden,2,567.9
2018-07-25,costruction_tools_tools,1,28.5
2018-07-25,electronics,6,282.27
2018-07-25,fashion_bags_accessories,5,251.69
2018-07-25,food,2,149.49
2018-07-25,food_drink,1,58.32
2018-07-25,furniture_bedroom,1,269.9
2018-07-25,furniture_decor,14,1412.4800000000002
2018-07-25,garden_tools,14,2085.6800000000003
2018-07-25,health_beauty,34,3203.4100000000008
2018-07-25,home_appliances,2,164.89000000000001
2018-07-25,home_construction,3,389.85
2018-07-25,housewares,37,2940.789999999999
2018-07-25,kitchen_dining_laundry_garden_furniture,1,67.9
2018-07-25,luggage_accessories,2,559.89
2018-07-25,market_place,1,47.9
2018-07-25,musical_instruments,2,307.78
2018-07-25,office_furniture,7,1577.8200000000002
2018-07-25,perfumery,12,1835.98
2018-07-25,pet_shop,7,491.47999999999996
2018-07-25,small_appliances,2,169.56
2018-07-25,small_appliances_home_oven_and_coffee,2,48.79
2018-07-25,sports_leisure,20,2126.75
2018-07-25,stationery,14,1115.0
2018-07-25,telephony,7,496.03
2018-07-25,toys,7,1289.93
2018-07-25,watches_gifts,20,2770.2
2018-07-26,air_conditioning,2,660.0
2018-07-26,art,1,49.3
2018-07-26,arts_and_craftmanship,1,29.9
2018-07-26,auto,11,737.09
2018-07-26,baby,7,553.53
2018-07-26,bed_bath_table,21,1773.2400000000005
2018-07-26,books_general_interest,1,549.9
2018-07-26,books_technical,1,37.5
2018-07-26,cine_photo,2,213.9
2018-07-26,computers,1,650.0
2018-07-26,computers_accessories,20,2116.6100000000006
2018-07-26,consoles_games,1,210.0
2018-07-26,construction_tools_construction,8,1419.0
2018-07-26,construction_tools_safety,1,35.0
2018-07-26,cool_stuff,1,31.99
2018-07-26,costruction_tools_garden,1,52.9
2018-07-26,drinks,1,75.0
2018-07-26,electronics,3,229.0
2018-07-26,fashion_bags_accessories,4,266.4
2018-07-26,fashion_male_clothing,1,45.0
2018-07-26,fixed_telephony,1,230.0
2018-07-26,food,5,191.58999999999997
2018-07-26,furniture_bedroom,4,380.0
2018-07-26,furniture_decor,16,1668.6799999999998
2018-07-26,garden_tools,9,938.37
2018-07-26,health_beauty,27,4705.97
2018-07-26,home_appliances,3,85.89
2018-07-26,home_appliances_2,1,199.0
2018-07-26,home_confort,4,373.69000000000005
2018-07-26,home_construction,1,219.9
2018-07-26,housewares,20,2897.32
2018-07-26,luggage_accessories,3,340.5
2018-07-26,market_place,1,55.99
2018-07-26,musical_instruments,4,369.64
2018-07-26,perfumery,6,706.0999999999999
2018-07-26,pet_shop,7,621.38
2018-07-26,signaling_and_security,2,279.9
2018-07-26,sports_leisure,26,2347.5199999999995
2018-07-26,stationery,11,649.12
2018-07-26,telephony,5,357.38
2018-07-26,toys,8,1375.84
2018-07-26,watches_gifts,28,5907.0
2018-07-27,air_conditioning,1,59.99
2018-07-27,audio,2,166.9
2018-07-27,auto,9,2916.01
2018-07-27,baby,4,272.78999999999996
2018-07-27,bed_bath_table,24,2016.9100000000005
2018-07-27,computers_accessories,21,2945.26
2018-07-27,construction_tools_construction,5,1037.6999999999998
2018-07-27,construction_tools_lights,2,116.0
2018-07-27,cool_stuff,4,725.1700000000001
2018-07-27,drinks,1,43.9
2018-07-27,electronics,4,139.69
2018-07-27,fashion_bags_accessories,3,342.9
2018-07-27,food,1,27.9
2018-07-27,food_drink,2,114.12
2018-07-27,furniture_bedroom,2,190.0
2018-07-27,furniture_decor,14,1755.69
2018-07-27,furniture_living_room,2,490.89
2018-07-27,garden_tools,2,99.81
2018-07-27,health_beauty,15,2528.13
2018-07-27,home_appliances,1,121.0
2018-07-27,home_appliances_2,1,30.09
2018-07-27,home_confort,1,89.9
2018-07-27,home_construction,2,229.9
2018-07-27,housewares,9,871.55
2018-07-27,kitchen_dining_laundry_garden_furniture,1,63.9
2018-07-27,luggage_accessories,1,157.9
2018-07-27,market_place,1,34.99
2018-07-27,musical_instruments,1,27.9
2018-07-27,office_furniture,3,729.86
2018-07-27,perfumery,8,785.3899999999999
2018-07-27,pet_shop,6,2360.79
2018-07-27,small_appliances_home_oven_and_coffee,2,65.09
2018-07-27,sports_leisure,18,1473.3400000000001
2018-07-27,stationery,6,394.25
2018-07-27,telephony,12,2591.87
2018-07-27,toys,5,407.08000000000004
2018-07-27,watches_gifts,12,1580.7000000000003
2018-07-28,agro_industry_and_commerce,2,600.1700000000001
2018-07-28,art,2,139.98
2018-07-28,arts_and_craftmanship,1,57.9
2018-07-28,auto,15,1150.98
2018-07-28,baby,11,720.3799999999999
2018-07-28,bed_bath_table,17,1170.5200000000002
2018-07-28,books_technical,1,28.9
2018-07-28,computers_accessories,11,1032.85
2018-07-28,consoles_games,3,802.7
2018-07-28,construction_tools_construction,2,319.5
2018-07-28,construction_tools_lights,5,331.6
2018-07-28,cool_stuff,1,139.0
2018-07-28,electronics,4,369.0
2018-07-28,fashion_bags_accessories,2,118.9
2018-07-28,food,3,65.78999999999999
2018-07-28,furniture_bedroom,1,169.0
2018-07-28,furniture_decor,19,1449.85
2018-07-28,garden_tools,9,882.49
2018-07-28,health_beauty,14,3252.59
2018-07-28,home_appliances,4,317.09000000000003
2018-07-28,home_comfort_2,1,12.9
2018-07-28,housewares,16,1575.73
2018-07-28,kitchen_dining_laundry_garden_furniture,1,145.0
2018-07-28,luggage_accessories,4,670.6999999999999
2018-07-28,perfumery,8,1466.78
2018-07-28,pet_shop,1,238.99
2018-07-28,signaling_and_security,1,149.9
2018-07-28,sports_leisure,12,1101.06
2018-07-28,stationery,4,284.15
2018-07-28,telephony,13,1386.35
2018-07-28,toys,4,321.88
2018-07-28,watches_gifts,12,3885.79
2018-07-29,agro_industry_and_commerce,2,1195.58
2018-07-29,auto,11,522.55
2018-07-29,baby,10,1427.14
2018-07-29,bed_bath_table,19,1165.98
2018-07-29,books_general_interest,1,154.9
2018-07-29,christmas_supplies,1,19.83
2018-07-29,computers_accessories,9,577.22
2018-07-29,consoles_games,2,408.9
2018-07-29,construction_tools_construction,4,786.1600000000001
2018-07-29,construction_tools_lights,1,119.9
2018-07-29,cool_stuff,3,1056.09
2018-07-29,costruction_tools_garden,1,128.0
2018-07-29,costruction_tools_tools,1,250.0
2018-07-29,electronics,4,316.78
2018-07-29,fashion_bags_accessories,2,353.99
2018-07-29,fashion_underwear_beach,1,59.9
2018-07-29,food,4,324.9
2018-07-29,food_drink,2,60.0
2018-07-29,furniture_decor,15,1438.3600000000001
2018-07-29,furniture_living_room,2,914.98
2018-07-29,garden_tools,7,101.60000000000001
2018-07-29,health_beauty,11,2110.69
2018-07-29,home_appliances,1,175.0
2018-07-29,home_confort,1,230.0
2018-07-29,home_construction,3,125.85000000000001
2018-07-29,housewares,26,3550.5900000000006
2018-07-29,luggage_accessories,2,209.2
2018-07-29,musical_instruments,1,89.99
2018-07-29,perfumery,8,877.5699999999999
2018-07-29,pet_shop,5,1003.86
2018-07-29,small_appliances,1,489.06
2018-07-29,small_appliances_home_oven_and_coffee,2,943.0
2018-07-29,sports_leisure,9,4565.669999999999
2018-07-29,stationery,6,490.47
2018-07-29,telephony,6,497.70000000000005
2018-07-29,toys,6,860.27
2018-07-29,watches_gifts,13,1650.1600000000003
2018-07-30,agro_industry_and_commerce,1,29.99
2018-07-30,air_conditioning,1,139.0
2018-07-30,arts_and_craftmanship,1,49.9
2018-07-30,auto,13,2890.9700000000003
2018-07-30,baby,17,1725.0900000000001
2018-07-30,bed_bath_table,32,2308.6200000000003
2018-07-30,books_general_interest,2,144.99
2018-07-30,books_imported,1,24.95
2018-07-30,computers_accessories,21,1802.0200000000002
2018-07-30,construction_tools_construction,7,554.53
2018-07-30,construction_tools_lights,2,554.0
2018-07-30,construction_tools_safety,1,69.0
2018-07-30,cool_stuff,6,1018.36
2018-07-30,diapers_and_hygiene,1,47.0
2018-07-30,drinks,1,59.9
2018-07-30,electronics,8,946.71
2018-07-30,fashion_bags_accessories,6,442.59999999999997
2018-07-30,fashion_shoes,1,220.7
2018-07-30,food,4,266.70000000000005
2018-07-30,food_drink,2,60.0
2018-07-30,furniture_decor,15,1280.25
2018-07-30,furniture_living_room,2,68.94999999999999
2018-07-30,health_beauty,28,4758.639999999999
2018-07-30,home_appliances,6,424.79
2018-07-30,home_confort,2,122.80000000000001
2018-07-30,home_construction,1,79.9
2018-07-30,housewares,27,6339.829999999999
2018-07-30,kitchen_dining_laundry_garden_furniture,1,63.9
2018-07-30,office_furniture,3,500.86
2018-07-30,perfumery,7,806.3299999999999
2018-07-30,pet_shop,9,1040.54
2018-07-30,small_appliances,1,24.99
2018-07-30,sports_leisure,21,2227.1400000000003
2018-07-30,stationery,11,997.4499999999999
2018-07-30,telephony,18,2296.3799999999997
2018-07-30,toys,8,985.78
2018-07-30,watches_gifts,17,2196.5
2018-07-31,agro_industry_and_commerce,1,51.73
2018-07-31,air_conditioning,1,139.99
2018-07-31,art,1,69.99
2018-07-31,audio,1,219.0
2018-07-31,auto,19,1993.43
2018-07-31,baby,6,463.49
2018-07-31,bed_bath_table,30,3176.0299999999997
2018-07-31,books_general_interest,1,55.9
2018-07-31,books_technical,3,173.99
2018-07-31,christmas_supplies,1,35.0
2018-07-31,computers,2,1300.0
2018-07-31,computers_accessories,26,2781.9300000000007
2018-07-31,consoles_games,2,968.0
2018-07-31,construction_tools_construction,4,346.98
2018-07-31,construction_tools_lights,3,477.0
2018-07-31,construction_tools_safety,2,208.0
2018-07-31,cool_stuff,5,854.77
2018-07-31,drinks,1,218.9
2018-07-31,electronics,5,453.78999999999996
2018-07-31,fashion_bags_accessories,3,147.89000000000001
2018-07-31,fixed_telephony,1,1295.0
2018-07-31,food,2,126.88999999999999
2018-07-31,furniture_decor,30,2949.95
2018-07-31,furniture_living_room,3,417.95
2018-07-31,garden_tools,9,1106.15
2018-07-31,health_beauty,28,3552.580000000001
2018-07-31,home_appliances,7,372.36999999999995
2018-07-31,home_appliances_2,1,388.35
2018-07-31,home_confort,1,77.9
2018-07-31,home_construction,1,79.9
2018-07-31,housewares,43,4745.789999999999
2018-07-31,industry_commerce_and_business,1,395.0
2018-07-31,kitchen_dining_laundry_garden_furniture,1,519.0
2018-07-31,luggage_accessories,8,770.89
2018-07-31,musical_instruments,2,307.78
2018-07-31,office_furniture,8,1251.4400000000003
2018-07-31,perfumery,10,711.35
2018-07-31,pet_shop,6,1326.7800000000002
2018-07-31,signaling_and_security,1,105.0
2018-07-31,small_appliances,2,121.9
2018-07-31,sports_leisure,24,1882.5000000000005
2018-07-31,stationery,16,1351.1200000000001
2018-07-31,telephony,14,1696.86
2018-07-31,toys,3,337.64
2018-07-31,watches_gifts,27,3768.36
2018-08-01,air_conditioning,1,229.0
2018-08-01,art,1,69.99
2018-08-01,auto,6,247.92
2018-08-01,baby,13,1902.8300000000004
2018-08-01,bed_bath_table,22,1929.8600000000001
2018-08-01,books_general_interest,2,79.8
2018-08-01,books_technical,1,28.0
2018-08-01,computers_accessories,19,1420.9
2018-08-01,consoles_games,2,119.0
2018-08-01,construction_tools_construction,6,499.93000000000006
2018-08-01,construction_tools_lights,3,711.0
2018-08-01,construction_tools_safety,1,99.0
2018-08-01,cool_stuff,7,685.9
2018-08-01,costruction_tools_garden,2,879.9
2018-08-01,drinks,3,77.49
2018-08-01,electronics,9,1060.7
2018-08-01,fashion_bags_accessories,6,364.29999999999995
2018-08-01,fashion_male_clothing,1,198.8
2018-08-01,fixed_telephony,1,812.99
2018-08-01,food_drink,1,29.9
2018-08-01,furniture_decor,34,2578.3700000000003
2018-08-01,furniture_living_room,3,668.89
2018-08-01,garden_tools,6,492.6
2018-08-01,health_beauty,44,5826.369999999998
2018-08-01,home_appliances,2,231.57
2018-08-01,home_confort,1,219.0
2018-08-01,home_construction,1,150.0
2018-08-01,housewares,32,2574.5399999999995
2018-08-01,kitchen_dining_laundry_garden_furniture,1,69.99
2018-08-01,luggage_accessories,4,535.5999999999999
2018-08-01,musical_instruments,2,82.9
2018-08-01,office_furniture,4,679.8399999999999
2018-08-01,party_supplies,1,22.5
2018-08-01,perfumery,6,390.58
2018-08-01,pet_shop,10,1480.7700000000002
2018-08-01,signaling_and_security,1,49.0
2018-08-01,small_appliances,1,37.8
2018-08-01,small_appliances_home_oven_and_coffee,1,16.29
2018-08-01,sports_leisure,22,2424.05
2018-08-01,stationery,10,1132.74
2018-08-01,telephony,16,3228.2399999999993
2018-08-01,toys,5,629.79
2018-08-01,watches_gifts,27,5249.599999999999
2018-08-02,agro_industry_and_commerce,5,1078.5
2018-08-02,air_conditioning,3,561.8
2018-08-02,art,1,69.99
2018-08-02,audio,1,127.0
2018-08-02,auto,16,1646.3100000000004
2018-08-02,baby,10,881.4699999999999
2018-08-02,bed_bath_table,26,2014.8100000000002
2018-08-02,books_general_interest,1,17.77
2018-08-02,books_technical,2,152.98
2018-08-02,christmas_supplies,1,35.0
2018-08-02,cine_photo,1,15.9
2018-08-02,computers_accessories,37,4224.79
2018-08-02,consoles_games,1,171.9
2018-08-02,construction_tools_construction,9,1232.2
2018-08-02,construction_tools_lights,1,169.0
2018-08-02,cool_stuff,6,832.1999999999999
2018-08-02,costruction_tools_garden,2,167.88
2018-08-02,costruction_tools_tools,2,41.88
2018-08-02,electronics,4,96.13000000000001
2018-08-02,fashion_bags_accessories,9,453.8
2018-08-02,food,2,50.5
2018-08-02,food_drink,1,39.99
2018-08-02,furniture_bedroom,2,190.0
2018-08-02,furniture_decor,14,2582.1
2018-08-02,furniture_living_room,4,488.89
2018-08-02,garden_tools,6,259.44
2018-08-02,health_beauty,30,5671.489999999999
2018-08-02,home_appliances,2,287.2
2018-08-02,home_appliances_2,1,499.99
2018-08-02,home_confort,1,219.0
2018-08-02,housewares,23,1482.8000000000002
2018-08-02,luggage_accessories,3,189.70000000000002
2018-08-02,musical_instruments,2,366.88
2018-08-02,office_furniture,1,139.98
2018-08-02,perfumery,17,2260.1900000000005
2018-08-02,pet_shop,8,1510.7600000000002
2018-08-02,signaling_and_security,3,385.88
2018-08-02,small_appliances_home_oven_and_coffee,1,795.0
2018-08-02,sports_leisure,21,1503.9100000000003
2018-08-02,stationery,10,955.5699999999999
2018-08-02,telephony,13,1361.74
2018-08-02,toys,4,353.65
2018-08-02,watches_gifts,17,2178.4900000000002
2018-08-03,air_conditioning,3,309.7
2018-08-03,art,3,278.98
2018-08-03,arts_and_craftmanship,1,25.0
2018-08-03,audio,1,14.9
2018-08-03,auto,16,1547.46
2018-08-03,baby,17,1904.87
2018-08-03,bed_bath_table,24,1872.3500000000004
2018-08-03,books_general_interest,3,219.79000000000002
2018-08-03,books_technical,1,50.0
2018-08-03,computers_accessories,20,1886.6900000000005
2018-08-03,construction_tools_construction,4,267.13
2018-08-03,construction_tools_lights,2,347.85
2018-08-03,construction_tools_safety,4,425.25
2018-08-03,cool_stuff,4,352.8
2018-08-03,costruction_tools_garden,1,144.9
2018-08-03,drinks,1,34.0
2018-08-03,electronics,3,81.16
2018-08-03,fashion_bags_accessories,8,470.69
2018-08-03,food,2,85.8
2018-08-03,food_drink,1,81.0
2018-08-03,furniture_decor,21,2135.83
2018-08-03,furniture_living_room,1,99.0
2018-08-03,garden_tools,6,935.98
2018-08-03,health_beauty,43,5357.369999999997
2018-08-03,home_appliances,2,187.60000000000002
2018-08-03,home_confort,1,77.9
2018-08-03,home_construction,1,150.0
2018-08-03,housewares,19,2711.9
2018-08-03,kitchen_dining_laundry_garden_furniture,4,329.7
2018-08-03,luggage_accessories,3,373.9
2018-08-03,musical_instruments,4,5324.669999999999
2018-08-03,office_furniture,3,998.8
2018-08-03,party_supplies,1,79.9
2018-08-03,perfumery,18,2333.03
2018-08-03,pet_shop,8,520.5
2018-08-03,small_appliances,1,489.06
2018-08-03,sports_leisure,26,2352.6000000000004
2018-08-03,stationery,7,561.68
2018-08-03,telephony,17,1187.9099999999999
2018-08-03,toys,10,583.39
2018-08-03,watches_gifts,26,4286.1
2018-08-04,agro_industry_and_commerce,1,1899.0
2018-08-04,art,1,69.99
2018-08-04,audio,1,129.0
2018-08-04,auto,16,731.14
2018-08-04,baby,9,772.39
2018-08-04,bed_bath_table,31,3857.86
2018-08-04,books_general_interest,1,27.99
2018-08-04,books_technical,1,193.99
2018-08-04,christmas_supplies,1,12.06
2018-08-04,computers_accessories,10,785.5300000000001
2018-08-04,consoles_games,1,79.0
2018-08-04,construction_tools_construction,5,308.94
2018-08-04,construction_tools_lights,2,182.5
2018-08-04,cool_stuff,5,953.95
2018-08-04,costruction_tools_garden,1,52.9
2018-08-04,drinks,2,178.49
2018-08-04,electronics,6,1889.6100000000001
2018-08-04,fashion_bags_accessories,10,500.78999999999996
2018-08-04,fixed_telephony,1,109.8
2018-08-04,food,2,178.89
2018-08-04,furniture_decor,17,1165.3500000000001
2018-08-04,furniture_living_room,2,265.7
2018-08-04,garden_tools,3,146.79
2018-08-04,health_beauty,25,4097.509999999998
2018-08-04,home_appliances,2,2130.7
2018-08-04,home_appliances_2,3,1670.97
2018-08-04,home_confort,2,206.9
2018-08-04,housewares,24,2244.2700000000004
2018-08-04,kitchen_dining_laundry_garden_furniture,1,175.0
2018-08-04,luggage_accessories,1,135.65
2018-08-04,musical_instruments,2,219.8
2018-08-04,perfumery,6,547.6
2018-08-04,pet_shop,10,1182.27
2018-08-04,small_appliances,1,359.9
2018-08-04,small_appliances_home_oven_and_coffee,1,98.0
2018-08-04,sports_leisure,18,1721.0500000000004
2018-08-04,stationery,7,910.0999999999999
2018-08-04,telephony,11,1759.62
2018-08-04,toys,5,228.57999999999998
2018-08-04,watches_gifts,17,2466.69
2018-08-05,agro_industry_and_commerce,1,149.9
2018-08-05,air_conditioning,2,198.9
2018-08-05,art,2,139.98
2018-08-05,arts_and_craftmanship,1,18.0
2018-08-05,auto,13,1223.54
2018-08-05,baby,18,2082.4300000000003
2018-08-05,bed_bath_table,32,4747.319999999999
2018-08-05,books_general_interest,1,74.9
2018-08-05,computers_accessories,14,1312.2800000000002
2018-08-05,consoles_games,2,87.88999999999999
2018-08-05,construction_tools_construction,3,141.8
2018-08-05,construction_tools_lights,3,359.89
2018-08-05,cool_stuff,7,824.88
2018-08-05,costruction_tools_garden,2,109.0
2018-08-05,costruction_tools_tools,2,400.99
2018-08-05,drinks,1,58.0
2018-08-05,electronics,3,354.09000000000003
2018-08-05,fashion_bags_accessories,2,144.89
2018-08-05,fixed_telephony,1,16.99
2018-08-05,food,7,720.5799999999999
2018-08-05,food_drink,1,29.99
2018-08-05,furniture_decor,15,1354.59
2018-08-05,furniture_living_room,2,173.99
2018-08-05,garden_tools,2,99.81
2018-08-05,health_beauty,39,5105.049999999999
2018-08-05,home_appliances,2,129.9
2018-08-05,home_construction,10,1423.63
2018-08-05,housewares,26,2322.5200000000004
2018-08-05,kitchen_dining_laundry_garden_furniture,1,63.9
2018-08-05,luggage_accessories,1,84.9
2018-08-05,market_place,1,106.99
2018-08-05,music,1,99.9
2018-08-05,party_supplies,2,116.99
2018-08-05,perfumery,6,525.6
2018-08-05,pet_shop,11,1001.65
2018-08-05,small_appliances,2,318.0
2018-08-05,small_appliances_home_oven_and_coffee,1,90.0
2018-08-05,sports_leisure,14,1705.7200000000003
2018-08-05,stationery,8,654.1800000000001
2018-08-05,telephony,9,1892.64
2018-08-05,toys,7,959.48
2018-08-05,watches_gifts,26,3195.8000000000006
2018-08-06,agro_industry_and_commerce,2,473.9
2018-08-06,art,2,139.98
2018-08-06,audio,1,14.9
2018-08-06,auto,24,2991.7099999999996
2018-08-06,baby,12,795.0999999999999
2018-08-06,bed_bath_table,27,1892.1300000000006
2018-08-06,books_general_interest,1,65.9
2018-08-06,books_technical,2,72.45
2018-08-06,computers,2,1798.0
2018-08-06,computers_accessories,27,3185.7100000000005
2018-08-06,consoles_games,4,295.6
2018-08-06,construction_tools_construction,8,820.2300000000001
2018-08-06,construction_tools_lights,7,1185.5900000000001
2018-08-06,construction_tools_safety,1,146.99
2018-08-06,cool_stuff,6,794.6999999999999
2018-08-06,costruction_tools_garden,2,1494.8000000000002
2018-08-06,costruction_tools_tools,1,232.75
2018-08-06,drinks,1,120.0
2018-08-06,electronics,11,535.98
2018-08-06,fashion_bags_accessories,7,441.6
2018-08-06,food,5,386.74
2018-08-06,food_drink,6,330.0
2018-08-06,furniture_decor,27,2909.2700000000004
2018-08-06,furniture_living_room,1,49.99
2018-08-06,garden_tools,18,2043.2700000000007
2018-08-06,health_beauty,48,7928.759999999997
2018-08-06,home_construction,8,1056.93
2018-08-06,housewares,27,2702.21
2018-08-06,industry_commerce_and_business,3,339.8
2018-08-06,luggage_accessories,4,399.68999999999994
2018-08-06,musical_instruments,7,946.5999999999999
2018-08-06,office_furniture,7,1157.69
2018-08-06,perfumery,7,793.0
2018-08-06,pet_shop,9,868.7700000000001
2018-08-06,small_appliances,3,1491.8000000000002
2018-08-06,sports_leisure,18,1983.0800000000006
2018-08-06,stationery,7,494.69000000000005
2018-08-06,telephony,22,1972.05
2018-08-06,toys,19,2100.96
2018-08-06,watches_gifts,25,4825.320000000001
2018-08-07,air_conditioning,1,559.9
2018-08-07,art,1,55.0
2018-08-07,audio,2,143.9
2018-08-07,auto,27,3007.03
2018-08-07,baby,13,1142.9299999999998
2018-08-07,bed_bath_table,33,3061.770000000001
2018-08-07,books_general_interest,3,105.95
2018-08-07,books_imported,1,749.0
2018-08-07,books_technical,2,111.44
2018-08-07,christmas_supplies,1,19.83
2018-08-07,computers_accessories,28,2665.66
2018-08-07,construction_tools_construction,4,384.99
2018-08-07,construction_tools_lights,3,212.49
2018-08-07,construction_tools_safety,2,431.18
2018-08-07,cool_stuff,7,2026.69
2018-08-07,costruction_tools_garden,3,76.35
2018-08-07,drinks,1,119.9
2018-08-07,electronics,10,826.48
2018-08-07,fashio_female_clothing,1,34.99
2018-08-07,fashion_bags_accessories,3,276.69
2018-08-07,fashion_shoes,1,220.7
2018-08-07,fixed_telephony,1,109.8
2018-08-07,food,7,275.03000000000003
2018-08-07,food_drink,1,39.99
2018-08-07,furniture_decor,19,1069.2799999999997
2018-08-07,furniture_living_room,6,588.02
2018-08-07,garden_tools,6,289.38
2018-08-07,health_beauty,52,7657.4699999999975
2018-08-07,home_appliances,6,595.47
2018-08-07,home_construction,3,329.7
2018-08-07,housewares,41,4201.07
2018-08-07,luggage_accessories,4,352.05
2018-08-07,music,1,15.9
2018-08-07,musical_instruments,1,169.9
2018-08-07,office_furniture,4,625.56
2018-08-07,perfumery,14,1286.7900000000002
2018-08-07,pet_shop,9,980.99
2018-08-07,signaling_and_security,3,208.68
2018-08-07,sports_leisure,18,2088.6800000000003
2018-08-07,stationery,20,1893.6700000000003
2018-08-07,telephony,21,3352.55
2018-08-07,toys,9,817.67
2018-08-07,watches_gifts,20,3345.59
2018-08-08,air_conditioning,1,20.0
2018-08-08,art,1,97.5
2018-08-08,audio,1,14.9
2018-08-08,auto,25,3918.9100000000008
2018-08-08,baby,13,1064.09
2018-08-08,bed_bath_table,39,3168.6000000000004
2018-08-08,books_general_interest,3,189.89000000000001
2018-08-08,computers,1,650.0
2018-08-08,computers_accessories,15,2065.9600000000005
2018-08-08,consoles_games,2,150.0
2018-08-08,construction_tools_construction,7,1099.75
2018-08-08,construction_tools_lights,3,446.9
2018-08-08,cool_stuff,5,396.67999999999995
2018-08-08,drinks,2,68.0
2018-08-08,electronics,6,364.79
2018-08-08,fashion_bags_accessories,4,194.68
2018-08-08,fashion_male_clothing,1,52.9
2018-08-08,fixed_telephony,2,1137.8899999999999
2018-08-08,food,5,264.62
2018-08-08,furniture_bedroom,2,358.0
2018-08-08,furniture_decor,21,2683.09
2018-08-08,furniture_living_room,2,278.9
2018-08-08,garden_tools,10,3435.27
2018-08-08,health_beauty,39,3123.8
2018-08-08,home_appliances,6,336.59000000000003
2018-08-08,home_appliances_2,1,795.0
2018-08-08,home_confort,2,179.8
2018-08-08,home_construction,4,411.4
2018-08-08,housewares,29,2241.9600000000005
2018-08-08,industry_commerce_and_business,1,120.0
2018-08-08,kitchen_dining_laundry_garden_furniture,1,56.9
2018-08-08,luggage_accessories,10,864.5799999999999
2018-08-08,musical_instruments,3,148.70000000000002
2018-08-08,perfumery,9,1013.2499999999999
2018-08-08,pet_shop,9,1818.88
2018-08-08,small_appliances_home_oven_and_coffee,1,55.0
2018-08-08,sports_leisure,16,1031.36
2018-08-08,stationery,7,525.5899999999999
2018-08-08,telephony,19,2676.06
2018-08-08,toys,4,769.69
2018-08-08,watches_gifts,22,4133.6
2018-08-09,art,1,99.99
2018-08-09,audio,1,14.9
2018-08-09,auto,19,1975.4200000000003
2018-08-09,baby,8,398.84
2018-08-09,bed_bath_table,37,3733.769999999999
2018-08-09,books_technical,4,243.94
2018-08-09,christmas_supplies,1,35.0
2018-08-09,computers,1,730.0
2018-08-09,computers_accessories,24,3103.87
2018-08-09,consoles_games,3,363.88
2018-08-09,construction_tools_construction,4,408.29999999999995
2018-08-09,construction_tools_lights,2,58.9
2018-08-09,cool_stuff,9,977.17
2018-08-09,costruction_tools_garden,1,35.0
2018-08-09,drinks,2,70.49000000000001
2018-08-09,electronics,8,301.89
2018-08-09,fashion_bags_accessories,3,288.8
2018-08-09,fashion_underwear_beach,1,160.0
2018-08-09,food,3,361.9
2018-08-09,furniture_decor,21,2273.34
2018-08-09,furniture_living_room,1,169.9
2018-08-09,garden_tools,7,1048.54
2018-08-09,health_beauty,34,6793.9699999999975
2018-08-09,home_appliances,2,62.19
2018-08-09,home_appliances_2,1,170.0
2018-08-09,home_construction,3,419.85
2018-08-09,housewares,28,3681.49
2018-08-09,luggage_accessories,4,659.9
2018-08-09,musical_instruments,1,16.9
2018-08-09,party_supplies,1,231.2
2018-08-09,perfumery,9,1081.1799999999998
2018-08-09,pet_shop,5,492.29
2018-08-09,signaling_and_security,6,267.45
2018-08-09,small_appliances_home_oven_and_coffee,1,795.0
2018-08-09,sports_leisure,26,3190.0600000000004
2018-08-09,stationery,4,269.78999999999996
2018-08-09,telephony,10,719.71
2018-08-09,toys,7,687.87
2018-08-09,watches_gifts,14,3083.81
2018-08-10,agro_industry_and_commerce,2,359.8
2018-08-10,air_conditioning,1,229.0
2018-08-10,auto,18,1735.39
2018-08-10,baby,5,441.5899999999999
2018-08-10,bed_bath_table,21,1922.8300000000002
2018-08-10,books_general_interest,2,91.9
2018-08-10,books_technical,1,37.0
2018-08-10,computers,1,899.0
2018-08-10,computers_accessories,17,1747.88
2018-08-10,consoles_games,3,164.99
2018-08-10,construction_tools_construction,2,178.99
2018-08-10,construction_tools_lights,6,913.9
2018-08-10,construction_tools_safety,3,639.25
2018-08-10,cool_stuff,3,361.98
2018-08-10,diapers_and_hygiene,1,46.0
2018-08-10,drinks,1,65.49
2018-08-10,electronics,7,518.58
2018-08-10,fashion_bags_accessories,7,408.4
2018-08-10,fixed_telephony,1,178.9
2018-08-10,food,4,276.48
2018-08-10,furniture_bedroom,1,179.0
2018-08-10,furniture_decor,17,1623.5900000000001
2018-08-10,furniture_living_room,1,329.9
2018-08-10,garden_tools,2,445.99
2018-08-10,health_beauty,28,3689.5700000000006
2018-08-10,home_appliances,4,319.0
2018-08-10,home_appliances_2,1,2350.0
2018-08-10,home_confort,2,328.0
2018-08-10,home_construction,3,328.54
2018-08-10,housewares,17,1627.9899999999998
2018-08-10,musical_instruments,4,503.8
2018-08-10,office_furniture,2,439.8
2018-08-10,party_supplies,1,90.0
2018-08-10,perfumery,4,215.15
2018-08-10,pet_shop,8,779.61
2018-08-10,signaling_and_security,1,216.0
2018-08-10,small_appliances,2,314.98
2018-08-10,sports_leisure,21,2761.2200000000007
2018-08-10,stationery,5,459.69999999999993
2018-08-10,telephony,12,1569.15
2018-08-10,toys,4,553.77
2018-08-10,watches_gifts,15,2304.77
2018-08-11,audio,1,550.0
2018-08-11,auto,12,847.87
2018-08-11,baby,3,517.03
2018-08-11,bed_bath_table,24,2207.66
2018-08-11,books_general_interest,1,32.49
2018-08-11,books_technical,2,50.0
2018-08-11,computers,1,34.5
2018-08-11,computers_accessories,11,1028.51
2018-08-11,consoles_games,3,225.0
2018-08-11,construction_tools_construction,1,178.0
2018-08-11,construction_tools_lights,6,817.69
2018-08-11,cool_stuff,6,344.18
2018-08-11,drinks,1,19.45
2018-08-11,electronics,6,671.3699999999999
2018-08-11,fashion_bags_accessories,3,194.8
2018-08-11,fixed_telephony,2,287.9
2018-08-11,food,1,29.99
2018-08-11,furniture_decor,14,1031.15
2018-08-11,furniture_living_room,2,490.89
2018-08-11,garden_tools,3,732.9
2018-08-11,health_beauty,21,3847.5899999999997
2018-08-11,home_appliances,1,88.9
2018-08-11,home_confort,1,44.9
2018-08-11,home_construction,2,239.7
2018-08-11,housewares,16,966.31
2018-08-11,office_furniture,1,279.9
2018-08-11,party_supplies,1,149.9
2018-08-11,perfumery,5,562.5
2018-08-11,pet_shop,13,2027.7900000000004
2018-08-11,small_appliances,1,34.9
2018-08-11,sports_leisure,13,1350.4
2018-08-11,stationery,2,149.9
2018-08-11,telephony,12,1699.3799999999999
2018-08-11,toys,5,287.91
2018-08-11,watches_gifts,17,3864.6800000000003
2018-08-12,art,1,97.5
2018-08-12,auto,10,1478.63
2018-08-12,baby,7,528.6800000000001
2018-08-12,bed_bath_table,12,972.06
2018-08-12,books_general_interest,3,59.849999999999994
2018-08-12,christmas_supplies,1,295.0
2018-08-12,cine_photo,1,15.9
2018-08-12,computers_accessories,6,1017.6800000000001
2018-08-12,consoles_games,4,183.8
2018-08-12,construction_tools_construction,13,1520.6300000000003
2018-08-12,cool_stuff,3,313.9
2018-08-12,costruction_tools_garden,2,122.9
2018-08-12,electronics,3,409.8
2018-08-12,fashion_bags_accessories,4,264.69
2018-08-12,food,2,239.91
2018-08-12,food_drink,1,124.99
2018-08-12,furniture_decor,24,1895.4100000000003
2018-08-12,garden_tools,6,599.88
2018-08-12,health_beauty,31,6455.05
2018-08-12,housewares,13,1503.13
2018-08-12,luggage_accessories,2,318.9
2018-08-12,market_place,2,278.69
2018-08-12,music,2,68.71000000000001
2018-08-12,musical_instruments,2,225.8
2018-08-12,office_furniture,1,124.9
2018-08-12,perfumery,7,1093.67
2018-08-12,pet_shop,11,868.17
2018-08-12,small_appliances,3,160.9
2018-08-12,sports_leisure,14,972.2299999999999
2018-08-12,stationery,7,1047.8
2018-08-12,telephony,9,2715.79
2018-08-12,toys,4,615.88
2018-08-12,watches_gifts,8,2441.7000000000003
2018-08-13,audio,2,143.9
2018-08-13,auto,22,1601.34
2018-08-13,baby,6,418.73
2018-08-13,bed_bath_table,39,2898.94
2018-08-13,books_general_interest,4,130.65
2018-08-13,computers_accessories,14,1692.7000000000005
2018-08-13,consoles_games,3,257.0
2018-08-13,construction_tools_construction,8,182.95999999999998
2018-08-13,construction_tools_lights,2,199.98
2018-08-13,construction_tools_safety,2,295.8
2018-08-13,cool_stuff,5,573.29
2018-08-13,costruction_tools_tools,2,147.9
2018-08-13,electronics,3,327.4
2018-08-13,fashion_bags_accessories,8,504.98
2018-08-13,fashion_shoes,1,29.9
2018-08-13,fixed_telephony,1,69.9
2018-08-13,food,4,175.63
2018-08-13,food_drink,1,12.99
2018-08-13,furniture_bedroom,2,664.0
2018-08-13,furniture_decor,17,3062.78
2018-08-13,garden_tools,8,473.4
2018-08-13,health_beauty,35,4575.49
2018-08-13,home_appliances,4,231.38
2018-08-13,home_confort,1,77.9
2018-08-13,home_construction,5,589.4499999999999
2018-08-13,housewares,28,6470.979999999996
2018-08-13,kitchen_dining_laundry_garden_furniture,1,369.0
2018-08-13,luggage_accessories,1,129.9
2018-08-13,market_place,1,143.8
2018-08-13,musical_instruments,2,199.4
2018-08-13,office_furniture,1,329.9
2018-08-13,perfumery,7,1155.95
2018-08-13,pet_shop,11,960.99
2018-08-13,signaling_and_security,1,105.0
2018-08-13,sports_leisure,25,2308.15
2018-08-13,stationery,5,342.79999999999995
2018-08-13,telephony,9,988.81
2018-08-13,toys,7,987.5699999999999
2018-08-13,watches_gifts,18,4291.59
2018-08-14,art,1,97.5
2018-08-14,auto,24,5054.550000000001
2018-08-14,baby,8,863.9999999999999
2018-08-14,bed_bath_table,31,3964.5899999999992
2018-08-14,books_general_interest,1,59.9
2018-08-14,books_technical,3,137.89
2018-08-14,cine_photo,1,128.0
2018-08-14,computers,1,1390.0
2018-08-14,computers_accessories,17,1841.2600000000002
2018-08-14,consoles_games,5,362.0
2018-08-14,construction_tools_construction,8,942.6700000000001
2018-08-14,construction_tools_lights,3,659.98
2018-08-14,construction_tools_safety,1,75.0
2018-08-14,cool_stuff,3,871.1999999999999
2018-08-14,costruction_tools_tools,1,59.9
2018-08-14,drinks,2,183.49
2018-08-14,electronics,5,455.08000000000004
2018-08-14,fashion_bags_accessories,5,588.69
2018-08-14,food,5,413.9
2018-08-14,furniture_decor,26,2832.77
2018-08-14,furniture_living_room,2,274.89
2018-08-14,garden_tools,8,653.78
2018-08-14,health_beauty,36,4463.219999999999
2018-08-14,home_appliances,5,443.58
2018-08-14,home_appliances_2,1,205.0
2018-08-14,home_confort,3,389.88
2018-08-14,home_construction,2,239.70000000000002
2018-08-14,housewares,33,3217.4400000000005
2018-08-14,kitchen_dining_laundry_garden_furniture,1,56.9
2018-08-14,luggage_accessories,2,232.4
2018-08-14,market_place,1,59.99
2018-08-14,musical_instruments,1,895.0
2018-08-14,party_supplies,2,239.9
2018-08-14,perfumery,5,310.13
2018-08-14,pet_shop,8,1739.8700000000001
2018-08-14,signaling_and_security,1,105.0
2018-08-14,small_appliances_home_oven_and_coffee,2,103.0
2018-08-14,sports_leisure,24,2104.65
2018-08-14,stationery,6,755.59
2018-08-14,telephony,12,1807.9399999999998
2018-08-14,toys,7,1218.09
2018-08-14,watches_gifts,24,3365.0400000000004
2018-08-15,arts_and_craftmanship,1,126.49
2018-08-15,audio,2,258.0
2018-08-15,auto,11,1016.9499999999999
2018-08-15,baby,4,2316.79
2018-08-15,bed_bath_table,30,2082.77
2018-08-15,christmas_supplies,1,35.0
2018-08-15,computers_accessories,14,2163.67
2018-08-15,consoles_games,6,583.8199999999999
2018-08-15,construction_tools_construction,18,1500.8900000000003
2018-08-15,construction_tools_lights,1,29.99
2018-08-15,construction_tools_safety,2,508.19
2018-08-15,cool_stuff,6,1467.1799999999998
2018-08-15,costruction_tools_garden,1,150.9
2018-08-15,costruction_tools_tools,1,12.5
2018-08-15,drinks,6,315.48
2018-08-15,electronics,3,483.78
2018-08-15,fashion_bags_accessories,5,482.78999999999996
2018-08-15,food,4,381.89
2018-08-15,furniture_decor,14,1625.69
2018-08-15,furniture_living_room,2,214.04000000000002
2018-08-15,garden_tools,6,695.88
2018-08-15,health_beauty,28,3837.51
2018-08-15,home_appliances,4,316.3
2018-08-15,home_appliances_2,1,399.9
2018-08-15,housewares,26,2564.53
2018-08-15,kitchen_dining_laundry_garden_furniture,3,123.4
2018-08-15,luggage_accessories,6,437.78999999999996
2018-08-15,music,1,299.0
2018-08-15,office_furniture,4,1169.7
2018-08-15,perfumery,15,2182.79
2018-08-15,pet_shop,11,1011.9200000000001
2018-08-15,signaling_and_security,1,170.9
2018-08-15,small_appliances,2,440.0
2018-08-15,small_appliances_home_oven_and_coffee,2,196.0
2018-08-15,sports_leisure,21,8697.589999999998
2018-08-15,stationery,14,1316.5
2018-08-15,telephony,7,1937.7800000000002
2018-08-15,toys,8,670.8199999999999
2018-08-15,watches_gifts,21,3106.0400000000004
2018-08-16,audio,2,258.0
2018-08-16,auto,21,3438.3300000000004
2018-08-16,baby,9,655.2299999999999
2018-08-16,bed_bath_table,37,3281.2099999999987
2018-08-16,books_technical,1,114.9
2018-08-16,christmas_supplies,1,8.99
2018-08-16,cine_photo,1,84.9
2018-08-16,computers_accessories,28,2106.2
2018-08-16,consoles_games,4,284.69
2018-08-16,construction_tools_construction,8,1350.1399999999999
2018-08-16,construction_tools_lights,1,320.0
2018-08-16,cool_stuff,7,521.99
2018-08-16,costruction_tools_garden,1,128.0
2018-08-16,diapers_and_hygiene,1,46.0
2018-08-16,electronics,6,197.18
2018-08-16,fashion_bags_accessories,6,456.70000000000005
2018-08-16,food,5,369.27
2018-08-16,food_drink,1,29.7
2018-08-16,furniture_bedroom,1,169.0
2018-08-16,furniture_decor,26,1340.6700000000003
2018-08-16,furniture_living_room,1,69.99
2018-08-16,garden_tools,4,197.70000000000002
2018-08-16,health_beauty,41,5450.83
2018-08-16,home_appliances,2,96.4
2018-08-16,home_appliances_2,2,599.9
2018-08-16,home_confort,1,229.0
2018-08-16,housewares,29,2108.7400000000002
2018-08-16,industry_commerce_and_business,2,254.99
2018-08-16,luggage_accessories,3,315.78999999999996
2018-08-16,market_place,1,49.9
2018-08-16,perfumery,6,556.69
2018-08-16,pet_shop,11,615.5699999999999
2018-08-16,sports_leisure,35,2982.8600000000015
2018-08-16,stationery,6,329.87
2018-08-16,telephony,11,1019.7800000000001
2018-08-16,toys,4,404.78999999999996
2018-08-16,watches_gifts,24,4595.67
2018-08-17,air_conditioning,4,939.9
2018-08-17,art,1,69.99
2018-08-17,arts_and_craftmanship,2,142.98
2018-08-17,auto,10,4381.27
2018-08-17,baby,9,687.29
2018-08-17,bed_bath_table,24,2171.8900000000003
2018-08-17,books_technical,2,50.0
2018-08-17,christmas_supplies,1,8.59
2018-08-17,computers_accessories,22,1536.0900000000006
2018-08-17,consoles_games,1,12.99
2018-08-17,construction_tools_construction,7,641.47
2018-08-17,construction_tools_lights,2,268.99
2018-08-17,construction_tools_safety,1,100.9
2018-08-17,cool_stuff,1,89.9
2018-08-17,costruction_tools_garden,1,28.45
2018-08-17,drinks,1,36.49
2018-08-17,electronics,3,48.89
2018-08-17,fashion_bags_accessories,4,292.79999999999995
2018-08-17,fashion_male_clothing,1,129.99
2018-08-17,food,11,666.31
2018-08-17,food_drink,1,44.06
2018-08-17,furniture_bedroom,1,159.0
2018-08-17,furniture_decor,17,1198.59
2018-08-17,garden_tools,8,1097.0
2018-08-17,health_beauty,41,4774.37
2018-08-17,home_appliances,3,106.38
2018-08-17,home_appliances_2,1,199.0
2018-08-17,home_construction,1,239.7
2018-08-17,housewares,24,1746.79
2018-08-17,kitchen_dining_laundry_garden_furniture,2,103.88
2018-08-17,luggage_accessories,4,364.87
2018-08-17,musical_instruments,1,94.8
2018-08-17,perfumery,7,962.96
2018-08-17,pet_shop,7,2029.88
2018-08-17,signaling_and_security,1,89.9
2018-08-17,small_appliances,2,289.9
2018-08-17,small_appliances_home_oven_and_coffee,1,200.0
2018-08-17,sports_leisure,18,1289.9000000000003
2018-08-17,stationery,8,603.9699999999999
2018-08-17,telephony,9,1148.27
2018-08-17,toys,7,607.5
2018-08-17,watches_gifts,7,1080.8899999999999
2018-08-18,agro_industry_and_commerce,1,23.9
2018-08-18,auto,10,752.9
2018-08-18,baby,3,247.3
2018-08-18,bed_bath_table,27,2489.56
2018-08-18,books_general_interest,1,25.0
2018-08-18,books_technical,1,88.99
2018-08-18,christmas_supplies,1,35.0
2018-08-18,cine_photo,1,84.9
2018-08-18,computers_accessories,12,851.78
2018-08-18,consoles_games,1,69.99
2018-08-18,construction_tools_construction,5,557.86
2018-08-18,construction_tools_lights,2,36.0
2018-08-18,construction_tools_safety,1,99.0
2018-08-18,cool_stuff,5,517.58
2018-08-18,costruction_tools_garden,1,144.9
2018-08-18,electronics,4,142.88
2018-08-18,fashion_bags_accessories,2,59.98
2018-08-18,food,3,230.19
2018-08-18,furniture_bedroom,1,140.0
2018-08-18,furniture_decor,12,1263.28
2018-08-18,furniture_living_room,1,119.9
2018-08-18,garden_tools,5,536.45
2018-08-18,health_beauty,20,3071.7099999999996
2018-08-18,home_appliances,2,212.51999999999998
2018-08-18,home_appliances_2,1,473.0
2018-08-18,housewares,16,1390.66
2018-08-18,luggage_accessories,1,179.0
2018-08-18,musical_instruments,2,834.89
2018-08-18,party_supplies,1,90.0
2018-08-18,perfumery,6,1024.59
2018-08-18,pet_shop,5,331.7
2018-08-18,small_appliances,2,1053.43
2018-08-18,small_appliances_home_oven_and_coffee,1,38.71
2018-08-18,sports_leisure,15,1340.87
2018-08-18,stationery,3,202.70000000000002
2018-08-18,telephony,5,1868.8600000000001
2018-08-18,toys,7,549.58
2018-08-18,watches_gifts,14,2752.14
2018-08-19,auto,5,1897.5900000000004
2018-08-19,baby,9,1061.1
2018-08-19,bed_bath_table,23,1772.1100000000001
2018-08-19,books_general_interest,1,44.9
2018-08-19,books_technical,1,37.91
2018-08-19,christmas_supplies,1,44.9
2018-08-19,computers_accessories,16,1137.6399999999999
2018-08-19,construction_tools_construction,4,2368.7
2018-08-19,construction_tools_lights,1,50.0
2018-08-19,construction_tools_safety,1,357.82
2018-08-19,cool_stuff,2,242.9
2018-08-19,costruction_tools_tools,2,186.46
2018-08-19,electronics,3,134.8
2018-08-19,fashion_bags_accessories,6,269.67
2018-08-19,fashion_sport,1,69.9
2018-08-19,food,6,485.4
2018-08-19,furniture_decor,12,1618.4
2018-08-19,furniture_living_room,3,223.98000000000002
2018-08-19,garden_tools,2,428.9
2018-08-19,health_beauty,34,5378.21
2018-08-19,home_appliances,5,222.01
2018-08-19,home_construction,2,36.7
2018-08-19,housewares,36,3157.4200000000005
2018-08-19,luggage_accessories,1,59.9
2018-08-19,music,1,14.3
2018-08-19,musical_instruments,2,119.8
2018-08-19,party_supplies,1,90.0
2018-08-19,perfumery,5,591.78
2018-08-19,pet_shop,5,758.97
2018-08-19,signaling_and_security,1,44.9
2018-08-19,small_appliances_home_oven_and_coffee,1,148.0
2018-08-19,sports_leisure,11,835.97
2018-08-19,stationery,3,299.0
2018-08-19,telephony,9,226.89000000000001
2018-08-19,toys,5,482.69
2018-08-19,watches_gifts,4,448.0
2018-08-20,agro_industry_and_commerce,3,551.11
2018-08-20,audio,1,127.0
2018-08-20,auto,18,1822.97
2018-08-20,baby,8,601.46
2018-08-20,bed_bath_table,25,2359.4700000000003
2018-08-20,books_general_interest,1,87.9
2018-08-20,books_technical,1,29.45
2018-08-20,cine_photo,2,233.89000000000001
2018-08-20,computers,3,1950.0
2018-08-20,computers_accessories,10,612.8299999999999
2018-08-20,consoles_games,1,119.99
2018-08-20,construction_tools_construction,12,1060.92
2018-08-20,construction_tools_lights,5,327.88
2018-08-20,construction_tools_safety,4,627.84
2018-08-20,cool_stuff,4,495.18999999999994
2018-08-20,costruction_tools_tools,1,23.4
2018-08-20,electronics,2,763.5
2018-08-20,fashion_bags_accessories,6,268.6
2018-08-20,food,11,652.9899999999999
2018-08-20,food_drink,1,29.98
2018-08-20,furniture_bedroom,1,169.0
2018-08-20,furniture_decor,20,1739.1
2018-08-20,furniture_living_room,3,499.97
2018-08-20,garden_tools,4,687.79
2018-08-20,health_beauty,34,4035.840000000001
2018-08-20,housewares,18,2312.92
2018-08-20,industry_commerce_and_business,2,1380.0
2018-08-20,luggage_accessories,3,437.0
2018-08-20,musical_instruments,2,189.8
2018-08-20,party_supplies,1,90.0
2018-08-20,perfumery,16,1682.6200000000003
2018-08-20,pet_shop,7,1056.39
2018-08-20,small_appliances,1,950.0
2018-08-20,small_appliances_home_oven_and_coffee,2,295.0
2018-08-20,sports_leisure,14,939.51
2018-08-20,stationery,6,554.03
2018-08-20,telephony,5,433.94000000000005
2018-08-20,toys,10,1237.43
2018-08-20,watches_gifts,12,1939.9
2018-08-21,air_conditioning,3,389.69999999999993
2018-08-21,arts_and_craftmanship,1,289.49
2018-08-21,auto,11,919.39
2018-08-21,baby,10,607.3699999999999
2018-08-21,bed_bath_table,28,2524.5200000000004
2018-08-21,books_general_interest,1,39.9
2018-08-21,books_technical,1,14.95
2018-08-21,computers,1,730.0
2018-08-21,computers_accessories,8,836.42
2018-08-21,consoles_games,3,180.99
2018-08-21,construction_tools_construction,4,600.87
2018-08-21,construction_tools_lights,2,148.0
2018-08-21,cool_stuff,5,625.3700000000001
2018-08-21,costruction_tools_tools,1,90.0
2018-08-21,electronics,3,331.21
2018-08-21,fashion_bags_accessories,5,269.8
2018-08-21,fashion_shoes,1,220.7
2018-08-21,food,4,329.96
2018-08-21,furniture_decor,16,1077.9899999999998
2018-08-21,garden_tools,3,308.66999999999996
2018-08-21,health_beauty,32,4725.63
2018-08-21,home_appliances,3,149.16
2018-08-21,housewares,22,1471.7400000000002
2018-08-21,industry_commerce_and_business,1,85.0
2018-08-21,luggage_accessories,1,104.6
2018-08-21,market_place,1,160.0
2018-08-21,musical_instruments,1,69.9
2018-08-21,perfumery,12,1411.7300000000002
2018-08-21,pet_shop,5,395.88
2018-08-21,signaling_and_security,1,57.9
2018-08-21,small_appliances,1,193.0
2018-08-21,sports_leisure,27,2887.8
2018-08-21,stationery,6,467.6
2018-08-21,telephony,14,1970.2200000000003
2018-08-21,toys,8,435.78999999999996
2018-08-21,watches_gifts,11,1152.81
2018-08-22,air_conditioning,1,20.0
2018-08-22,arts_and_craftmanship,1,238.0
2018-08-22,auto,11,690.4599999999999
2018-08-22,baby,5,367.70000000000005
2018-08-22,bed_bath_table,20,2015.7300000000005
2018-08-22,books_general_interest,1,19.9
2018-08-22,books_technical,1,19.9
2018-08-22,computers,1,530.0
2018-08-22,computers_accessories,9,687.9300000000001
2018-08-22,consoles_games,2,158.0
2018-08-22,construction_tools_construction,8,821.83
2018-08-22,construction_tools_safety,1,99.0
2018-08-22,cool_stuff,2,268.9
2018-08-22,costruction_tools_garden,1,72.9
2018-08-22,costruction_tools_tools,1,59.99
2018-08-22,drinks,1,34.0
2018-08-22,electronics,5,282.29
2018-08-22,fashio_female_clothing,2,94.98
2018-08-22,fashion_bags_accessories,4,146.8
2018-08-22,food,4,173.6
2018-08-22,food_drink,1,29.99
2018-08-22,furniture_decor,9,624.23
2018-08-22,garden_tools,6,299.59
2018-08-22,health_beauty,19,3167.54
2018-08-22,home_appliances,1,11.55
2018-08-22,home_construction,1,101.9
2018-08-22,housewares,29,1637.75
2018-08-22,luggage_accessories,1,49.99
2018-08-22,market_place,1,149.9
2018-08-22,musical_instruments,2,109.8
2018-08-22,perfumery,10,941.99
2018-08-22,pet_shop,11,945.76
2018-08-22,small_appliances,1,34.39
2018-08-22,small_appliances_home_oven_and_coffee,1,139.0
2018-08-22,sports_leisure,10,827.6
2018-08-22,stationery,8,816.5999999999999
2018-08-22,telephony,5,584.35
2018-08-22,toys,5,489.71999999999997
2018-08-22,watches_gifts,12,2470.6900000000005
2018-08-23,arts_and_craftmanship,1,11.9
2018-08-23,audio,6,89.4
2018-08-23,auto,8,798.97
2018-08-23,baby,4,287.78
2018-08-23,bed_bath_table,12,659.5
2018-08-23,books_general_interest,1,30.0
2018-08-23,books_technical,2,50.0
2018-08-23,computers_accessories,11,704.6800000000001
2018-08-23,consoles_games,2,128.89
2018-08-23,construction_tools_construction,3,2449.9799999999996
2018-08-23,construction_tools_lights,2,386.0
2018-08-23,cool_stuff,4,591.8
2018-08-23,dvds_blu_ray,1,8.9
2018-08-23,electronics,2,175.88
2018-08-23,fashion_bags_accessories,4,243.89
2018-08-23,food,2,243.31
2018-08-23,food_drink,4,206.03000000000003
2018-08-23,furniture_decor,6,414.5
2018-08-23,furniture_living_room,2,106.6
2018-08-23,garden_tools,1,142.0
2018-08-23,health_beauty,21,2831.3099999999995
2018-08-23,home_appliances,1,122.73
2018-08-23,home_appliances_2,1,170.0
2018-08-23,home_construction,1,548.06
2018-08-23,housewares,7,574.2
2018-08-23,kitchen_dining_laundry_garden_furniture,1,27.9
2018-08-23,luggage_accessories,3,215.74
2018-08-23,office_furniture,1,99.9
2018-08-23,party_supplies,1,60.0
2018-08-23,perfumery,8,721.99
2018-08-23,pet_shop,4,1112.8
2018-08-23,small_appliances_home_oven_and_coffee,1,27.72
2018-08-23,sports_leisure,14,1220.79
2018-08-23,stationery,4,360.78999999999996
2018-08-23,telephony,3,137.39000000000001
2018-08-23,toys,3,131.75
2018-08-23,watches_gifts,9,937.79
2018-08-24,agro_industry_and_commerce,1,32.0
2018-08-24,arts_and_craftmanship,1,49.9
2018-08-24,audio,1,138.9
2018-08-24,auto,3,433.49
2018-08-24,baby,2,164.89000000000001
2018-08-24,bed_bath_table,7,371.68
2018-08-24,books_general_interest,3,135.4
2018-08-24,computers_accessories,7,370.96000000000004
2018-08-24,consoles_games,1,79.0
2018-08-24,construction_tools_construction,5,544.87
2018-08-24,construction_tools_lights,1,320.0
2018-08-24,construction_tools_safety,1,65.0
2018-08-24,electronics,2,163.21
2018-08-24,fashion_bags_accessories,3,438.9
2018-08-24,food,6,459.65
2018-08-24,furniture_decor,4,361.89
2018-08-24,furniture_living_room,1,109.9
2018-08-24,health_beauty,12,823.9300000000001
2018-08-24,home_appliances,3,122.82
2018-08-24,home_confort,1,269.0
2018-08-24,housewares,18,1037.23
2018-08-24,kitchen_dining_laundry_garden_furniture,1,149.0
2018-08-24,perfumery,5,518.0
2018-08-24,pet_shop,1,51.9
2018-08-24,signaling_and_security,2,124.98
2018-08-24,sports_leisure,6,383.02
2018-08-24,telephony,3,144.4
2018-08-24,toys,3,326.79
2018-08-24,watches_gifts,11,1250.0
2018-08-25,agro_industry_and_commerce,1,439.99
2018-08-25,air_conditioning,1,99.0
2018-08-25,art,1,97.5
2018-08-25,auto,4,203.20000000000002
2018-08-25,baby,1,11.9
2018-08-25,bed_bath_table,8,1753.03
2018-08-25,cine_photo,2,31.8
2018-08-25,computers_accessories,6,189.67
2018-08-25,consoles_games,1,17.9
2018-08-25,construction_tools_construction,2,2379.5
2018-08-25,construction_tools_lights,1,30.0
2018-08-25,cool_stuff,3,223.29000000000002
2018-08-25,food,1,85.9
2018-08-25,furniture_bedroom,1,169.0
2018-08-25,furniture_decor,2,264.49
2018-08-25,garden_tools,4,179.69
2018-08-25,health_beauty,13,2138.15
2018-08-25,home_appliances,1,39.9
2018-08-25,housewares,5,699.69
2018-08-25,perfumery,5,350.19000000000005
2018-08-25,sports_leisure,2,169.89000000000001
2018-08-25,stationery,2,127.3
2018-08-25,telephony,2,37.98
2018-08-25,toys,3,470.9
2018-08-25,watches_gifts,3,389.55
2018-08-26,agro_industry_and_commerce,1,12.99
2018-08-26,audio,2,29.8
2018-08-26,auto,4,202.45999999999998
2018-08-26,baby,3,193.89000000000001
2018-08-26,bed_bath_table,4,98.77999999999999
2018-08-26,computers_accessories,7,468.6
2018-08-26,consoles_games,2,170.0
2018-08-26,construction_tools_construction,3,448.62
2018-08-26,cool_stuff,1,199.0
2018-08-26,diapers_and_hygiene,1,139.89
2018-08-26,drinks,1,8.49
2018-08-26,electronics,2,122.89
2018-08-26,food,2,171.8
2018-08-26,furniture_decor,3,253.9
2018-08-26,health_beauty,15,2863.32
2018-08-26,home_construction,1,20.9
2018-08-26,housewares,9,725.5
2018-08-26,industry_commerce_and_business,1,184.9
2018-08-26,kitchen_dining_laundry_garden_furniture,1,67.9
2018-08-26,luggage_accessories,1,139.9
2018-08-26,perfumery,2,245.99
2018-08-26,pet_shop,1,63.99
2018-08-26,sports_leisure,6,771.73
2018-08-26,stationery,3,151.59
2018-08-26,telephony,3,67.97999999999999
2018-08-26,watches_gifts,2,186.0
2018-08-27,art,1,97.5
2018-08-27,auto,4,343.38
2018-08-27,baby,2,98.89
2018-08-27,bed_bath_table,7,580.5
2018-08-27,books_general_interest,1,25.0
2018-08-27,computers_accessories,2,37.87
2018-08-27,consoles_games,1,85.0
2018-08-27,construction_tools_construction,1,24.99
2018-08-27,cool_stuff,2,122.28
2018-08-27,drinks,1,34.0
2018-08-27,food,4,182.24
2018-08-27,garden_tools,2,84.0
2018-08-27,health_beauty,6,661.4999999999999
2018-08-27,housewares,13,1004.1899999999999
2018-08-27,luggage_accessories,1,18.0
2018-08-27,perfumery,1,79.8
2018-08-27,sports_leisure,12,872.3
2018-08-27,stationery,1,61.9
2018-08-27,telephony,1,29.99
2018-08-27,toys,4,257.79
2018-08-27,watches_gifts,2,97.0
2018-08-28,audio,1,14.9
2018-08-28,auto,2,124.0
2018-08-28,baby,1,250.0
2018-08-28,bed_bath_table,5,485.78999999999996
2018-08-28,computers_accessories,3,283.89
2018-08-28,consoles_games,1,29.99
2018-08-28,construction_tools_lights,1,30.0
2018-08-28,cool_stuff,1,119.99
2018-08-28,costruction_tools_garden,2,79.98
2018-08-28,fashion_bags_accessories,2,99.8
2018-08-28,food,2,171.8
2018-08-28,furniture_decor,2,188.9
2018-08-28,health_beauty,7,469.80000000000007
2018-08-28,housewares,8,383.38999999999993
2018-08-28,office_furniture,1,712.9
2018-08-28,sports_leisure,3,136.29
2018-08-28,telephony,2,33.489999999999995
2018-08-28,watches_gifts,1,59.0
2018-08-29,computers_accessories,1,84.99
2018-08-29,food,1,109.9
2018-08-29,health_beauty,7,568.6500000000001
2018-08-29,kitchen_dining_laundry_garden_furniture,2,418.0
2018-08-29,party_supplies,1,24.9
2018-08-29,sports_leisure,1,6.9
2018-08-29,toys,1,63.9
2018-08-29,watches_gifts,2,268.8
